1001,9932.61577586333
1003,19081.4580192169
1005,7579.79037761688
1007,NA
1009,3385.71431487799
1011,NA
1013,NA
1015,6533.263027668
1017,NA
1019,25683.3636860053
1021,1000.00002384186
1023,711.111116409302
1025,871.428608894348
1027,NA
1029,NA
1031,17176.2292414904
1033,42167.5682206949
1035,5347.30900228024
1037,NA
1039,22268.2324171066
1041,NA
1043,3439.77364450693
1045,10421.9384779533
1047,16896.6732919216
1049,600
1051,17506.4653595289
1053,25362.4820212523
1055,4832.49993622303
1057,2527.53623326619
1059,NA
1061,23614.2368967334
1063,NA
1065,1445.45460939407
1067,22740.1736199856
1069,28101.036765178
1071,7722.77239114046
1073,NA
1075,NA
1077,39768.0915117264
1079,58689.883718888
1081,3117.7666592598
1083,101589.511559407
1085,4791.01549386978
1087,6994.44337189198
1089,89090.3173883756
1091,5501.19050145149
1093,2000.00004768372
1095,2300.00003576279
1097,13241.4579987526
1099,25825.088785092
1101,2813.88892531395
1103,2911.67641480764
1105,2237.83779144287
1107,2099.99996125698
1109,7672.86208371321
1111,NA
1113,NA
1115,NA
1117,6048.00801078479
1119,NA
1121,7336.87298595905
1123,1699.99995231628
1125,6197.08666801453
1127,NA
1129,NA
1131,2517.30768084526
1133,NA
4001,NA
4003,5297.9550075531
4005,NA
4007,NA
4009,53786.4078164101
4011,NA
4012,47698.7976193428
4013,151659.660851955
4015,10765.6718532244
4017,NA
4019,31383.2937618097
4021,290806.842223803
4023,NA
4025,NA
4027,65831.5763314565
5001,NA
5003,109916.474898656
5005,NA
5007,NA
5009,NA
5011,NA
5013,NA
5015,NA
5017,65262.0634277662
5019,NA
5021,51409.6007208029
5023,NA
5025,NA
5027,NA
5029,NA
5031,199430.677906672
5033,NA
5035,68816.1697586377
5037,NA
5039,NA
5041,164154.913973808
5043,49294.7943111261
5045,NA
5047,NA
5049,NA
5051,NA
5053,NA
5055,29844.4156507651
5057,NA
5059,NA
5061,NA
5063,NA
5065,NA
5067,NA
5069,79060.7690413793
5071,NA
5073,NA
5075,NA
5077,117074.924369653
5079,73646.8451579412
5081,NA
5083,NA
5085,48589.0221854051
5087,NA
5089,NA
5091,NA
5093,395694.588200251
5095,27090.2003447215
5097,NA
5099,NA
5101,NA
5103,NA
5105,NA
5107,146571.232910951
5109,NA
5111,100805.93465964
5113,NA
5115,NA
5117,NA
5119,NA
5121,NA
5123,44687.0560924212
5125,NA
5127,NA
5129,NA
5131,NA
5133,NA
5135,NA
5137,NA
5139,NA
5141,NA
5143,NA
5145,NA
5147,12141.1864082019
5149,NA
6001,NA
6003,NA
6005,NA
6007,NA
6009,NA
6011,20853.0740062396
6013,NA
6015,NA
6017,NA
6019,497665.300075213
6021,5194.96031999588
6023,NA
6025,30019.9283957481
6027,NA
6029,306980.381099383
6031,276964.038666089
6033,NA
6035,NA
6037,NA
6039,57657.8344384829
6041,NA
6043,NA
6045,NA
6047,187208.207233747
6049,NA
6051,NA
6053,NA
6055,NA
6057,NA
6059,NA
6061,NA
6063,NA
6065,48184.4248135885
6067,NA
6069,NA
6071,2427.77777115504
6073,NA
6077,NA
6079,NA
6081,NA
6083,NA
6085,NA
6087,NA
6089,NA
6091,NA
6093,NA
6095,NA
6097,NA
6099,NA
6101,3865.55553277334
6103,NA
6107,178569.542042414
6109,NA
6111,NA
6113,9699.99980926514
6115,NA
8001,NA
8003,NA
8005,NA
8007,NA
8009,NA
8011,NA
8013,NA
8015,NA
8017,NA
8021,NA
8023,NA
8025,NA
8027,NA
8029,NA
8031,NA
8033,NA
8035,NA
8037,NA
8039,NA
8041,NA
8043,NA
8045,NA
8049,NA
8051,NA
8055,NA
8057,NA
8059,NA
8061,NA
8063,NA
8065,NA
8067,NA
8069,NA
8071,NA
8073,NA
8075,NA
8077,NA
8081,NA
8083,NA
8085,NA
8087,NA
8089,NA
8091,NA
8093,NA
8095,NA
8097,NA
8099,NA
8101,NA
8103,NA
8105,NA
8107,NA
8109,NA
8113,NA
8115,NA
8119,NA
8121,NA
8123,NA
8125,NA
9001,NA
9003,NA
9005,NA
9007,NA
9009,NA
9011,NA
9013,NA
9015,NA
10001,NA
10003,NA
10005,NA
12001,NA
12003,NA
12005,NA
12007,NA
12009,NA
12011,NA
12013,9009.88247791926
12015,NA
12017,NA
12019,NA
12021,NA
12023,NA
12027,NA
12029,NA
12031,NA
12033,15614.6146386862
12035,NA
12039,NA
12041,NA
12043,NA
12045,NA
12047,NA
12049,NA
12051,NA
12053,NA
12055,NA
12057,NA
12059,3613.36519221465
12061,NA
12063,39494.5728699366
12065,1269.07308697701
12067,NA
12069,NA
12071,NA
12073,NA
12075,NA
12077,NA
12079,NA
12081,NA
12083,NA
12085,NA
12089,NA
12091,5440.90577761332
12093,NA
12095,NA
12097,NA
12099,NA
12101,NA
12105,NA
12107,NA
12109,NA
12111,NA
12113,29283.9359253645
12115,NA
12117,NA
12119,NA
12121,NA
12123,NA
12125,NA
12127,NA
12129,NA
12131,5468.30845077833
12133,2123.68180056413
13001,43483.1674019496
13003,14686.8661145369
13005,18632.1989417076
13007,41369.805375735
13009,NA
13011,NA
13013,NA
13015,2599.99988079071
13017,14058.8991761208
13019,33896.7226763566
13021,NA
13023,20542.3083523909
13025,NA
13027,58526.3815462589
13029,NA
13031,42836.6696298122
13033,43659.5304340124
13035,NA
13037,37736.1397008101
13039,NA
13043,15913.1913950046
13045,NA
13047,NA
13049,NA
13051,NA
13053,NA
13055,NA
13057,NA
13059,NA
13061,11466.7547523975
13063,NA
13065,NA
13067,NA
13069,45409.5355550448
13071,103756.207227707
13073,NA
13075,30921.9863315423
13077,NA
13079,NA
13081,42936.2528075775
13083,NA
13085,NA
13087,63100.0386397044
13089,NA
13091,20292.7717785041
13093,105464.067073663
13095,16095.2383557955
13097,NA
13099,68408.2420527935
13101,NA
13103,3864.28573131561
13105,3113.51358890533
13107,22930.1510890325
13109,7182.78500795364
13111,NA
13113,NA
13115,NA
13117,NA
13119,NA
13121,NA
13123,NA
13125,1600.00007152557
13127,NA
13129,NA
13131,34323.3835120996
13133,NA
13135,NA
13137,NA
13139,NA
13141,NA
13143,NA
13145,NA
13147,NA
13149,NA
13151,NA
13153,14607.199583451
13155,42536.3489856323
13157,NA
13159,NA
13161,27856.6491186619
13163,18605.8034777641
13165,19335.9623432159
13167,2857.14292526245
13169,NA
13171,NA
13173,9007.8471159935
13175,7667.65741358201
13177,33320.7516650359
13179,NA
13181,NA
13183,NA
13185,13224.0830898285
13187,NA
13189,NA
13191,NA
13193,23383.0451726913
13195,NA
13197,999.999976158142
13199,NA
13201,57217.7095631758
13205,82462.0978792508
13207,NA
13209,3949.36677912871
13211,NA
13213,NA
13215,NA
13217,NA
13219,NA
13221,NA
13223,NA
13225,10418.6403274536
13227,NA
13229,16040.5776083469
13231,NA
13233,3410.52639484406
13235,38778.135017554
13237,NA
13239,NA
13243,20300.480000178
13245,NA
13247,NA
13249,NA
13251,24823.4528561433
13253,53331.7279378573
13255,NA
13257,NA
13259,5100.00014305115
13261,38017.9452776909
13263,NA
13265,NA
13267,10340.4456188281
13269,5177.15639074643
13271,9074.19088085493
13273,39540.1638329029
13275,46377.5775750478
13277,30263.3647441864
13279,7771.21219436328
13283,3946.47178053856
13285,NA
13287,31833.1939945618
13289,9337.37360239029
13291,NA
13293,NA
13295,NA
13297,NA
13299,5876.40141248703
13301,NA
13303,2496.11114362876
13305,11149.4390745958
13307,10460.7692718506
13309,3674.07406369845
13311,NA
13313,NA
13315,32351.1972328027
13317,NA
13319,NA
13321,75788.6715590954
16001,NA
16003,NA
16005,NA
16007,NA
16009,NA
16011,NA
16013,NA
16015,NA
16017,NA
16019,NA
16021,NA
16023,NA
16025,NA
16027,NA
16029,NA
16031,NA
16033,NA
16035,NA
16037,NA
16039,NA
16041,NA
16043,NA
16045,NA
16047,NA
16049,NA
16051,NA
16053,NA
16055,NA
16057,NA
16059,NA
16061,NA
16063,NA
16065,NA
16067,NA
16069,NA
16071,NA
16073,NA
16075,NA
16077,NA
16079,NA
16081,NA
16083,NA
16085,NA
16087,NA
17001,NA
17003,NA
17005,NA
17007,NA
17009,NA
17011,NA
17013,NA
17015,NA
17017,NA
17019,NA
17021,NA
17023,NA
17025,NA
17027,NA
17029,NA
17031,NA
17033,NA
17035,NA
17037,NA
17039,NA
17041,NA
17043,NA
17045,NA
17047,NA
17049,NA
17051,NA
17053,NA
17055,NA
17057,NA
17059,NA
17061,NA
17063,NA
17065,NA
17067,NA
17069,NA
17071,NA
17073,NA
17075,NA
17077,NA
17079,NA
17081,NA
17083,NA
17085,NA
17087,NA
17089,NA
17091,NA
17093,NA
17095,NA
17097,NA
17099,NA
17101,NA
17103,NA
17105,NA
17107,NA
17109,NA
17111,NA
17113,NA
17115,NA
17117,NA
17119,NA
17121,NA
17123,NA
17125,NA
17127,NA
17129,NA
17131,NA
17133,NA
17135,NA
17137,NA
17139,NA
17141,NA
17143,NA
17145,NA
17147,NA
17149,NA
17151,NA
17153,NA
17155,NA
17157,NA
17159,NA
17161,NA
17163,NA
17165,NA
17167,NA
17169,NA
17171,NA
17173,NA
17175,NA
17177,NA
17179,NA
17181,NA
17183,NA
17185,NA
17187,NA
17189,NA
17191,NA
17193,NA
17195,NA
17197,NA
17199,NA
17201,NA
17203,NA
18001,NA
18003,NA
18005,NA
18007,NA
18009,NA
18011,NA
18013,NA
18015,NA
18017,NA
18019,NA
18021,NA
18023,NA
18025,NA
18027,NA
18029,NA
18031,NA
18033,NA
18035,NA
18037,NA
18039,NA
18041,NA
18043,NA
18045,NA
18047,NA
18049,NA
18051,NA
18053,NA
18055,NA
18057,NA
18059,NA
18061,NA
18063,NA
18065,NA
18067,NA
18069,NA
18071,NA
18073,NA
18075,NA
18077,NA
18079,NA
18081,NA
18083,NA
18085,NA
18087,NA
18089,NA
18091,NA
18093,NA
18095,NA
18097,NA
18099,NA
18101,NA
18103,NA
18105,NA
18107,NA
18109,NA
18111,NA
18113,NA
18115,NA
18117,NA
18119,NA
18121,NA
18123,NA
18125,NA
18127,NA
18129,NA
18131,NA
18133,NA
18135,NA
18137,NA
18139,NA
18141,NA
18143,NA
18145,NA
18147,NA
18149,NA
18151,NA
18153,NA
18155,NA
18157,NA
18159,NA
18161,NA
18163,NA
18165,NA
18167,NA
18169,NA
18171,NA
18173,NA
18175,NA
18177,NA
18179,NA
18181,NA
18183,NA
19001,NA
19003,NA
19005,NA
19007,NA
19009,NA
19011,NA
19013,NA
19015,NA
19017,NA
19019,NA
19021,NA
19023,NA
19025,NA
19027,NA
19029,NA
19031,NA
19033,NA
19035,NA
19037,NA
19039,NA
19041,NA
19043,NA
19045,NA
19047,NA
19049,NA
19051,NA
19053,NA
19055,NA
19057,NA
19059,NA
19061,NA
19063,NA
19065,NA
19067,NA
19069,NA
19071,NA
19073,NA
19075,NA
19077,NA
19079,NA
19081,NA
19083,NA
19085,NA
19087,NA
19089,NA
19091,NA
19093,NA
19095,NA
19097,NA
19099,NA
19101,NA
19103,NA
19105,NA
19107,NA
19109,NA
19111,NA
19113,NA
19115,NA
19117,NA
19119,NA
19121,NA
19123,NA
19125,NA
19127,NA
19129,NA
19131,NA
19133,NA
19135,NA
19137,NA
19139,NA
19141,NA
19143,NA
19145,NA
19147,NA
19149,NA
19151,NA
19153,NA
19155,NA
19157,NA
19159,NA
19161,NA
19163,NA
19165,NA
19167,NA
19169,NA
19171,NA
19173,NA
19175,NA
19177,NA
19179,NA
19181,NA
19183,NA
19185,NA
19187,NA
19189,NA
19191,NA
19193,NA
19195,NA
19197,NA
20001,NA
20003,NA
20005,NA
20007,2449.99998807907
20009,NA
20011,NA
20013,NA
20015,NA
20017,NA
20019,NA
20021,NA
20023,NA
20025,NA
20027,NA
20029,NA
20031,NA
20033,NA
20035,9535.29400229454
20037,NA
20039,NA
20041,NA
20043,NA
20045,NA
20047,NA
20049,NA
20051,NA
20053,NA
20055,NA
20057,NA
20059,NA
20061,NA
20063,NA
20065,NA
20067,2802.98198858897
20069,5297.29747772217
20071,NA
20073,NA
20075,NA
20077,3047.26245701313
20079,1000
20081,12620.8888947964
20083,NA
20085,NA
20087,NA
20089,NA
20091,NA
20093,NA
20095,NA
20097,NA
20099,NA
20101,NA
20103,NA
20105,NA
20107,NA
20109,NA
20111,NA
20113,NA
20115,NA
20117,NA
20119,NA
20121,NA
20123,NA
20125,NA
20127,NA
20129,NA
20131,NA
20133,NA
20135,NA
20137,NA
20139,NA
20141,NA
20143,NA
20145,NA
20147,NA
20149,NA
20151,6560.67786514759
20153,NA
20155,NA
20157,NA
20159,NA
20161,NA
20163,NA
20165,NA
20167,NA
20169,NA
20171,NA
20173,1588.74996602535
20175,5419.35482025146
20177,NA
20179,NA
20181,NA
20183,NA
20185,NA
20187,NA
20189,7790.22118449211
20191,9551.25412046909
20193,NA
20195,NA
20197,NA
20199,NA
20201,NA
20203,NA
20205,NA
20207,NA
20209,NA
21001,NA
21003,NA
21005,NA
21007,NA
21009,NA
21011,NA
21013,NA
21015,NA
21017,NA
21019,NA
21021,NA
21023,NA
21027,NA
21029,NA
21031,NA
21033,NA
21035,NA
21037,NA
21039,NA
21041,NA
21043,NA
21045,NA
21047,NA
21049,NA
21051,NA
21053,NA
21055,NA
21057,NA
21059,NA
21061,NA
21063,NA
21065,NA
21067,NA
21069,NA
21073,NA
21075,NA
21077,NA
21079,NA
21081,NA
21083,NA
21085,NA
21087,NA
21089,NA
21091,NA
21093,NA
21095,NA
21097,NA
21099,NA
21101,NA
21103,NA
21105,NA
21107,NA
21109,NA
21111,NA
21113,NA
21117,NA
21121,NA
21123,NA
21125,NA
21127,NA
21129,NA
21135,NA
21137,NA
21139,NA
21141,NA
21143,NA
21145,NA
21147,NA
21149,NA
21151,NA
21153,NA
21155,NA
21157,NA
21159,NA
21161,NA
21163,NA
21165,NA
21167,NA
21169,NA
21171,NA
21173,NA
21175,NA
21177,NA
21179,NA
21181,NA
21183,NA
21185,NA
21187,NA
21189,NA
21191,NA
21195,NA
21197,NA
21199,NA
21201,NA
21203,NA
21205,NA
21207,NA
21209,NA
21211,NA
21213,NA
21215,NA
21217,NA
21219,NA
21221,NA
21223,NA
21225,NA
21227,NA
21229,NA
21231,NA
21233,NA
21235,NA
21237,NA
21239,NA
22001,NA
22003,NA
22005,NA
22007,NA
22009,26788.1507476171
22011,NA
22013,NA
22015,2301.09077692032
22017,29718.2633916537
22019,NA
22021,11733.033144474
22023,NA
22025,81057.9532265663
22027,NA
22029,61503.0721346537
22031,NA
22033,NA
22035,66368.1860864162
22037,NA
22039,1641.91732406616
22041,90521.5164800485
22043,4599.06251827876
22045,NA
22047,NA
22049,NA
22053,NA
22055,NA
22057,NA
22059,NA
22061,NA
22063,NA
22065,110303.769745429
22067,102601.494938135
22069,11226.6645570596
22071,NA
22073,22204.1214168072
22075,NA
22077,15431.5644532442
22079,31238.2110158602
22081,9443.83775234222
22083,61109.5240175724
22085,NA
22089,NA
22091,NA
22093,NA
22095,NA
22097,5560.25012632211
22099,NA
22101,NA
22103,NA
22105,NA
22107,151799.650212129
22109,NA
22111,NA
22113,NA
22115,NA
22117,NA
22119,NA
22121,NA
22123,26483.5211277008
22125,NA
22127,NA
23001,NA
23003,NA
23005,NA
23007,NA
23009,NA
23011,NA
23013,NA
23015,NA
23017,NA
23019,NA
23021,NA
23023,NA
23025,NA
23027,NA
23029,NA
23031,NA
24001,NA
24003,NA
24005,NA
24009,NA
24011,NA
24013,NA
24015,NA
24017,NA
24019,NA
24021,NA
24023,NA
24025,NA
24027,NA
24029,NA
24031,NA
24033,NA
24035,NA
24037,NA
24039,NA
24041,NA
24043,NA
24045,NA
24047,NA
25003,NA
25005,NA
25007,NA
25009,NA
25011,NA
25013,NA
25015,NA
25017,NA
25023,NA
25027,NA
26001,NA
26003,NA
26005,NA
26007,NA
26009,NA
26011,NA
26013,NA
26015,NA
26017,NA
26019,NA
26021,NA
26023,NA
26025,NA
26027,NA
26029,NA
26031,NA
26033,NA
26035,NA
26037,NA
26039,NA
26041,NA
26043,NA
26045,NA
26047,NA
26049,NA
26051,NA
26053,NA
26055,NA
26057,NA
26059,NA
26061,NA
26063,NA
26065,NA
26067,NA
26069,NA
26071,NA
26073,NA
26075,NA
26077,NA
26079,NA
26081,NA
26083,NA
26085,NA
26087,NA
26089,NA
26091,NA
26093,NA
26095,NA
26097,NA
26099,NA
26101,NA
26103,NA
26105,NA
26107,NA
26109,NA
26111,NA
26113,NA
26115,NA
26117,NA
26119,NA
26121,NA
26123,NA
26125,NA
26127,NA
26129,NA
26131,NA
26133,NA
26135,NA
26137,NA
26139,NA
26141,NA
26143,NA
26145,NA
26147,NA
26149,NA
26151,NA
26153,NA
26155,NA
26157,NA
26159,NA
26161,NA
26163,NA
26165,NA
27001,NA
27003,NA
27005,NA
27007,NA
27009,NA
27011,NA
27013,NA
27015,NA
27017,NA
27019,NA
27021,NA
27023,NA
27025,NA
27027,NA
27029,NA
27033,NA
27035,NA
27037,NA
27039,NA
27041,NA
27043,NA
27045,NA
27047,NA
27049,NA
27051,NA
27053,NA
27055,NA
27057,NA
27059,NA
27061,NA
27063,NA
27065,NA
27067,NA
27069,NA
27071,NA
27073,NA
27075,NA
27077,NA
27079,NA
27081,NA
27083,NA
27085,NA
27087,NA
27089,NA
27091,NA
27093,NA
27095,NA
27097,NA
27099,NA
27101,NA
27103,NA
27105,NA
27107,NA
27109,NA
27111,NA
27113,NA
27115,NA
27117,NA
27119,NA
27121,NA
27123,NA
27125,NA
27127,NA
27129,NA
27131,NA
27133,NA
27135,NA
27137,NA
27139,NA
27141,NA
27143,NA
27145,NA
27147,NA
27149,NA
27151,NA
27153,NA
27155,NA
27157,NA
27159,NA
27161,NA
27163,NA
27165,NA
27167,NA
27169,NA
27171,NA
27173,NA
28001,NA
28003,NA
28005,NA
28007,10280.9687356154
28009,2688.00001144409
28011,157367.774786552
28013,36316.3276195526
28015,30646.8606690566
28017,11573.9579757055
28019,NA
28021,NA
28023,NA
28025,NA
28027,228499.213316043
28029,NA
28031,NA
28033,11471.7950701714
28035,NA
28037,NA
28039,NA
28041,NA
28043,14044.0059026082
28045,NA
28047,NA
28049,17280.319772164
28051,100881.690464417
28053,126816.755048434
28055,36692.2401309013
28057,NA
28059,NA
28061,NA
28063,7911.03489995003
28065,NA
28067,NA
28069,NA
28071,7317.17029809952
28073,NA
28075,NA
28077,NA
28079,NA
28081,NA
28083,158172.25424846
28085,NA
28087,8466.42654836178
28089,22105.1091869672
28091,NA
28093,2190.47617912292
28095,17412.6507461071
28097,15455.6073625882
28099,NA
28101,NA
28103,15333.8552395503
28105,NA
28107,60470.4668899377
28109,NA
28111,NA
28113,NA
28115,NA
28117,NA
28119,60152.502733469
28121,7474.94453291098
28123,NA
28125,90680.6888520718
28127,NA
28129,NA
28131,NA
28133,123426.063962777
28135,90807.740732034
28137,17064.6091620127
28139,NA
28141,NA
28143,113170.107620955
28145,NA
28147,NA
28149,15930.3744375706
28151,176820.918053389
28153,NA
28155,22561.3679786523
28157,NA
28159,NA
28161,18141.6551808516
28163,157467.44718353
29001,NA
29003,NA
29005,NA
29007,NA
29009,NA
29011,NA
29013,NA
29015,NA
29017,NA
29019,NA
29021,NA
29023,NA
29025,NA
29027,NA
29029,NA
29031,NA
29033,NA
29035,NA
29037,NA
29039,NA
29041,NA
29043,NA
29045,NA
29047,NA
29049,NA
29051,NA
29053,NA
29055,NA
29057,NA
29059,NA
29061,NA
29063,NA
29065,NA
29067,NA
29069,251364.391589165
29071,NA
29073,NA
29075,NA
29077,NA
29079,NA
29081,NA
29083,NA
29085,NA
29087,NA
29089,NA
29091,NA
29093,NA
29095,NA
29097,NA
29099,NA
29101,NA
29103,NA
29105,NA
29107,NA
29109,NA
29111,NA
29113,NA
29115,NA
29117,NA
29119,NA
29121,NA
29123,NA
29125,NA
29127,NA
29129,NA
29131,NA
29133,NA
29135,NA
29137,NA
29139,NA
29141,NA
29143,183940.950838725
29145,NA
29147,NA
29149,NA
29151,NA
29153,NA
29155,145764.014522235
29157,NA
29159,NA
29161,NA
29163,NA
29165,NA
29167,NA
29169,NA
29171,NA
29173,NA
29175,NA
29177,NA
29179,NA
29181,NA
29183,NA
29185,NA
29186,NA
29187,NA
29189,NA
29195,NA
29197,NA
29199,NA
29201,18954.882923762
29203,NA
29205,NA
29207,94222.3402678967
29209,NA
29211,NA
29213,NA
29215,NA
29217,NA
29219,NA
29221,NA
29223,NA
29225,NA
29227,NA
29229,NA
30001,NA
30003,NA
30005,NA
30007,NA
30009,NA
30011,NA
30013,NA
30015,NA
30017,NA
30019,NA
30021,NA
30023,NA
30025,NA
30027,NA
30029,NA
30031,NA
30033,NA
30035,NA
30037,NA
30039,NA
30041,NA
30043,NA
30045,NA
30047,NA
30049,NA
30051,NA
30053,NA
30055,NA
30057,NA
30059,NA
30061,NA
30063,NA
30065,NA
30067,NA
30069,NA
30071,NA
30073,NA
30075,NA
30077,NA
30079,NA
30081,NA
30083,NA
30085,NA
30087,NA
30089,NA
30091,NA
30093,NA
30095,NA
30097,NA
30099,NA
30101,NA
30103,NA
30105,NA
30107,NA
30109,NA
30111,NA
31001,NA
31003,NA
31005,NA
31007,NA
31009,NA
31011,NA
31013,NA
31015,NA
31017,NA
31019,NA
31021,NA
31023,NA
31025,NA
31027,NA
31029,NA
31031,NA
31033,NA
31035,NA
31037,NA
31039,NA
31041,NA
31043,NA
31045,NA
31047,NA
31049,NA
31051,NA
31053,NA
31055,NA
31057,NA
31059,NA
31061,NA
31063,NA
31065,NA
31067,NA
31069,NA
31071,NA
31073,NA
31075,NA
31077,NA
31079,NA
31081,NA
31083,NA
31085,NA
31087,NA
31089,NA
31091,NA
31093,NA
31095,NA
31097,NA
31099,NA
31101,NA
31103,NA
31105,NA
31107,NA
31109,NA
31111,NA
31113,NA
31115,NA
31117,NA
31119,NA
31121,NA
31123,NA
31125,NA
31127,NA
31129,NA
31131,NA
31133,NA
31135,NA
31137,NA
31139,NA
31141,NA
31143,NA
31145,NA
31147,NA
31149,NA
31151,NA
31153,NA
31155,NA
31157,NA
31159,NA
31161,NA
31163,NA
31165,NA
31167,NA
31169,NA
31171,NA
31173,NA
31175,NA
31177,NA
31179,NA
31181,NA
31183,NA
31185,NA
32001,NA
32003,NA
32005,NA
32007,NA
32009,NA
32011,NA
32013,NA
32015,NA
32017,NA
32019,NA
32021,NA
32023,NA
32027,NA
32029,NA
32031,NA
32033,NA
32510,NA
33001,NA
33003,NA
33005,NA
33007,NA
33009,NA
33011,NA
33013,NA
33015,NA
33017,NA
33019,NA
34001,NA
34005,NA
34007,NA
34009,NA
34011,NA
34015,NA
34019,NA
34021,NA
34023,NA
34025,NA
34027,NA
34029,NA
34033,NA
34035,NA
34037,NA
34041,NA
35001,NA
35003,NA
35005,5293.88883709908
35006,NA
35007,NA
35009,8668.35444668929
35011,NA
35013,25314.1675233841
35015,11051.3638337453
35017,NA
35019,NA
35021,NA
35023,1124.99999403954
35025,25730.1886916161
35027,NA
35029,6402.77782082558
35031,NA
35033,NA
35035,NA
35037,2454.05607422193
35039,NA
35041,9163.61476878325
35043,NA
35045,NA
35047,NA
35049,NA
35051,200
35053,NA
35055,NA
35057,NA
35059,NA
35061,NA
36001,NA
36003,NA
36007,NA
36009,NA
36011,NA
36013,NA
36015,NA
36017,NA
36019,NA
36021,NA
36023,NA
36025,NA
36027,NA
36029,NA
36031,NA
36033,NA
36035,NA
36037,NA
36039,NA
36043,NA
36045,NA
36049,NA
36051,NA
36053,NA
36055,NA
36057,NA
36063,NA
36065,NA
36067,NA
36069,NA
36071,NA
36073,NA
36075,NA
36077,NA
36079,NA
36083,NA
36089,NA
36091,NA
36093,NA
36095,NA
36097,NA
36099,NA
36101,NA
36103,NA
36105,NA
36107,NA
36109,NA
36111,NA
36113,NA
36115,NA
36117,NA
36119,NA
36121,NA
36123,NA
37001,NA
37003,NA
37005,NA
37007,5790.83752830823
37009,NA
37011,NA
37013,44071.8687812487
37015,57455.8505316575
37017,13020.193006595
37019,949.999964237213
37021,NA
37023,NA
37025,596.875001788139
37027,NA
37029,1448.6904690663
37031,4530.00008821487
37033,NA
37035,NA
37037,548.333334922791
37039,NA
37041,30410.930711031
37043,NA
37045,3119.30538843075
37047,9847.97974626223
37049,29333.0919702848
37051,14712.0561430852
37053,686.363637447357
37057,960.277782877286
37059,NA
37061,31213.1590783596
37063,NA
37065,69777.3446649313
37067,NA
37069,454.166656732559
37071,NA
37073,25318.9669569333
37077,NA
37079,31371.4303582907
37081,NA
37083,87157.5936635335
37085,21234.5961133639
37087,NA
37089,NA
37091,24734.9692523479
37093,24593.1376765172
37095,28092.0717616876
37097,1505.45455565055
37101,24339.1070604324
37103,38793.3453440666
37105,3082.6388502121
37107,55554.4924338659
37109,NA
37111,NA
37115,NA
37117,66708.2856257757
37119,NA
37121,NA
37123,1519.44845596949
37125,587.500012665987
37127,27697.0346927643
37129,NA
37131,92329.8411985238
37133,11355.0757825375
37135,NA
37137,6769.07408038775
37139,6324.05227422714
37141,8671.20850086212
37143,33107.6464911302
37145,NA
37147,56874.0538358688
37149,NA
37151,NA
37153,4278.11504820983
37155,44442.6566958427
37157,NA
37159,1301.17245694002
37161,400.5000030001
37163,66643.2791004578
37165,19807.552014788
37167,16756.9934606552
37169,NA
37171,NA
37173,NA
37175,NA
37177,6397.32141296069
37179,9810.70855577787
37181,NA
37183,308.33332935969
37185,903.007284303506
37187,22235.7693831126
37189,NA
37191,43441.3908561071
37193,NA
37195,43203.7783920765
37197,NA
37199,NA
38001,NA
38003,NA
38005,NA
38007,NA
38009,NA
38011,NA
38013,NA
38015,NA
38017,NA
38019,NA
38021,NA
38023,NA
38025,NA
38027,NA
38029,NA
38031,NA
38033,NA
38035,NA
38037,NA
38039,NA
38041,NA
38043,NA
38045,NA
38047,NA
38049,NA
38051,NA
38053,NA
38055,NA
38057,NA
38059,NA
38061,NA
38063,NA
38065,NA
38067,NA
38069,NA
38071,NA
38073,NA
38075,NA
38077,NA
38079,NA
38081,NA
38083,NA
38085,NA
38087,NA
38089,NA
38091,NA
38093,NA
38095,NA
38097,NA
38099,NA
38101,NA
38103,NA
38105,NA
39001,NA
39003,NA
39005,NA
39007,NA
39009,NA
39011,NA
39013,NA
39015,NA
39017,NA
39019,NA
39021,NA
39023,NA
39025,NA
39027,NA
39029,NA
39031,NA
39033,NA
39035,NA
39037,NA
39039,NA
39041,NA
39043,NA
39045,NA
39047,NA
39049,NA
39051,NA
39053,NA
39055,NA
39057,NA
39059,NA
39061,NA
39063,NA
39065,NA
39067,NA
39069,NA
39071,NA
39073,NA
39075,NA
39077,NA
39079,NA
39081,NA
39083,NA
39085,NA
39087,NA
39089,NA
39091,NA
39093,NA
39095,NA
39097,NA
39099,NA
39101,NA
39103,NA
39105,NA
39107,NA
39109,NA
39111,NA
39113,NA
39115,NA
39117,NA
39119,NA
39121,NA
39123,NA
39125,NA
39127,NA
39129,NA
39131,NA
39133,NA
39135,NA
39137,NA
39139,NA
39141,NA
39143,NA
39145,NA
39147,NA
39149,NA
39151,NA
39153,NA
39155,NA
39157,NA
39159,NA
39161,NA
39163,NA
39165,NA
39167,NA
39169,NA
39171,NA
39173,NA
39175,NA
40001,NA
40003,700.773424406846
40005,NA
40007,NA
40009,3753.95625556509
40011,NA
40013,NA
40015,4767.24920074145
40017,1856.52174775799
40019,NA
40021,NA
40023,NA
40025,NA
40027,NA
40029,NA
40031,4154.61601912975
40033,1742.48878598213
40035,NA
40037,NA
40039,1327.90347238382
40041,NA
40043,NA
40045,NA
40047,NA
40049,370.000010728836
40051,461.640230814616
40053,2610.84893643856
40055,5827.93988486131
40057,22906.9946065545
40059,NA
40061,NA
40063,NA
40065,94278.7234783173
40067,NA
40069,NA
40071,4772.36979305744
40073,NA
40075,4289.65329962472
40077,NA
40079,NA
40081,NA
40083,NA
40085,NA
40087,NA
40089,1011.53846979141
40091,NA
40093,NA
40095,NA
40097,NA
40099,NA
40101,NA
40103,532.867650985718
40105,NA
40107,NA
40109,699.999976158142
40111,NA
40113,NA
40115,NA
40117,NA
40119,NA
40121,NA
40123,NA
40125,NA
40127,NA
40129,698.940483232339
40131,NA
40133,NA
40135,NA
40137,NA
40139,NA
40141,40976.792862018
40143,NA
40145,NA
40147,NA
40149,6418.40589443843
40151,796.442817648252
40153,NA
41001,NA
41003,NA
41005,NA
41007,NA
41009,NA
41011,NA
41013,NA
41015,NA
41017,NA
41019,NA
41021,NA
41023,NA
41025,NA
41027,NA
41029,NA
41031,NA
41033,NA
41035,NA
41037,NA
41039,NA
41041,NA
41043,NA
41045,NA
41047,NA
41049,NA
41051,NA
41053,NA
41055,NA
41057,NA
41059,NA
41061,NA
41063,NA
41065,NA
41067,NA
41069,NA
41071,NA
42001,NA
42003,NA
42005,NA
42007,NA
42009,NA
42011,NA
42013,NA
42015,NA
42017,NA
42019,NA
42021,NA
42023,NA
42025,NA
42027,NA
42029,NA
42031,NA
42033,NA
42035,NA
42037,NA
42039,NA
42041,NA
42043,NA
42045,NA
42047,NA
42049,NA
42051,NA
42053,NA
42055,NA
42057,NA
42059,NA
42061,NA
42063,NA
42065,NA
42067,NA
42069,NA
42071,NA
42073,NA
42075,NA
42077,NA
42079,NA
42081,NA
42083,NA
42085,NA
42087,NA
42089,NA
42091,NA
42093,NA
42095,NA
42097,NA
42099,NA
42101,NA
42103,NA
42105,NA
42107,NA
42109,NA
42111,NA
42113,NA
42115,NA
42117,NA
42119,NA
42121,NA
42123,NA
42125,NA
42127,NA
42129,NA
42131,NA
42133,NA
44001,NA
44003,NA
44005,NA
44007,NA
44009,NA
45001,450
45003,5600.31693081061
45005,3229.00564670563
45007,648.809534311295
45009,8630.65678278605
45011,6244.44386661053
45013,NA
45015,987.500017881393
45017,32790.9821073214
45019,NA
45021,NA
45023,2096.71050071716
45025,1188.00001978874
45027,6240.16358057658
45029,1471.5277771155
45031,46791.2190675735
45033,23197.4371492863
45035,8021.09955896934
45037,558.035718897978
45039,NA
45041,13265.4843002558
45043,1544.27274405956
45045,NA
45047,NA
45049,11438.6928459009
45051,2761.54756148656
45053,540.000021457672
45055,568.229163686434
45057,NA
45059,NA
45061,26268.5299098492
45063,2840.83334604899
45065,NA
45067,4596.79482877254
45069,41695.5527722836
45071,893.181821207205
45073,NA
45075,34388.6531203985
45077,NA
45079,2438.59951694806
45081,1358.20707182089
45083,NA
45085,9151.46317829688
45087,NA
45089,28291.1508485675
45091,3924.72832600276
46003,NA
46005,NA
46007,NA
46009,NA
46011,NA
46013,NA
46015,NA
46017,NA
46019,NA
46021,NA
46023,NA
46025,NA
46027,NA
46029,NA
46031,NA
46033,NA
46035,NA
46037,NA
46039,NA
46041,NA
46043,NA
46045,NA
46047,NA
46049,NA
46051,NA
46053,NA
46055,NA
46057,NA
46059,NA
46061,NA
46063,NA
46065,NA
46067,NA
46069,NA
46071,NA
46073,NA
46075,NA
46077,NA
46079,NA
46081,NA
46083,NA
46085,NA
46087,NA
46089,NA
46091,NA
46093,NA
46095,NA
46097,NA
46099,NA
46101,NA
46103,NA
46105,NA
46107,NA
46109,NA
46111,NA
46113,NA
46115,NA
46117,NA
46119,NA
46121,NA
46123,NA
46125,NA
46127,NA
46129,NA
46135,NA
46137,NA
47001,NA
47003,NA
47005,NA
47007,NA
47009,NA
47011,NA
47013,NA
47015,NA
47017,34240.6187077363
47019,NA
47021,NA
47023,3083.33327571551
47025,NA
47027,NA
47029,NA
47031,NA
47033,118567.885955175
47035,NA
47037,NA
47039,NA
47041,NA
47043,NA
47045,52594.9600815773
47047,70414.4106368224
47049,NA
47051,6691.28791888555
47053,55991.2360350291
47055,3338.59649300575
47057,NA
47059,NA
47061,NA
47063,NA
47065,NA
47067,NA
47069,30312.8833532333
47071,2623.48483403524
47073,NA
47075,173700.448749463
47077,4933.33331545194
47079,1000
47081,NA
47083,NA
47085,NA
47087,NA
47089,NA
47091,NA
47093,NA
47095,23908.0164333185
47097,70416.7030175527
47099,NA
47101,NA
47103,23125.2327362696
47105,NA
47107,NA
47109,6137.38739291827
47111,NA
47113,66214.1901810964
47115,NA
47117,NA
47119,NA
47121,NA
47123,NA
47125,NA
47127,NA
47129,NA
47131,5154.67376510302
47133,NA
47135,NA
47137,NA
47139,NA
47141,NA
47143,NA
47145,NA
47147,NA
47149,4557.87040392558
47151,NA
47153,NA
47155,NA
47157,35781.8552851677
47159,NA
47161,NA
47163,NA
47165,NA
47167,101643.97914211
47169,NA
47171,NA
47173,NA
47175,NA
47177,NA
47179,NA
47181,NA
47183,2124.9999910593
47185,NA
47187,NA
47189,NA
48001,1100.00005662441
48003,15345.224883159
48005,NA
48007,1800.00007152557
48009,NA
48011,1205.34089654684
48013,5927.90701985359
48015,3887.44323849678
48017,51108.7214743098
48019,NA
48021,NA
48023,4116.73128207525
48025,20206.7975868781
48027,3712.4243581295
48029,3866.66661103567
48031,NA
48033,13562.2484897574
48035,NA
48037,NA
48039,7915.56817491849
48041,16111.6065144539
48045,19081.555150946
48047,785.714304447174
48049,118.94193092982
48051,19935.3039503098
48053,NA
48055,3775.49643615882
48057,29236.7668847243
48059,NA
48061,46486.4620526632
48063,NA
48065,23491.1255379518
48067,NA
48069,119291.055637598
48071,NA
48073,NA
48075,30276.3866161307
48077,215.593788772821
48079,94525.1521100601
48081,440.598578900099
48083,2195.73481207093
48085,1737.70769119263
48087,41054.5360515515
48089,4066.7823155721
48091,NA
48093,NA
48095,15234.7009107471
48097,NA
48099,NA
48101,10206.4264494926
48107,178464.581735929
48109,2649.99993443489
48111,187.5
48113,NA
48115,171646.076013148
48117,30974.8582810163
48119,952.239426473776
48121,NA
48123,NA
48125,15128.5900602738
48127,3099.9999165535
48129,10217.3815071583
48131,404.615397751331
48133,NA
48135,NA
48137,NA
48139,27667.0735915502
48141,15178.2570004463
48143,NA
48145,4772.79389858246
48147,1008.33335518837
48149,NA
48151,41646.1048449079
48153,137142.040902376
48155,3119.11868924896
48157,61027.2521694501
48159,NA
48161,NA
48163,6325.00013709068
48165,233592.698098222
48167,NA
48169,30366.7819410563
48171,NA
48173,55411.3964259624
48175,1945.15155553818
48177,NA
48179,7542.21734628081
48181,2200.00004768372
48183,NA
48185,NA
48187,NA
48189,336739.118551215
48191,56897.1087393661
48193,NA
48195,9186.36410236359
48197,6334.10558203856
48199,NA
48201,NA
48203,NA
48205,3811.35927796364
48207,63252.5615016619
48209,1803.12501192093
48211,NA
48213,NA
48215,61270.808711648
48217,17957.9472750425
48219,197525.820031762
48221,NA
48223,NA
48225,2554.72759405772
48227,47078.5459237173
48229,13108.2259893417
48231,2253.11626593272
48233,4400.00009536743
48235,218.181824684143
48237,NA
48239,43383.9772373438
48241,NA
48245,NA
48247,NA
48249,12642.4381812414
48251,NA
48253,40425.7795973215
48255,2555.06970783075
48257,NA
48259,NA
48261,NA
48263,1823.84379853805
48265,NA
48267,NA
48269,1187.36425663034
48271,1999.99995231628
48273,36933.8602280617
48275,37475.1396944126
48277,1796.50071163972
48279,215187.431021531
48281,NA
48283,1545.45450210571
48285,NA
48287,NA
48289,NA
48291,NA
48293,2565.64976175626
48295,NA
48297,3606.26980861028
48299,NA
48303,240881.476355592
48305,208907.48718679
48307,2485.22639597456
48309,5978.74132196109
48311,NA
48313,NA
48315,NA
48317,61947.9343419274
48319,NA
48321,44598.4130481879
48323,NA
48325,17047.5480715434
48327,NA
48329,13136.3949249188
48331,10344.831987222
48333,NA
48335,32778.6944250266
48337,NA
48339,NA
48341,24294.8895454407
48343,NA
48345,13091.5065700809
48347,NA
48349,15569.5825288693
48351,NA
48353,30910.55016915
48355,161304.038836956
48357,7699.99984502792
48359,NA
48361,NA
48363,NA
48365,NA
48367,NA
48369,118418.964997431
48371,12728.8959920406
48373,NA
48375,1000
48377,NA
48379,NA
48381,1956.63053492705
48383,16060.8392218749
48385,NA
48387,4016.66662395
48389,5686.01062297821
48391,53355.152785778
48393,2299.99994039536
48395,33180.6338926156
48397,NA
48399,31528.8740528127
48401,NA
48403,NA
48405,NA
48407,NA
48409,193748.054673274
48411,NA
48413,3945.87010083099
48415,33287.2370538612
48417,1008.08328439792
48419,NA
48421,13282.5393438339
48423,NA
48425,NA
48427,3014.35084988674
48429,NA
48431,NA
48433,3164.89868238568
48435,NA
48437,81222.9008565346
48439,NA
48441,8737.4661312749
48445,194897.747844458
48447,1360.54370676478
48449,NA
48451,59909.8300615946
48453,2613.57205410798
48455,NA
48457,NA
48459,NA
48461,7726.10050489505
48463,20587.5988086065
48465,NA
48467,NA
48469,17262.6026501258
48471,1214.50549721718
48473,NA
48477,NA
48479,NA
48481,100884.905429681
48483,7256.37328028679
48485,4353.58982312803
48487,14505.8123275327
48489,69672.1258123716
48491,25163.010519743
48493,3811.87509894371
48497,NA
48499,NA
48501,86865.6931757927
48503,542.545296996832
48505,NA
48507,8647.58073290189
49001,NA
49003,NA
49005,NA
49007,NA
49009,NA
49011,NA
49013,NA
49015,NA
49017,NA
49019,NA
49021,NA
49023,NA
49025,NA
49027,NA
49029,NA
49031,NA
49033,NA
49035,NA
49037,NA
49039,NA
49041,NA
49043,NA
49045,NA
49047,NA
49049,NA
49051,NA
49053,NA
49055,NA
49057,NA
50001,NA
50003,NA
50005,NA
50007,NA
50009,NA
50011,NA
50013,NA
50015,NA
50017,NA
50019,NA
50021,NA
50023,NA
50025,NA
50027,NA
51001,1811.07209165891
51003,NA
51005,NA
51007,NA
51009,NA
51011,NA
51015,NA
51017,NA
51019,NA
51021,NA
51023,NA
51025,NA
51027,NA
51029,NA
51031,NA
51033,NA
51035,NA
51036,2046.93433384101
51037,NA
51041,NA
51043,NA
51045,NA
51047,NA
51049,NA
51051,NA
51053,3445.09300847848
51057,NA
51059,NA
51061,NA
51063,NA
51065,NA
51067,NA
51069,NA
51071,NA
51073,NA
51075,NA
51077,NA
51079,NA
51081,11649.0141886969
51083,NA
51085,NA
51087,NA
51089,NA
51091,NA
51093,24548.2313543558
51095,NA
51097,NA
51099,NA
51101,NA
51103,NA
51105,NA
51107,NA
51109,NA
51111,NA
51113,NA
51115,NA
51117,NA
51119,NA
51121,NA
51125,NA
51127,NA
51131,3411.82527691126
51133,NA
51135,NA
51137,NA
51139,NA
51141,NA
51143,NA
51145,NA
51147,NA
51149,NA
51153,NA
51155,NA
51157,NA
51159,NA
51161,NA
51163,NA
51165,NA
51167,NA
51169,NA
51171,NA
51173,NA
51175,58245.1593538125
51177,NA
51179,NA
51181,6455.64041127761
51183,10735.0701540709
51185,NA
51187,NA
51191,NA
51193,NA
51195,NA
51197,NA
51199,NA
51515,NA
51520,NA
51530,NA
51540,NA
51550,NA
51570,NA
51590,NA
51595,NA
51620,NA
51630,NA
51640,NA
51660,NA
51680,NA
51690,NA
51700,NA
51730,NA
51750,NA
51770,NA
51775,NA
51790,NA
51800,26875.9454945723
51810,NA
51820,NA
51830,NA
51840,NA
53001,NA
53003,NA
53005,NA
53007,NA
53009,NA
53011,NA
53013,NA
53015,NA
53017,NA
53019,NA
53021,NA
53023,NA
53025,NA
53027,NA
53029,NA
53031,NA
53033,NA
53035,NA
53037,NA
53039,NA
53041,NA
53043,NA
53045,NA
53047,NA
53049,NA
53051,NA
53053,NA
53055,NA
53057,NA
53059,NA
53061,NA
53063,NA
53065,NA
53067,NA
53069,NA
53071,NA
53073,NA
53075,NA
53077,NA
54001,NA
54003,NA
54005,NA
54007,NA
54009,NA
54011,NA
54013,NA
54015,NA
54017,NA
54019,NA
54021,NA
54023,NA
54025,NA
54027,NA
54029,NA
54031,NA
54033,NA
54035,NA
54037,NA
54039,NA
54041,NA
54043,NA
54045,NA
54047,NA
54049,NA
54051,NA
54053,NA
54055,NA
54057,NA
54061,NA
54063,NA
54065,NA
54067,NA
54069,NA
54071,NA
54073,NA
54075,NA
54077,NA
54079,NA
54081,NA
54083,NA
54085,NA
54087,NA
54089,NA
54091,NA
54093,NA
54095,NA
54097,NA
54099,NA
54101,NA
54103,NA
54105,NA
54107,NA
54109,NA
55001,NA
55003,NA
55005,NA
55007,NA
55009,NA
55011,NA
55013,NA
55015,NA
55017,NA
55019,NA
55021,NA
55023,NA
55025,NA
55027,NA
55029,NA
55031,NA
55033,NA
55035,NA
55037,NA
55039,NA
55041,NA
55043,NA
55045,NA
55047,NA
55049,NA
55051,NA
55053,NA
55055,NA
55057,NA
55059,NA
55061,NA
55063,NA
55065,NA
55067,NA
55069,NA
55071,NA
55073,NA
55075,NA
55077,NA
55078,NA
55079,NA
55081,NA
55083,NA
55085,NA
55087,NA
55089,NA
55091,NA
55093,NA
55095,NA
55097,NA
55099,NA
55101,NA
55103,NA
55105,NA
55107,NA
55109,NA
55111,NA
55113,NA
55115,NA
55117,NA
55119,NA
55121,NA
55123,NA
55125,NA
55127,NA
55129,NA
55131,NA
55133,NA
55135,NA
55137,NA
55139,NA
55141,NA
56001,NA
56003,NA
56005,NA
56007,NA
56009,NA
56011,NA
56013,NA
56015,NA
56017,NA
56019,NA
56021,NA
56023,NA
56025,NA
56027,NA
56029,NA
56031,NA
56033,NA
56035,NA
56037,NA
56039,NA
56041,NA
56043,NA
56045,NA
