1001,7933.33333333333
1003,15633.3333333333
1005,5580
1007,NA
1009,1987.5
1011,NA
1013,NA
1015,3560
1017,NA
1019,18616.6666666667
1021,1400
1023,900
1025,1350
1027,NA
1029,NA
1031,19850
1033,29500
1035,5533.33333333333
1037,NA
1039,16666.6666666667
1041,NA
1043,2250
1045,10500
1047,14050
1049,800
1051,12483.3333333333
1053,23600
1055,3416.66666666667
1057,2233.33333333333
1059,NA
1061,25266.6666666667
1063,NA
1065,1400
1067,21800
1069,28050
1071,5175
1073,NA
1075,NA
1077,26600
1079,41000
1081,2280
1083,68183.3333333333
1085,4025
1087,5608.33333333333
1089,51416.6666666667
1091,4150
1093,1400
1095,1675
1097,10120
1099,23433.3333333333
1101,2100
1103,2000
1105,3700
1107,2000
1109,8416.66666666667
1111,NA
1113,NA
1115,NA
1117,4500
1119,NA
1121,5612.5
1123,1200
1125,4220
1127,NA
1129,NA
1131,2900
1133,NA
4001,NA
4003,2740
4005,NA
4007,NA
4009,22566.6666666667
4011,NA
4012,17050
4013,57000
4015,4733.33333333333
4017,NA
4019,13433.3333333333
4021,103433.333333333
4023,NA
4025,NA
4027,24733.3333333333
5001,NA
5003,51766.6666666667
5005,NA
5007,NA
5009,NA
5011,NA
5013,NA
5015,NA
5017,32716.6666666667
5019,NA
5021,29800
5023,NA
5025,NA
5027,NA
5029,NA
5031,106883.333333333
5033,NA
5035,41200
5037,NA
5039,NA
5041,81116.6666666667
5043,24000
5045,NA
5047,NA
5049,NA
5051,NA
5053,NA
5055,18383.3333333333
5057,NA
5059,NA
5061,NA
5063,NA
5065,NA
5067,NA
5069,43783.3333333333
5071,NA
5073,NA
5075,NA
5077,62716.6666666667
5079,37066.6666666667
5081,NA
5083,NA
5085,23033.3333333333
5087,NA
5089,NA
5091,NA
5093,239350
5095,14983.3333333333
5097,NA
5099,NA
5101,NA
5103,NA
5105,NA
5107,86183.3333333333
5109,NA
5111,58233.3333333333
5113,NA
5115,NA
5117,NA
5119,NA
5121,NA
5123,20783.3333333333
5125,NA
5127,NA
5129,NA
5131,NA
5133,NA
5135,NA
5137,NA
5139,NA
5141,NA
5143,NA
5145,NA
5147,6516.66666666667
5149,NA
6001,NA
6003,NA
6005,NA
6007,NA
6009,NA
6011,7416.66666666667
6013,NA
6015,NA
6017,NA
6019,170466.666666667
6021,2183.33333333333
6023,NA
6025,9900
6027,NA
6029,108266.666666667
6031,102000
6033,NA
6035,NA
6037,NA
6039,21466.6666666667
6041,NA
6043,NA
6045,NA
6047,65666.6666666667
6049,NA
6051,NA
6053,NA
6055,NA
6057,NA
6059,NA
6061,NA
6063,NA
6065,15100
6067,NA
6069,NA
6071,900
6073,NA
6077,NA
6079,NA
6081,NA
6083,NA
6085,NA
6087,NA
6089,NA
6091,NA
6093,NA
6095,NA
6097,NA
6099,NA
6101,1566.66666666667
6103,NA
6107,63616.6666666667
6109,NA
6111,NA
6113,4166.66666666667
6115,NA
8001,NA
8003,NA
8005,NA
8007,NA
8009,NA
8011,NA
8013,NA
8015,NA
8017,NA
8021,NA
8023,NA
8025,NA
8027,NA
8029,NA
8031,NA
8033,NA
8035,NA
8037,NA
8039,NA
8041,NA
8043,NA
8045,NA
8049,NA
8051,NA
8055,NA
8057,NA
8059,NA
8061,NA
8063,NA
8065,NA
8067,NA
8069,NA
8071,NA
8073,NA
8075,NA
8077,NA
8081,NA
8083,NA
8085,NA
8087,NA
8089,NA
8091,NA
8093,NA
8095,NA
8097,NA
8099,NA
8101,NA
8103,NA
8105,NA
8107,NA
8109,NA
8113,NA
8115,NA
8119,NA
8121,NA
8123,NA
8125,NA
9001,NA
9003,NA
9005,NA
9007,NA
9009,NA
9011,NA
9013,NA
9015,NA
10001,NA
10003,NA
10005,NA
12001,NA
12003,NA
12005,NA
12007,NA
12009,NA
12011,NA
12013,8666.66666666667
12015,NA
12017,NA
12019,NA
12021,NA
12023,NA
12027,NA
12029,NA
12031,NA
12033,15066.6666666667
12035,NA
12039,NA
12041,NA
12043,NA
12045,NA
12047,NA
12049,NA
12051,NA
12053,NA
12055,NA
12057,NA
12059,3800
12061,NA
12063,36883.3333333333
12065,1316.66666666667
12067,NA
12069,NA
12071,NA
12073,NA
12075,NA
12077,NA
12079,NA
12081,NA
12083,NA
12085,NA
12089,NA
12091,5516.66666666667
12093,NA
12095,NA
12097,NA
12099,NA
12101,NA
12105,NA
12107,NA
12109,NA
12111,NA
12113,26600
12115,NA
12117,NA
12119,NA
12121,NA
12123,NA
12125,NA
12127,NA
12129,NA
12131,5250
12133,1883.33333333333
13001,32500
13003,10616.6666666667
13005,15016.6666666667
13007,23350
13009,NA
13011,NA
13013,NA
13015,1100
13017,11166.6666666667
13019,28400
13021,NA
13023,17783.3333333333
13025,NA
13027,41166.6666666667
13029,NA
13031,41250
13033,35933.3333333333
13035,NA
13037,21283.3333333333
13039,NA
13043,14850
13045,NA
13047,NA
13049,NA
13051,NA
13053,NA
13055,NA
13057,NA
13059,NA
13061,7650
13063,NA
13065,NA
13067,NA
13069,33950
13071,61883.3333333333
13073,NA
13075,19233.3333333333
13077,NA
13079,NA
13081,36233.3333333333
13083,NA
13085,NA
13087,35816.6666666667
13089,NA
13091,15666.6666666667
13093,77966.6666666667
13095,10100
13097,NA
13099,41333.3333333333
13101,NA
13103,2666.66666666667
13105,1850
13107,23166.6666666667
13109,4760
13111,NA
13113,NA
13115,NA
13117,NA
13119,NA
13121,NA
13123,NA
13125,1400
13127,NA
13129,NA
13131,20583.3333333333
13133,NA
13135,NA
13137,NA
13139,NA
13141,NA
13143,NA
13145,NA
13147,NA
13149,NA
13151,NA
13153,13816.6666666667
13155,31133.3333333333
13157,NA
13159,NA
13161,20650
13163,16116.6666666667
13165,16916.6666666667
13167,2100
13169,NA
13171,NA
13173,6900
13175,9716.66666666667
13177,25850
13179,NA
13181,NA
13183,NA
13185,9380
13187,NA
13189,NA
13191,NA
13193,22416.6666666667
13195,NA
13197,600
13199,NA
13201,33866.6666666667
13205,49650
13207,NA
13209,3566.66666666667
13211,NA
13213,NA
13215,NA
13217,NA
13219,NA
13221,NA
13223,NA
13225,5850
13227,NA
13229,15383.3333333333
13231,NA
13233,1900
13235,31616.6666666667
13237,NA
13239,NA
13243,12333.3333333333
13245,NA
13247,NA
13249,NA
13251,22783.3333333333
13253,29533.3333333333
13255,NA
13257,NA
13259,6000
13261,33150
13263,NA
13265,NA
13267,8066.66666666667
13269,5700
13271,7533.33333333333
13273,29033.3333333333
13275,34000
13277,21550
13279,6533.33333333333
13283,3233.33333333333
13285,NA
13287,25650
13289,6533.33333333333
13291,NA
13293,NA
13295,NA
13297,NA
13299,4720
13301,NA
13303,2766.66666666667
13305,9500
13307,6450
13309,3166.66666666667
13311,NA
13313,NA
13315,26383.3333333333
13317,NA
13319,NA
13321,51300
16001,NA
16003,NA
16005,NA
16007,NA
16009,NA
16011,NA
16013,NA
16015,NA
16017,NA
16019,NA
16021,NA
16023,NA
16025,NA
16027,NA
16029,NA
16031,NA
16033,NA
16035,NA
16037,NA
16039,NA
16041,NA
16043,NA
16045,NA
16047,NA
16049,NA
16051,NA
16053,NA
16055,NA
16057,NA
16059,NA
16061,NA
16063,NA
16065,NA
16067,NA
16069,NA
16071,NA
16073,NA
16075,NA
16077,NA
16079,NA
16081,NA
16083,NA
16085,NA
16087,NA
17001,NA
17003,NA
17005,NA
17007,NA
17009,NA
17011,NA
17013,NA
17015,NA
17017,NA
17019,NA
17021,NA
17023,NA
17025,NA
17027,NA
17029,NA
17031,NA
17033,NA
17035,NA
17037,NA
17039,NA
17041,NA
17043,NA
17045,NA
17047,NA
17049,NA
17051,NA
17053,NA
17055,NA
17057,NA
17059,NA
17061,NA
17063,NA
17065,NA
17067,NA
17069,NA
17071,NA
17073,NA
17075,NA
17077,NA
17079,NA
17081,NA
17083,NA
17085,NA
17087,NA
17089,NA
17091,NA
17093,NA
17095,NA
17097,NA
17099,NA
17101,NA
17103,NA
17105,NA
17107,NA
17109,NA
17111,NA
17113,NA
17115,NA
17117,NA
17119,NA
17121,NA
17123,NA
17125,NA
17127,NA
17129,NA
17131,NA
17133,NA
17135,NA
17137,NA
17139,NA
17141,NA
17143,NA
17145,NA
17147,NA
17149,NA
17151,NA
17153,NA
17155,NA
17157,NA
17159,NA
17161,NA
17163,NA
17165,NA
17167,NA
17169,NA
17171,NA
17173,NA
17175,NA
17177,NA
17179,NA
17181,NA
17183,NA
17185,NA
17187,NA
17189,NA
17191,NA
17193,NA
17195,NA
17197,NA
17199,NA
17201,NA
17203,NA
18001,NA
18003,NA
18005,NA
18007,NA
18009,NA
18011,NA
18013,NA
18015,NA
18017,NA
18019,NA
18021,NA
18023,NA
18025,NA
18027,NA
18029,NA
18031,NA
18033,NA
18035,NA
18037,NA
18039,NA
18041,NA
18043,NA
18045,NA
18047,NA
18049,NA
18051,NA
18053,NA
18055,NA
18057,NA
18059,NA
18061,NA
18063,NA
18065,NA
18067,NA
18069,NA
18071,NA
18073,NA
18075,NA
18077,NA
18079,NA
18081,NA
18083,NA
18085,NA
18087,NA
18089,NA
18091,NA
18093,NA
18095,NA
18097,NA
18099,NA
18101,NA
18103,NA
18105,NA
18107,NA
18109,NA
18111,NA
18113,NA
18115,NA
18117,NA
18119,NA
18121,NA
18123,NA
18125,NA
18127,NA
18129,NA
18131,NA
18133,NA
18135,NA
18137,NA
18139,NA
18141,NA
18143,NA
18145,NA
18147,NA
18149,NA
18151,NA
18153,NA
18155,NA
18157,NA
18159,NA
18161,NA
18163,NA
18165,NA
18167,NA
18169,NA
18171,NA
18173,NA
18175,NA
18177,NA
18179,NA
18181,NA
18183,NA
19001,NA
19003,NA
19005,NA
19007,NA
19009,NA
19011,NA
19013,NA
19015,NA
19017,NA
19019,NA
19021,NA
19023,NA
19025,NA
19027,NA
19029,NA
19031,NA
19033,NA
19035,NA
19037,NA
19039,NA
19041,NA
19043,NA
19045,NA
19047,NA
19049,NA
19051,NA
19053,NA
19055,NA
19057,NA
19059,NA
19061,NA
19063,NA
19065,NA
19067,NA
19069,NA
19071,NA
19073,NA
19075,NA
19077,NA
19079,NA
19081,NA
19083,NA
19085,NA
19087,NA
19089,NA
19091,NA
19093,NA
19095,NA
19097,NA
19099,NA
19101,NA
19103,NA
19105,NA
19107,NA
19109,NA
19111,NA
19113,NA
19115,NA
19117,NA
19119,NA
19121,NA
19123,NA
19125,NA
19127,NA
19129,NA
19131,NA
19133,NA
19135,NA
19137,NA
19139,NA
19141,NA
19143,NA
19145,NA
19147,NA
19149,NA
19151,NA
19153,NA
19155,NA
19157,NA
19159,NA
19161,NA
19163,NA
19165,NA
19167,NA
19169,NA
19171,NA
19173,NA
19175,NA
19177,NA
19179,NA
19181,NA
19183,NA
19185,NA
19187,NA
19189,NA
19191,NA
19193,NA
19195,NA
19197,NA
20001,NA
20003,NA
20005,NA
20007,2100
20009,NA
20011,NA
20013,NA
20015,NA
20017,NA
20019,NA
20021,NA
20023,NA
20025,NA
20027,NA
20029,NA
20031,NA
20033,NA
20035,9875
20037,NA
20039,NA
20041,NA
20043,NA
20045,NA
20047,NA
20049,NA
20051,NA
20053,NA
20055,NA
20057,NA
20059,NA
20061,NA
20063,NA
20065,NA
20067,3266.66666666667
20069,3700
20071,NA
20073,NA
20075,NA
20077,3300
20079,1000
20081,12950
20083,NA
20085,NA
20087,NA
20089,NA
20091,NA
20093,NA
20095,NA
20097,NA
20099,NA
20101,NA
20103,NA
20105,NA
20107,NA
20109,NA
20111,NA
20113,NA
20115,NA
20117,NA
20119,NA
20121,NA
20123,NA
20125,NA
20127,NA
20129,NA
20131,NA
20133,NA
20135,NA
20137,NA
20139,NA
20141,NA
20143,NA
20145,NA
20147,NA
20149,NA
20151,5650
20153,NA
20155,NA
20157,NA
20159,NA
20161,NA
20163,NA
20165,NA
20167,NA
20169,NA
20171,NA
20173,1825
20175,6200
20177,NA
20179,NA
20181,NA
20183,NA
20185,NA
20187,NA
20189,15766.6666666667
20191,10775
20193,NA
20195,NA
20197,NA
20199,NA
20201,NA
20203,NA
20205,NA
20207,NA
20209,NA
21001,NA
21003,NA
21005,NA
21007,NA
21009,NA
21011,NA
21013,NA
21015,NA
21017,NA
21019,NA
21021,NA
21023,NA
21027,NA
21029,NA
21031,NA
21033,NA
21035,NA
21037,NA
21039,NA
21041,NA
21043,NA
21045,NA
21047,NA
21049,NA
21051,NA
21053,NA
21055,NA
21057,NA
21059,NA
21061,NA
21063,NA
21065,NA
21067,NA
21069,NA
21073,NA
21075,NA
21077,NA
21079,NA
21081,NA
21083,NA
21085,NA
21087,NA
21089,NA
21091,NA
21093,NA
21095,NA
21097,NA
21099,NA
21101,NA
21103,NA
21105,NA
21107,NA
21109,NA
21111,NA
21113,NA
21117,NA
21121,NA
21123,NA
21125,NA
21127,NA
21129,NA
21135,NA
21137,NA
21139,NA
21141,NA
21143,NA
21145,NA
21147,NA
21149,NA
21151,NA
21153,NA
21155,NA
21157,NA
21159,NA
21161,NA
21163,NA
21165,NA
21167,NA
21169,NA
21171,NA
21173,NA
21175,NA
21177,NA
21179,NA
21181,NA
21183,NA
21185,NA
21187,NA
21189,NA
21191,NA
21195,NA
21197,NA
21199,NA
21201,NA
21203,NA
21205,NA
21207,NA
21209,NA
21211,NA
21213,NA
21215,NA
21217,NA
21219,NA
21221,NA
21223,NA
21225,NA
21227,NA
21229,NA
21231,NA
21233,NA
21235,NA
21237,NA
21239,NA
22001,NA
22003,NA
22005,NA
22007,NA
22009,20266.6666666667
22011,NA
22013,NA
22015,2025
22017,17816.6666666667
22019,NA
22021,10150
22023,NA
22025,50450
22027,NA
22029,42700
22031,NA
22033,NA
22035,37583.3333333333
22037,NA
22039,1650
22041,61750
22043,3866.66666666667
22045,NA
22047,NA
22049,NA
22053,NA
22055,NA
22057,NA
22059,NA
22061,NA
22063,NA
22065,69250
22067,75666.6666666667
22069,8650
22071,NA
22073,15766.6666666667
22075,NA
22077,11100
22079,19566.6666666667
22081,6640
22083,51166.6666666667
22085,NA
22089,NA
22091,NA
22093,NA
22095,NA
22097,4700
22099,NA
22101,NA
22103,NA
22105,NA
22107,89333.3333333333
22109,NA
22111,NA
22113,NA
22115,NA
22117,NA
22119,NA
22121,NA
22123,20583.3333333333
22125,NA
22127,NA
23001,NA
23003,NA
23005,NA
23007,NA
23009,NA
23011,NA
23013,NA
23015,NA
23017,NA
23019,NA
23021,NA
23023,NA
23025,NA
23027,NA
23029,NA
23031,NA
24001,NA
24003,NA
24005,NA
24009,NA
24011,NA
24013,NA
24015,NA
24017,NA
24019,NA
24021,NA
24023,NA
24025,NA
24027,NA
24029,NA
24031,NA
24033,NA
24035,NA
24037,NA
24039,NA
24041,NA
24043,NA
24045,NA
24047,NA
25003,NA
25005,NA
25007,NA
25009,NA
25011,NA
25013,NA
25015,NA
25017,NA
25023,NA
25027,NA
26001,NA
26003,NA
26005,NA
26007,NA
26009,NA
26011,NA
26013,NA
26015,NA
26017,NA
26019,NA
26021,NA
26023,NA
26025,NA
26027,NA
26029,NA
26031,NA
26033,NA
26035,NA
26037,NA
26039,NA
26041,NA
26043,NA
26045,NA
26047,NA
26049,NA
26051,NA
26053,NA
26055,NA
26057,NA
26059,NA
26061,NA
26063,NA
26065,NA
26067,NA
26069,NA
26071,NA
26073,NA
26075,NA
26077,NA
26079,NA
26081,NA
26083,NA
26085,NA
26087,NA
26089,NA
26091,NA
26093,NA
26095,NA
26097,NA
26099,NA
26101,NA
26103,NA
26105,NA
26107,NA
26109,NA
26111,NA
26113,NA
26115,NA
26117,NA
26119,NA
26121,NA
26123,NA
26125,NA
26127,NA
26129,NA
26131,NA
26133,NA
26135,NA
26137,NA
26139,NA
26141,NA
26143,NA
26145,NA
26147,NA
26149,NA
26151,NA
26153,NA
26155,NA
26157,NA
26159,NA
26161,NA
26163,NA
26165,NA
27001,NA
27003,NA
27005,NA
27007,NA
27009,NA
27011,NA
27013,NA
27015,NA
27017,NA
27019,NA
27021,NA
27023,NA
27025,NA
27027,NA
27029,NA
27033,NA
27035,NA
27037,NA
27039,NA
27041,NA
27043,NA
27045,NA
27047,NA
27049,NA
27051,NA
27053,NA
27055,NA
27057,NA
27059,NA
27061,NA
27063,NA
27065,NA
27067,NA
27069,NA
27071,NA
27073,NA
27075,NA
27077,NA
27079,NA
27081,NA
27083,NA
27085,NA
27087,NA
27089,NA
27091,NA
27093,NA
27095,NA
27097,NA
27099,NA
27101,NA
27103,NA
27105,NA
27107,NA
27109,NA
27111,NA
27113,NA
27115,NA
27117,NA
27119,NA
27121,NA
27123,NA
27125,NA
27127,NA
27129,NA
27131,NA
27133,NA
27135,NA
27137,NA
27139,NA
27141,NA
27143,NA
27145,NA
27147,NA
27149,NA
27151,NA
27153,NA
27155,NA
27157,NA
27159,NA
27161,NA
27163,NA
27165,NA
27167,NA
27169,NA
27171,NA
27173,NA
28001,NA
28003,NA
28005,NA
28007,6700
28009,2500
28011,86216.6666666667
28013,23450
28015,17816.6666666667
28017,9200
28019,NA
28021,NA
28023,NA
28025,NA
28027,128800
28029,NA
28031,NA
28033,7600
28035,NA
28037,NA
28039,NA
28041,NA
28043,9500
28045,NA
28047,NA
28049,11983.3333333333
28051,58433.3333333333
28053,72316.6666666667
28055,21566.6666666667
28057,NA
28059,NA
28061,NA
28063,5733.33333333333
28065,NA
28067,NA
28069,NA
28071,4925
28073,NA
28075,NA
28077,NA
28079,NA
28081,NA
28083,89050
28085,NA
28087,6325
28089,15350
28091,NA
28093,2100
28095,14400
28097,9266.66666666667
28099,NA
28101,NA
28103,9633.33333333333
28105,NA
28107,39566.6666666667
28109,NA
28111,NA
28113,NA
28115,NA
28117,NA
28119,38283.3333333333
28121,5566.66666666667
28123,NA
28125,51316.6666666667
28127,NA
28129,NA
28131,NA
28133,74366.6666666667
28135,56183.3333333333
28137,9733.33333333333
28139,NA
28141,NA
28143,68600
28145,NA
28147,NA
28149,10866.6666666667
28151,101316.666666667
28153,NA
28155,13800
28157,NA
28159,NA
28161,10483.3333333333
28163,94650
29001,NA
29003,NA
29005,NA
29007,NA
29009,NA
29011,NA
29013,NA
29015,NA
29017,NA
29019,NA
29021,NA
29023,NA
29025,NA
29027,NA
29029,NA
29031,NA
29033,NA
29035,NA
29037,NA
29039,NA
29041,NA
29043,NA
29045,NA
29047,NA
29049,NA
29051,NA
29053,NA
29055,NA
29057,NA
29059,NA
29061,NA
29063,NA
29065,NA
29067,NA
29069,149233.333333333
29071,NA
29073,NA
29075,NA
29077,NA
29079,NA
29081,NA
29083,NA
29085,NA
29087,NA
29089,NA
29091,NA
29093,NA
29095,NA
29097,NA
29099,NA
29101,NA
29103,NA
29105,NA
29107,NA
29109,NA
29111,NA
29113,NA
29115,NA
29117,NA
29119,NA
29121,NA
29123,NA
29125,NA
29127,NA
29129,NA
29131,NA
29133,NA
29135,NA
29137,NA
29139,NA
29141,NA
29143,101133.333333333
29145,NA
29147,NA
29149,NA
29151,NA
29153,NA
29155,91600
29157,NA
29159,NA
29161,NA
29163,NA
29165,NA
29167,NA
29169,NA
29171,NA
29173,NA
29175,NA
29177,NA
29179,NA
29181,NA
29183,NA
29185,NA
29186,NA
29187,NA
29189,NA
29195,NA
29197,NA
29199,NA
29201,10383.3333333333
29203,NA
29205,NA
29207,47900
29209,NA
29211,NA
29213,NA
29215,NA
29217,NA
29219,NA
29221,NA
29223,NA
29225,NA
29227,NA
29229,NA
30001,NA
30003,NA
30005,NA
30007,NA
30009,NA
30011,NA
30013,NA
30015,NA
30017,NA
30019,NA
30021,NA
30023,NA
30025,NA
30027,NA
30029,NA
30031,NA
30033,NA
30035,NA
30037,NA
30039,NA
30041,NA
30043,NA
30045,NA
30047,NA
30049,NA
30051,NA
30053,NA
30055,NA
30057,NA
30059,NA
30061,NA
30063,NA
30065,NA
30067,NA
30069,NA
30071,NA
30073,NA
30075,NA
30077,NA
30079,NA
30081,NA
30083,NA
30085,NA
30087,NA
30089,NA
30091,NA
30093,NA
30095,NA
30097,NA
30099,NA
30101,NA
30103,NA
30105,NA
30107,NA
30109,NA
30111,NA
31001,NA
31003,NA
31005,NA
31007,NA
31009,NA
31011,NA
31013,NA
31015,NA
31017,NA
31019,NA
31021,NA
31023,NA
31025,NA
31027,NA
31029,NA
31031,NA
31033,NA
31035,NA
31037,NA
31039,NA
31041,NA
31043,NA
31045,NA
31047,NA
31049,NA
31051,NA
31053,NA
31055,NA
31057,NA
31059,NA
31061,NA
31063,NA
31065,NA
31067,NA
31069,NA
31071,NA
31073,NA
31075,NA
31077,NA
31079,NA
31081,NA
31083,NA
31085,NA
31087,NA
31089,NA
31091,NA
31093,NA
31095,NA
31097,NA
31099,NA
31101,NA
31103,NA
31105,NA
31107,NA
31109,NA
31111,NA
31113,NA
31115,NA
31117,NA
31119,NA
31121,NA
31123,NA
31125,NA
31127,NA
31129,NA
31131,NA
31133,NA
31135,NA
31137,NA
31139,NA
31141,NA
31143,NA
31145,NA
31147,NA
31149,NA
31151,NA
31153,NA
31155,NA
31157,NA
31159,NA
31161,NA
31163,NA
31165,NA
31167,NA
31169,NA
31171,NA
31173,NA
31175,NA
31177,NA
31179,NA
31181,NA
31183,NA
31185,NA
32001,NA
32003,NA
32005,NA
32007,NA
32009,NA
32011,NA
32013,NA
32015,NA
32017,NA
32019,NA
32021,NA
32023,NA
32027,NA
32029,NA
32031,NA
32033,NA
32510,NA
33001,NA
33003,NA
33005,NA
33007,NA
33009,NA
33011,NA
33013,NA
33015,NA
33017,NA
33019,NA
34001,NA
34005,NA
34007,NA
34009,NA
34011,NA
34015,NA
34019,NA
34021,NA
34023,NA
34025,NA
34027,NA
34029,NA
34033,NA
34035,NA
34037,NA
34041,NA
35001,NA
35003,NA
35005,2683.33333333333
35006,NA
35007,NA
35009,7583.33333333333
35011,NA
35013,10100
35015,5900
35017,NA
35019,NA
35021,NA
35023,575
35025,19150
35027,NA
35029,3100
35031,NA
35033,NA
35035,NA
35037,3700
35039,NA
35041,11066.6666666667
35043,NA
35045,NA
35047,NA
35049,NA
35051,100
35053,NA
35055,NA
35057,NA
35059,NA
35061,NA
36001,NA
36003,NA
36007,NA
36009,NA
36011,NA
36013,NA
36015,NA
36017,NA
36019,NA
36021,NA
36023,NA
36025,NA
36027,NA
36029,NA
36031,NA
36033,NA
36035,NA
36037,NA
36039,NA
36043,NA
36045,NA
36049,NA
36051,NA
36053,NA
36055,NA
36057,NA
36063,NA
36065,NA
36067,NA
36069,NA
36071,NA
36073,NA
36075,NA
36077,NA
36079,NA
36083,NA
36089,NA
36091,NA
36093,NA
36095,NA
36097,NA
36099,NA
36101,NA
36103,NA
36105,NA
36107,NA
36109,NA
36111,NA
36113,NA
36115,NA
36117,NA
36119,NA
36121,NA
36123,NA
37001,NA
37003,NA
37005,NA
37007,3853.33333333333
37009,NA
37011,NA
37013,26266.6666666667
37015,37083.3333333333
37017,9975
37019,700
37021,NA
37023,NA
37025,376
37027,NA
37029,933.333333333333
37031,2540
37033,NA
37035,NA
37037,375
37039,NA
37041,19266.6666666667
37043,NA
37045,2498.33333333333
37047,7008.33333333333
37049,20016.6666666667
37051,11133.3333333333
37053,800
37057,625
37059,NA
37061,20933.3333333333
37063,NA
37065,51666.6666666667
37067,NA
37069,383.333333333333
37071,NA
37073,17000
37077,NA
37079,20766.6666666667
37081,NA
37083,61650
37085,16450
37087,NA
37089,NA
37091,16800
37093,18716.6666666667
37095,16233.3333333333
37097,912.5
37101,16583.3333333333
37103,27600
37105,2190
37107,36650
37109,NA
37111,NA
37115,NA
37117,45916.6666666667
37119,NA
37121,NA
37123,1030
37125,450
37127,20083.3333333333
37129,NA
37131,59333.3333333333
37133,7883.33333333333
37135,NA
37137,4250
37139,3891.66666666667
37141,6333.33333333333
37143,19933.3333333333
37145,NA
37147,39883.3333333333
37149,NA
37151,NA
37153,2856.66666666667
37155,32366.6666666667
37157,NA
37159,836.666666666667
37161,379.166666666667
37163,46750
37165,15716.6666666667
37167,9875
37169,NA
37171,NA
37173,NA
37175,NA
37177,3908.33333333333
37179,6681.66666666667
37181,NA
37183,266.666666666667
37185,780.833333333333
37187,14250
37189,NA
37191,28266.6666666667
37193,NA
37195,27833.3333333333
37197,NA
37199,NA
38001,NA
38003,NA
38005,NA
38007,NA
38009,NA
38011,NA
38013,NA
38015,NA
38017,NA
38019,NA
38021,NA
38023,NA
38025,NA
38027,NA
38029,NA
38031,NA
38033,NA
38035,NA
38037,NA
38039,NA
38041,NA
38043,NA
38045,NA
38047,NA
38049,NA
38051,NA
38053,NA
38055,NA
38057,NA
38059,NA
38061,NA
38063,NA
38065,NA
38067,NA
38069,NA
38071,NA
38073,NA
38075,NA
38077,NA
38079,NA
38081,NA
38083,NA
38085,NA
38087,NA
38089,NA
38091,NA
38093,NA
38095,NA
38097,NA
38099,NA
38101,NA
38103,NA
38105,NA
39001,NA
39003,NA
39005,NA
39007,NA
39009,NA
39011,NA
39013,NA
39015,NA
39017,NA
39019,NA
39021,NA
39023,NA
39025,NA
39027,NA
39029,NA
39031,NA
39033,NA
39035,NA
39037,NA
39039,NA
39041,NA
39043,NA
39045,NA
39047,NA
39049,NA
39051,NA
39053,NA
39055,NA
39057,NA
39059,NA
39061,NA
39063,NA
39065,NA
39067,NA
39069,NA
39071,NA
39073,NA
39075,NA
39077,NA
39079,NA
39081,NA
39083,NA
39085,NA
39087,NA
39089,NA
39091,NA
39093,NA
39095,NA
39097,NA
39099,NA
39101,NA
39103,NA
39105,NA
39107,NA
39109,NA
39111,NA
39113,NA
39115,NA
39117,NA
39119,NA
39121,NA
39123,NA
39125,NA
39127,NA
39129,NA
39131,NA
39133,NA
39135,NA
39137,NA
39139,NA
39141,NA
39143,NA
39145,NA
39147,NA
39149,NA
39151,NA
39153,NA
39155,NA
39157,NA
39159,NA
39161,NA
39163,NA
39165,NA
39167,NA
39169,NA
39171,NA
39173,NA
39175,NA
40001,NA
40003,1183.33333333333
40005,NA
40007,NA
40009,7566.66666666667
40011,NA
40013,NA
40015,4383.33333333333
40017,2400
40019,NA
40021,NA
40023,NA
40025,NA
40027,NA
40029,NA
40031,5300
40033,3160
40035,NA
40037,NA
40039,2016.66666666667
40041,NA
40043,NA
40045,NA
40047,NA
40049,600
40051,833.333333333333
40053,3633.33333333333
40055,5816.66666666667
40057,31700
40059,NA
40061,NA
40063,NA
40065,65083.3333333333
40067,NA
40069,NA
40071,7466.66666666667
40073,NA
40075,9016.66666666667
40077,NA
40079,NA
40081,NA
40083,NA
40085,NA
40087,NA
40089,1250
40091,NA
40093,NA
40095,NA
40097,NA
40099,NA
40101,NA
40103,1160
40105,NA
40107,NA
40109,600
40111,NA
40113,NA
40115,NA
40117,NA
40119,NA
40121,NA
40123,NA
40125,NA
40127,NA
40129,1500
40131,NA
40133,NA
40135,NA
40137,NA
40139,NA
40141,62250
40143,NA
40145,NA
40147,NA
40149,10883.3333333333
40151,2400
40153,NA
41001,NA
41003,NA
41005,NA
41007,NA
41009,NA
41011,NA
41013,NA
41015,NA
41017,NA
41019,NA
41021,NA
41023,NA
41025,NA
41027,NA
41029,NA
41031,NA
41033,NA
41035,NA
41037,NA
41039,NA
41041,NA
41043,NA
41045,NA
41047,NA
41049,NA
41051,NA
41053,NA
41055,NA
41057,NA
41059,NA
41061,NA
41063,NA
41065,NA
41067,NA
41069,NA
41071,NA
42001,NA
42003,NA
42005,NA
42007,NA
42009,NA
42011,NA
42013,NA
42015,NA
42017,NA
42019,NA
42021,NA
42023,NA
42025,NA
42027,NA
42029,NA
42031,NA
42033,NA
42035,NA
42037,NA
42039,NA
42041,NA
42043,NA
42045,NA
42047,NA
42049,NA
42051,NA
42053,NA
42055,NA
42057,NA
42059,NA
42061,NA
42063,NA
42065,NA
42067,NA
42069,NA
42071,NA
42073,NA
42075,NA
42077,NA
42079,NA
42081,NA
42083,NA
42085,NA
42087,NA
42089,NA
42091,NA
42093,NA
42095,NA
42097,NA
42099,NA
42101,NA
42103,NA
42105,NA
42107,NA
42109,NA
42111,NA
42113,NA
42115,NA
42117,NA
42119,NA
42121,NA
42123,NA
42125,NA
42127,NA
42129,NA
42131,NA
42133,NA
44001,NA
44003,NA
44005,NA
44007,NA
44009,NA
45001,300
45003,4400
45005,2466.66666666667
45007,583.333333333333
45009,6866.66666666667
45011,5483.33333333333
45013,NA
45015,950
45017,24283.3333333333
45019,NA
45021,NA
45023,1680
45025,860
45027,5616.66666666667
45029,1466.66666666667
45031,35616.6666666667
45033,17500
45035,7616.66666666667
45037,633.333333333333
45039,NA
45041,12633.3333333333
45043,1280
45045,NA
45047,NA
45049,8466.66666666667
45051,1783.33333333333
45053,500
45055,600
45057,NA
45059,NA
45061,22250
45063,2333.33333333333
45065,NA
45067,3816.66666666667
45069,30700
45071,916.666666666667
45073,NA
45075,26300
45077,NA
45079,2483.33333333333
45081,1100
45083,NA
45085,7016.66666666667
45087,NA
45089,23566.6666666667
45091,3283.33333333333
46003,NA
46005,NA
46007,NA
46009,NA
46011,NA
46013,NA
46015,NA
46017,NA
46019,NA
46021,NA
46023,NA
46025,NA
46027,NA
46029,NA
46031,NA
46033,NA
46035,NA
46037,NA
46039,NA
46041,NA
46043,NA
46045,NA
46047,NA
46049,NA
46051,NA
46053,NA
46055,NA
46057,NA
46059,NA
46061,NA
46063,NA
46065,NA
46067,NA
46069,NA
46071,NA
46073,NA
46075,NA
46077,NA
46079,NA
46081,NA
46083,NA
46085,NA
46087,NA
46089,NA
46091,NA
46093,NA
46095,NA
46097,NA
46099,NA
46101,NA
46103,NA
46105,NA
46107,NA
46109,NA
46111,NA
46113,NA
46115,NA
46117,NA
46119,NA
46121,NA
46123,NA
46125,NA
46127,NA
46129,NA
46135,NA
46137,NA
47001,NA
47003,NA
47005,NA
47007,NA
47009,NA
47011,NA
47013,NA
47015,NA
47017,17950
47019,NA
47021,NA
47023,1783.33333333333
47025,NA
47027,NA
47029,NA
47031,NA
47033,76416.6666666667
47035,NA
47037,NA
47039,NA
47041,NA
47043,NA
47045,36550
47047,47000
47049,NA
47051,4383.33333333333
47053,34750
47055,2050
47057,NA
47059,NA
47061,NA
47063,NA
47065,NA
47067,NA
47069,18066.6666666667
47071,1750
47073,NA
47075,114666.666666667
47077,3000
47079,500
47081,NA
47083,NA
47085,NA
47087,NA
47089,NA
47091,NA
47093,NA
47095,15083.3333333333
47097,52333.3333333333
47099,NA
47101,NA
47103,14500
47105,NA
47107,NA
47109,3700
47111,NA
47113,40233.3333333333
47115,NA
47117,NA
47119,NA
47121,NA
47123,NA
47125,NA
47127,NA
47129,NA
47131,3283.33333333333
47133,NA
47135,NA
47137,NA
47139,NA
47141,NA
47143,NA
47145,NA
47147,NA
47149,2916.66666666667
47151,NA
47153,NA
47155,NA
47157,25250
47159,NA
47161,NA
47163,NA
47165,NA
47167,63000
47169,NA
47171,NA
47173,NA
47175,NA
47177,NA
47179,NA
47181,NA
47183,1200
47185,NA
47187,NA
47189,NA
48001,1400
48003,23816.6666666667
48005,NA
48007,1500
48009,NA
48011,2225
48013,3250
48015,3533.33333333333
48017,87516.6666666667
48019,NA
48021,NA
48023,5283.33333333333
48025,16550
48027,3180
48029,1600
48031,NA
48033,21650
48035,NA
48037,NA
48039,6383.33333333333
48041,9416.66666666667
48045,40266.6666666667
48047,1400
48049,1933.33333333333
48051,11583.3333333333
48053,NA
48055,3716.66666666667
48057,27083.3333333333
48059,NA
48061,65800
48063,NA
48065,16866.6666666667
48067,NA
48069,82150
48071,NA
48073,NA
48075,41933.3333333333
48077,3500
48079,131550
48081,2900
48083,4750
48085,2120
48087,38750
48089,4933.33333333333
48091,NA
48093,NA
48095,28550
48097,NA
48099,NA
48101,19850
48107,220150
48109,1300
48111,1600
48113,NA
48115,297066.666666667
48117,46550
48119,1283.33333333333
48121,NA
48123,NA
48125,24016.6666666667
48127,1700
48129,12666.6666666667
48131,1400
48133,NA
48135,NA
48137,NA
48139,28483.3333333333
48141,6266.66666666667
48143,NA
48145,4720
48147,1200
48149,NA
48151,67933.3333333333
48153,187566.666666667
48155,12500
48157,52766.6666666667
48159,NA
48161,NA
48163,2875
48165,269333.333333333
48167,NA
48169,43533.3333333333
48171,NA
48173,86866.6666666667
48175,1833.33333333333
48177,NA
48179,9800
48181,1200
48183,NA
48185,NA
48187,NA
48189,270566.666666667
48191,80716.6666666667
48193,NA
48195,4400
48197,7316.66666666667
48199,NA
48201,NA
48203,NA
48205,7320
48207,93200
48209,1450
48211,NA
48213,NA
48215,67433.3333333333
48217,17216.6666666667
48219,255900
48221,NA
48223,NA
48225,2900
48227,122016.666666667
48229,6400
48231,3266.66666666667
48233,2400
48235,1100
48237,NA
48239,37450
48241,NA
48245,NA
48247,NA
48249,13000
48251,NA
48253,88183.3333333333
48255,2300
48257,NA
48259,NA
48261,NA
48263,3116.66666666667
48265,NA
48267,NA
48269,2516.66666666667
48271,1200
48273,39880
48275,31600
48277,2116.66666666667
48279,206500
48281,NA
48283,1100
48285,NA
48287,NA
48289,NA
48291,NA
48293,3083.33333333333
48295,NA
48297,3200
48299,NA
48303,269050
48305,298300
48307,6033.33333333333
48309,5283.33333333333
48311,NA
48313,NA
48315,NA
48317,151100
48319,NA
48321,33150
48323,NA
48325,7333.33333333333
48327,NA
48329,31400
48331,9050
48333,NA
48335,54216.6666666667
48337,NA
48339,NA
48341,12266.6666666667
48343,NA
48345,27616.6666666667
48347,NA
48349,16333.3333333333
48351,NA
48353,51816.6666666667
48355,134380
48357,4450
48359,NA
48361,NA
48363,NA
48365,NA
48367,NA
48369,85316.6666666667
48371,6716.66666666667
48373,NA
48375,1150
48377,NA
48379,NA
48381,3933.33333333333
48383,30200
48385,NA
48387,3700
48389,3916.66666666667
48391,42933.3333333333
48393,1300
48395,21233.3333333333
48397,NA
48399,60516.6666666667
48401,NA
48403,NA
48405,NA
48407,NA
48409,128700
48411,NA
48413,6833.33333333333
48415,56733.3333333333
48417,2000
48419,NA
48421,7000
48423,NA
48425,NA
48427,3333.33333333333
48429,NA
48431,NA
48433,6900
48435,NA
48437,86216.6666666667
48439,NA
48441,17366.6666666667
48445,255250
48447,2650
48449,NA
48451,85416.6666666667
48453,3300
48455,NA
48457,NA
48459,NA
48461,11966.6666666667
48463,10233.3333333333
48465,NA
48467,NA
48469,17750
48471,1360
48473,NA
48477,NA
48479,NA
48481,76550
48483,8366.66666666667
48485,12950
48487,28000
48489,86466.6666666667
48491,23283.3333333333
48493,1975
48497,NA
48499,NA
48501,133016.666666667
48503,1725
48505,NA
48507,4500
49001,NA
49003,NA
49005,NA
49007,NA
49009,NA
49011,NA
49013,NA
49015,NA
49017,NA
49019,NA
49021,NA
49023,NA
49025,NA
49027,NA
49029,NA
49031,NA
49033,NA
49035,NA
49037,NA
49039,NA
49041,NA
49043,NA
49045,NA
49047,NA
49049,NA
49051,NA
49053,NA
49055,NA
49057,NA
50001,NA
50003,NA
50005,NA
50007,NA
50009,NA
50011,NA
50013,NA
50015,NA
50017,NA
50019,NA
50021,NA
50023,NA
50025,NA
50027,NA
51001,1773.33333333333
51003,NA
51005,NA
51007,NA
51009,NA
51011,NA
51015,NA
51017,NA
51019,NA
51021,NA
51023,NA
51025,NA
51027,NA
51029,NA
51031,NA
51033,NA
51035,NA
51036,1398.33333333333
51037,NA
51041,NA
51043,NA
51045,NA
51047,NA
51049,NA
51051,NA
51053,2828.33333333333
51057,NA
51059,NA
51061,NA
51063,NA
51065,NA
51067,NA
51069,NA
51071,NA
51073,NA
51075,NA
51077,NA
51079,NA
51081,9533.33333333333
51083,NA
51085,NA
51087,NA
51089,NA
51091,NA
51093,16816.6666666667
51095,NA
51097,NA
51099,NA
51101,NA
51103,NA
51105,NA
51107,NA
51109,NA
51111,NA
51113,NA
51115,NA
51117,NA
51119,NA
51121,NA
51125,NA
51127,NA
51131,2446.25
51133,NA
51135,NA
51137,NA
51139,NA
51141,NA
51143,NA
51145,NA
51147,NA
51149,NA
51153,NA
51155,NA
51157,NA
51159,NA
51161,NA
51163,NA
51165,NA
51167,NA
51169,NA
51171,NA
51173,NA
51175,34516.6666666667
51177,NA
51179,NA
51181,4270
51183,6881.66666666667
51185,NA
51187,NA
51191,NA
51193,NA
51195,NA
51197,NA
51199,NA
51515,NA
51520,NA
51530,NA
51540,NA
51550,NA
51570,NA
51590,NA
51595,NA
51620,NA
51630,NA
51640,NA
51660,NA
51680,NA
51690,NA
51700,NA
51730,NA
51750,NA
51770,NA
51775,NA
51790,NA
51800,14733.3333333333
51810,NA
51820,NA
51830,NA
51840,NA
53001,NA
53003,NA
53005,NA
53007,NA
53009,NA
53011,NA
53013,NA
53015,NA
53017,NA
53019,NA
53021,NA
53023,NA
53025,NA
53027,NA
53029,NA
53031,NA
53033,NA
53035,NA
53037,NA
53039,NA
53041,NA
53043,NA
53045,NA
53047,NA
53049,NA
53051,NA
53053,NA
53055,NA
53057,NA
53059,NA
53061,NA
53063,NA
53065,NA
53067,NA
53069,NA
53071,NA
53073,NA
53075,NA
53077,NA
54001,NA
54003,NA
54005,NA
54007,NA
54009,NA
54011,NA
54013,NA
54015,NA
54017,NA
54019,NA
54021,NA
54023,NA
54025,NA
54027,NA
54029,NA
54031,NA
54033,NA
54035,NA
54037,NA
54039,NA
54041,NA
54043,NA
54045,NA
54047,NA
54049,NA
54051,NA
54053,NA
54055,NA
54057,NA
54061,NA
54063,NA
54065,NA
54067,NA
54069,NA
54071,NA
54073,NA
54075,NA
54077,NA
54079,NA
54081,NA
54083,NA
54085,NA
54087,NA
54089,NA
54091,NA
54093,NA
54095,NA
54097,NA
54099,NA
54101,NA
54103,NA
54105,NA
54107,NA
54109,NA
55001,NA
55003,NA
55005,NA
55007,NA
55009,NA
55011,NA
55013,NA
55015,NA
55017,NA
55019,NA
55021,NA
55023,NA
55025,NA
55027,NA
55029,NA
55031,NA
55033,NA
55035,NA
55037,NA
55039,NA
55041,NA
55043,NA
55045,NA
55047,NA
55049,NA
55051,NA
55053,NA
55055,NA
55057,NA
55059,NA
55061,NA
55063,NA
55065,NA
55067,NA
55069,NA
55071,NA
55073,NA
55075,NA
55077,NA
55078,NA
55079,NA
55081,NA
55083,NA
55085,NA
55087,NA
55089,NA
55091,NA
55093,NA
55095,NA
55097,NA
55099,NA
55101,NA
55103,NA
55105,NA
55107,NA
55109,NA
55111,NA
55113,NA
55115,NA
55117,NA
55119,NA
55121,NA
55123,NA
55125,NA
55127,NA
55129,NA
55131,NA
55133,NA
55135,NA
55137,NA
55139,NA
55141,NA
56001,NA
56003,NA
56005,NA
56007,NA
56009,NA
56011,NA
56013,NA
56015,NA
56017,NA
56019,NA
56021,NA
56023,NA
56025,NA
56027,NA
56029,NA
56031,NA
56033,NA
56035,NA
56037,NA
56039,NA
56041,NA
56043,NA
56045,NA
