1001,1.32860783239206
1003,1.26972644527753
1005,1.38304016590118
1007,NA
1009,1.68297633528709
1011,NA
1013,NA
1015,1.86529245376587
1017,NA
1019,1.39847452441851
1021,0.714285731315613
1023,0.888888895511627
1025,0.752747282385826
1027,NA
1029,NA
1031,0.902277906735738
1033,1.43139110008876
1035,1.06448885798454
1037,NA
1039,1.34850745399793
1041,NA
1043,1.62276214361191
1045,1.01510556042194
1047,1.25890761613846
1049,0.75
1051,1.43616147836049
1053,1.1949215233326
1055,1.50874319672585
1057,1.12741545836131
1059,NA
1061,1.00474080691735
1063,NA
1065,1.07486635446548
1067,1.06947530309359
1069,1.02766745289167
1071,1.42947691679001
1073,NA
1075,NA
1077,1.49688768386841
1079,1.43645610411962
1081,1.40477639436722
1083,1.50767817099889
1085,1.33428940176964
1087,1.291964362065
1089,1.7400571902593
1091,1.34175378084183
1093,1.42857146263123
1095,1.32539683580399
1097,1.35676429271698
1099,1.20789174238841
1101,1.27777779102325
1103,1.47164165973663
1105,0.621621608734131
1107,1.06015035510063
1109,1.0201270977656
1111,NA
1113,NA
1115,NA
1117,1.36780339479446
1119,NA
1121,1.38343906402588
1123,1.41666662693024
1125,1.52511262893677
1127,NA
1129,NA
1131,0.858173072338104
1133,NA
4001,NA
4003,2.02044909000397
4005,NA
4007,NA
4009,2.4189616839091
4011,NA
4012,2.8000819683075
4013,2.695507923762
4015,2.34207034111023
4017,NA
4019,2.41324863831202
4021,2.8383887608846
4023,NA
4025,NA
4027,2.69154898325602
5001,NA
5003,2.13352652390798
5005,NA
5007,NA
5009,NA
5011,NA
5013,NA
5015,NA
5017,2.03879062334696
5019,NA
5021,1.77502884467443
5023,NA
5025,NA
5027,NA
5029,NA
5031,1.89309825499852
5033,NA
5035,1.73850095272064
5037,NA
5039,NA
5041,2.06142497062683
5043,2.07243267695109
5045,NA
5047,NA
5049,NA
5051,NA
5053,NA
5055,1.68322241306305
5057,NA
5059,NA
5061,NA
5063,NA
5065,NA
5067,NA
5069,1.83189179499944
5071,NA
5073,NA
5075,NA
5077,1.87797872225444
5079,2.0045071442922
5081,NA
5083,NA
5085,2.13075945774714
5087,NA
5089,NA
5091,NA
5093,1.70201679070791
5095,1.85294977823893
5097,NA
5099,NA
5101,NA
5103,NA
5105,NA
5107,1.79670212666194
5109,NA
5111,1.77587556838989
5113,NA
5115,NA
5117,NA
5119,NA
5121,NA
5123,2.13596510887146
5125,NA
5127,NA
5129,NA
5131,NA
5133,NA
5135,NA
5137,NA
5139,NA
5141,NA
5143,NA
5145,NA
5147,1.83659360806147
5149,NA
6001,NA
6003,NA
6005,NA
6007,NA
6009,NA
6011,2.77127055327098
6013,NA
6015,NA
6017,NA
6019,2.91404624780019
6021,2.45600908994675
6023,NA
6025,3.09095656871796
6027,NA
6029,2.82465918858846
6031,2.73791988690694
6033,NA
6035,NA
6037,NA
6039,2.69965481758118
6041,NA
6043,NA
6045,NA
6047,2.87742304801941
6049,NA
6051,NA
6053,NA
6055,NA
6057,NA
6059,NA
6061,NA
6063,NA
6065,3.19301609198252
6067,NA
6069,NA
6071,2.70462961991628
6073,NA
6077,NA
6079,NA
6081,NA
6083,NA
6085,NA
6087,NA
6089,NA
6091,NA
6093,NA
6095,NA
6097,NA
6099,NA
6101,2.48532438278198
6103,NA
6107,2.84267222881317
6109,NA
6111,NA
6113,2.278431336085
6115,NA
8001,NA
8003,NA
8005,NA
8007,NA
8009,NA
8011,NA
8013,NA
8015,NA
8017,NA
8021,NA
8023,NA
8025,NA
8027,NA
8029,NA
8031,NA
8033,NA
8035,NA
8037,NA
8039,NA
8041,NA
8043,NA
8045,NA
8049,NA
8051,NA
8055,NA
8057,NA
8059,NA
8061,NA
8063,NA
8065,NA
8067,NA
8069,NA
8071,NA
8073,NA
8075,NA
8077,NA
8081,NA
8083,NA
8085,NA
8087,NA
8089,NA
8091,NA
8093,NA
8095,NA
8097,NA
8099,NA
8101,NA
8103,NA
8105,NA
8107,NA
8109,NA
8113,NA
8115,NA
8119,NA
8121,NA
8123,NA
8125,NA
9001,NA
9003,NA
9005,NA
9007,NA
9009,NA
9011,NA
9013,NA
9015,NA
10001,NA
10003,NA
10005,NA
12001,NA
12003,NA
12005,NA
12007,NA
12009,NA
12011,NA
12013,1.11809817949931
12015,NA
12017,NA
12019,NA
12021,NA
12023,NA
12027,NA
12029,NA
12031,NA
12033,1.15816733241081
12035,NA
12039,NA
12041,NA
12043,NA
12045,NA
12047,NA
12049,NA
12051,NA
12053,NA
12055,NA
12057,NA
12059,1.07468163967133
12061,NA
12063,1.13235221306483
12065,1.1305815577507
12067,NA
12069,NA
12071,NA
12073,NA
12075,NA
12077,NA
12079,NA
12081,NA
12083,NA
12085,NA
12089,NA
12091,1.12110066413879
12093,NA
12095,NA
12097,NA
12099,NA
12101,NA
12105,NA
12107,NA
12109,NA
12111,NA
12113,1.21299470464389
12115,NA
12117,NA
12119,NA
12121,NA
12123,NA
12125,NA
12127,NA
12129,NA
12131,1.12467125058174
12133,1.15104066332181
13001,1.37087188164393
13003,1.47558200359344
13005,1.2806648115317
13007,1.84347846110662
13009,NA
13011,NA
13013,NA
13015,2.36363625526428
13017,1.31486115852992
13019,1.21642229954402
13021,NA
13023,1.17161615689596
13025,NA
13027,1.46119546890259
13029,NA
13031,1.08930433789889
13033,1.29650228222211
13035,NA
13037,1.82666585842768
13039,NA
13043,1.08662804961205
13045,NA
13047,NA
13049,NA
13051,NA
13053,NA
13055,NA
13057,NA
13059,NA
13061,1.55431469281514
13063,NA
13065,NA
13067,NA
13069,1.39601002136866
13071,1.70101485649745
13073,NA
13075,1.66394491990407
13077,NA
13079,NA
13081,1.20632715026538
13083,NA
13085,NA
13087,1.80370891094208
13089,NA
13091,1.33232166369756
13093,1.36513914664586
13095,1.61518061161041
13097,NA
13099,1.71252187093099
13101,NA
13103,1.50768049558004
13105,1.72972977161407
13107,1.03898977239927
13109,1.55703892707825
13111,NA
13113,NA
13115,NA
13117,NA
13119,NA
13121,NA
13123,NA
13125,1.14285719394684
13127,NA
13129,NA
13131,1.69639833768209
13133,NA
13135,NA
13137,NA
13139,NA
13141,NA
13143,NA
13145,NA
13147,NA
13149,NA
13151,NA
13153,1.14280689756076
13155,1.38582023978233
13157,NA
13159,NA
13161,1.440065741539
13163,1.21552671988805
13165,1.21271219849586
13167,1.42857146263123
13169,NA
13171,NA
13173,1.34019479751587
13175,0.954782828688622
13177,1.38358941674232
13179,NA
13181,NA
13183,NA
13185,1.41916878223419
13187,NA
13189,NA
13191,NA
13193,1.14841839671135
13195,NA
13197,1.66666662693024
13199,NA
13201,1.72443674008052
13205,1.69266025225321
13207,NA
13209,1.18199244141579
13211,NA
13213,NA
13215,NA
13217,NA
13219,NA
13221,NA
13223,NA
13225,1.81359648704529
13227,NA
13229,1.07301976283391
13231,NA
13233,1.89473688602448
13235,1.25192346175512
13237,NA
13239,NA
13243,1.6901441415151
13245,NA
13247,NA
13249,NA
13251,1.15134941538175
13253,1.81496113538742
13255,NA
13257,NA
13259,0.850000023841858
13261,1.23049977421761
13263,NA
13265,NA
13267,1.33130150039991
13269,1.00386065244675
13271,1.27227079868317
13273,1.43574492136637
13275,1.38472690184911
13277,1.44732662041982
13279,1.22855965296427
13283,1.2588078379631
13285,NA
13287,1.27348682284355
13289,1.45007212956746
13291,NA
13293,NA
13295,NA
13297,NA
13299,1.3152496099472
13301,NA
13303,1.0962963004907
13305,1.22135076920191
13307,1.63449519872665
13309,1.1719576716423
13311,NA
13313,NA
13315,1.25939916570981
13317,NA
13319,NA
13321,1.49623364210129
16001,NA
16003,NA
16005,NA
16007,NA
16009,NA
16011,NA
16013,NA
16015,NA
16017,NA
16019,NA
16021,NA
16023,NA
16025,NA
16027,NA
16029,NA
16031,NA
16033,NA
16035,NA
16037,NA
16039,NA
16041,NA
16043,NA
16045,NA
16047,NA
16049,NA
16051,NA
16053,NA
16055,NA
16057,NA
16059,NA
16061,NA
16063,NA
16065,NA
16067,NA
16069,NA
16071,NA
16073,NA
16075,NA
16077,NA
16079,NA
16081,NA
16083,NA
16085,NA
16087,NA
17001,NA
17003,NA
17005,NA
17007,NA
17009,NA
17011,NA
17013,NA
17015,NA
17017,NA
17019,NA
17021,NA
17023,NA
17025,NA
17027,NA
17029,NA
17031,NA
17033,NA
17035,NA
17037,NA
17039,NA
17041,NA
17043,NA
17045,NA
17047,NA
17049,NA
17051,NA
17053,NA
17055,NA
17057,NA
17059,NA
17061,NA
17063,NA
17065,NA
17067,NA
17069,NA
17071,NA
17073,NA
17075,NA
17077,NA
17079,NA
17081,NA
17083,NA
17085,NA
17087,NA
17089,NA
17091,NA
17093,NA
17095,NA
17097,NA
17099,NA
17101,NA
17103,NA
17105,NA
17107,NA
17109,NA
17111,NA
17113,NA
17115,NA
17117,NA
17119,NA
17121,NA
17123,NA
17125,NA
17127,NA
17129,NA
17131,NA
17133,NA
17135,NA
17137,NA
17139,NA
17141,NA
17143,NA
17145,NA
17147,NA
17149,NA
17151,NA
17153,NA
17155,NA
17157,NA
17159,NA
17161,NA
17163,NA
17165,NA
17167,NA
17169,NA
17171,NA
17173,NA
17175,NA
17177,NA
17179,NA
17181,NA
17183,NA
17185,NA
17187,NA
17189,NA
17191,NA
17193,NA
17195,NA
17197,NA
17199,NA
17201,NA
17203,NA
18001,NA
18003,NA
18005,NA
18007,NA
18009,NA
18011,NA
18013,NA
18015,NA
18017,NA
18019,NA
18021,NA
18023,NA
18025,NA
18027,NA
18029,NA
18031,NA
18033,NA
18035,NA
18037,NA
18039,NA
18041,NA
18043,NA
18045,NA
18047,NA
18049,NA
18051,NA
18053,NA
18055,NA
18057,NA
18059,NA
18061,NA
18063,NA
18065,NA
18067,NA
18069,NA
18071,NA
18073,NA
18075,NA
18077,NA
18079,NA
18081,NA
18083,NA
18085,NA
18087,NA
18089,NA
18091,NA
18093,NA
18095,NA
18097,NA
18099,NA
18101,NA
18103,NA
18105,NA
18107,NA
18109,NA
18111,NA
18113,NA
18115,NA
18117,NA
18119,NA
18121,NA
18123,NA
18125,NA
18127,NA
18129,NA
18131,NA
18133,NA
18135,NA
18137,NA
18139,NA
18141,NA
18143,NA
18145,NA
18147,NA
18149,NA
18151,NA
18153,NA
18155,NA
18157,NA
18159,NA
18161,NA
18163,NA
18165,NA
18167,NA
18169,NA
18171,NA
18173,NA
18175,NA
18177,NA
18179,NA
18181,NA
18183,NA
19001,NA
19003,NA
19005,NA
19007,NA
19009,NA
19011,NA
19013,NA
19015,NA
19017,NA
19019,NA
19021,NA
19023,NA
19025,NA
19027,NA
19029,NA
19031,NA
19033,NA
19035,NA
19037,NA
19039,NA
19041,NA
19043,NA
19045,NA
19047,NA
19049,NA
19051,NA
19053,NA
19055,NA
19057,NA
19059,NA
19061,NA
19063,NA
19065,NA
19067,NA
19069,NA
19071,NA
19073,NA
19075,NA
19077,NA
19079,NA
19081,NA
19083,NA
19085,NA
19087,NA
19089,NA
19091,NA
19093,NA
19095,NA
19097,NA
19099,NA
19101,NA
19103,NA
19105,NA
19107,NA
19109,NA
19111,NA
19113,NA
19115,NA
19117,NA
19119,NA
19121,NA
19123,NA
19125,NA
19127,NA
19129,NA
19131,NA
19133,NA
19135,NA
19137,NA
19139,NA
19141,NA
19143,NA
19145,NA
19147,NA
19149,NA
19151,NA
19153,NA
19155,NA
19157,NA
19159,NA
19161,NA
19163,NA
19165,NA
19167,NA
19169,NA
19171,NA
19173,NA
19175,NA
19177,NA
19179,NA
19181,NA
19183,NA
19185,NA
19187,NA
19189,NA
19191,NA
19193,NA
19195,NA
19197,NA
20001,NA
20003,NA
20005,NA
20007,1.1875
20009,NA
20011,NA
20013,NA
20015,NA
20017,NA
20019,NA
20021,NA
20023,NA
20025,NA
20027,NA
20029,NA
20031,NA
20033,NA
20035,1.05431951582432
20037,NA
20039,NA
20041,NA
20043,NA
20045,NA
20047,NA
20049,NA
20051,NA
20053,NA
20055,NA
20057,NA
20059,NA
20061,NA
20063,NA
20065,NA
20067,1.11252252260844
20069,1.51351356506348
20071,NA
20073,NA
20075,NA
20077,0.969895467162132
20079,1
20081,1.16235290467739
20083,NA
20085,NA
20087,NA
20089,NA
20091,NA
20093,NA
20095,NA
20097,NA
20099,NA
20101,NA
20103,NA
20105,NA
20107,NA
20109,NA
20111,NA
20113,NA
20115,NA
20117,NA
20119,NA
20121,NA
20123,NA
20125,NA
20127,NA
20129,NA
20131,NA
20133,NA
20135,NA
20137,NA
20139,NA
20141,NA
20143,NA
20145,NA
20147,NA
20149,NA
20151,1.257060110569
20153,NA
20155,NA
20157,NA
20159,NA
20161,NA
20163,NA
20165,NA
20167,NA
20169,NA
20171,NA
20173,0.924999982118607
20175,1.12903225421906
20177,NA
20179,NA
20181,NA
20183,NA
20185,NA
20187,NA
20189,0.655531843503316
20191,0.976766139268875
20193,NA
20195,NA
20197,NA
20199,NA
20201,NA
20203,NA
20205,NA
20207,NA
20209,NA
21001,NA
21003,NA
21005,NA
21007,NA
21009,NA
21011,NA
21013,NA
21015,NA
21017,NA
21019,NA
21021,NA
21023,NA
21027,NA
21029,NA
21031,NA
21033,NA
21035,NA
21037,NA
21039,NA
21041,NA
21043,NA
21045,NA
21047,NA
21049,NA
21051,NA
21053,NA
21055,NA
21057,NA
21059,NA
21061,NA
21063,NA
21065,NA
21067,NA
21069,NA
21073,NA
21075,NA
21077,NA
21079,NA
21081,NA
21083,NA
21085,NA
21087,NA
21089,NA
21091,NA
21093,NA
21095,NA
21097,NA
21099,NA
21101,NA
21103,NA
21105,NA
21107,NA
21109,NA
21111,NA
21113,NA
21117,NA
21121,NA
21123,NA
21125,NA
21127,NA
21129,NA
21135,NA
21137,NA
21139,NA
21141,NA
21143,NA
21145,NA
21147,NA
21149,NA
21151,NA
21153,NA
21155,NA
21157,NA
21159,NA
21161,NA
21163,NA
21165,NA
21167,NA
21169,NA
21171,NA
21173,NA
21175,NA
21177,NA
21179,NA
21181,NA
21183,NA
21185,NA
21187,NA
21189,NA
21191,NA
21195,NA
21197,NA
21199,NA
21201,NA
21203,NA
21205,NA
21207,NA
21209,NA
21211,NA
21213,NA
21215,NA
21217,NA
21219,NA
21221,NA
21223,NA
21225,NA
21227,NA
21229,NA
21231,NA
21233,NA
21235,NA
21237,NA
21239,NA
22001,NA
22003,NA
22005,NA
22007,NA
22009,1.39347493648529
22011,NA
22013,NA
22015,1.28086793422699
22017,1.727652211984
22019,NA
22021,1.21013230085373
22023,NA
22025,1.6752571662267
22027,NA
22029,1.52676713466644
22031,NA
22033,NA
22035,1.8652777671814
22037,NA
22039,1.08082708716393
22041,1.5441126426061
22043,1.29765765865644
22045,NA
22047,NA
22049,NA
22053,NA
22055,NA
22057,NA
22059,NA
22061,NA
22063,NA
22065,1.64236271381378
22067,1.46181551615397
22069,1.4212918082873
22071,NA
22073,1.50547701120377
22075,NA
22077,1.45590302348137
22079,1.6564418276151
22081,1.49704039096832
22083,1.32160057624181
22085,NA
22089,NA
22091,NA
22093,NA
22095,NA
22097,1.3406595091025
22099,NA
22101,NA
22103,NA
22105,NA
22107,1.75511580705643
22109,NA
22111,NA
22113,NA
22115,NA
22117,NA
22119,NA
22121,NA
22123,1.41287030776342
22125,NA
22127,NA
23001,NA
23003,NA
23005,NA
23007,NA
23009,NA
23011,NA
23013,NA
23015,NA
23017,NA
23019,NA
23021,NA
23023,NA
23025,NA
23027,NA
23029,NA
23031,NA
24001,NA
24003,NA
24005,NA
24009,NA
24011,NA
24013,NA
24015,NA
24017,NA
24019,NA
24021,NA
24023,NA
24025,NA
24027,NA
24029,NA
24031,NA
24033,NA
24035,NA
24037,NA
24039,NA
24041,NA
24043,NA
24045,NA
24047,NA
25003,NA
25005,NA
25007,NA
25009,NA
25011,NA
25013,NA
25015,NA
25017,NA
25023,NA
25027,NA
26001,NA
26003,NA
26005,NA
26007,NA
26009,NA
26011,NA
26013,NA
26015,NA
26017,NA
26019,NA
26021,NA
26023,NA
26025,NA
26027,NA
26029,NA
26031,NA
26033,NA
26035,NA
26037,NA
26039,NA
26041,NA
26043,NA
26045,NA
26047,NA
26049,NA
26051,NA
26053,NA
26055,NA
26057,NA
26059,NA
26061,NA
26063,NA
26065,NA
26067,NA
26069,NA
26071,NA
26073,NA
26075,NA
26077,NA
26079,NA
26081,NA
26083,NA
26085,NA
26087,NA
26089,NA
26091,NA
26093,NA
26095,NA
26097,NA
26099,NA
26101,NA
26103,NA
26105,NA
26107,NA
26109,NA
26111,NA
26113,NA
26115,NA
26117,NA
26119,NA
26121,NA
26123,NA
26125,NA
26127,NA
26129,NA
26131,NA
26133,NA
26135,NA
26137,NA
26139,NA
26141,NA
26143,NA
26145,NA
26147,NA
26149,NA
26151,NA
26153,NA
26155,NA
26157,NA
26159,NA
26161,NA
26163,NA
26165,NA
27001,NA
27003,NA
27005,NA
27007,NA
27009,NA
27011,NA
27013,NA
27015,NA
27017,NA
27019,NA
27021,NA
27023,NA
27025,NA
27027,NA
27029,NA
27033,NA
27035,NA
27037,NA
27039,NA
27041,NA
27043,NA
27045,NA
27047,NA
27049,NA
27051,NA
27053,NA
27055,NA
27057,NA
27059,NA
27061,NA
27063,NA
27065,NA
27067,NA
27069,NA
27071,NA
27073,NA
27075,NA
27077,NA
27079,NA
27081,NA
27083,NA
27085,NA
27087,NA
27089,NA
27091,NA
27093,NA
27095,NA
27097,NA
27099,NA
27101,NA
27103,NA
27105,NA
27107,NA
27109,NA
27111,NA
27113,NA
27115,NA
27117,NA
27119,NA
27121,NA
27123,NA
27125,NA
27127,NA
27129,NA
27131,NA
27133,NA
27135,NA
27137,NA
27139,NA
27141,NA
27143,NA
27145,NA
27147,NA
27149,NA
27151,NA
27153,NA
27155,NA
27157,NA
27159,NA
27161,NA
27163,NA
27165,NA
27167,NA
27169,NA
27171,NA
27173,NA
28001,NA
28003,NA
28005,NA
28007,1.57688297828039
28009,1.12000000476837
28011,1.86214822530746
28013,1.56941813230515
28015,1.75041061639786
28017,1.34545397758484
28019,NA
28021,NA
28023,NA
28025,NA
28027,1.7972486615181
28029,NA
28031,NA
28033,1.53291755914688
28035,NA
28037,NA
28039,NA
28041,NA
28043,1.5154983997345
28045,NA
28047,NA
28049,1.46893846988678
28051,1.77256494760513
28053,1.81202731529872
28055,1.76684957742691
28057,NA
28059,NA
28061,NA
28063,1.50763578216235
28065,NA
28067,NA
28069,NA
28071,1.50829789042473
28073,NA
28075,NA
28077,NA
28079,NA
28081,NA
28083,1.8261590997378
28085,NA
28087,1.34413942694664
28089,1.56047362089157
28091,NA
28093,1.09523808956146
28095,1.2729399005572
28097,1.68237715959549
28099,NA
28101,NA
28103,1.62894666194916
28105,NA
28107,1.57192593812943
28109,NA
28111,NA
28113,NA
28115,NA
28117,NA
28119,1.6574986577034
28121,1.40455330411593
28123,NA
28125,1.8689341545105
28127,NA
28129,NA
28131,NA
28133,1.74083364009857
28135,1.70187578598658
28137,1.75995498895645
28139,NA
28141,NA
28143,1.66088604927063
28145,NA
28147,NA
28149,1.58576190471649
28151,1.79427794615428
28153,NA
28155,1.65651377042135
28157,NA
28159,NA
28161,1.74206260840098
28163,1.72600189844767
29001,NA
29003,NA
29005,NA
29007,NA
29009,NA
29011,NA
29013,NA
29015,NA
29017,NA
29019,NA
29021,NA
29023,NA
29025,NA
29027,NA
29029,NA
29031,NA
29033,NA
29035,NA
29037,NA
29039,NA
29041,NA
29043,NA
29045,NA
29047,NA
29049,NA
29051,NA
29053,NA
29055,NA
29057,NA
29059,NA
29061,NA
29063,NA
29065,NA
29067,NA
29069,1.711012840271
29071,NA
29073,NA
29075,NA
29077,NA
29079,NA
29081,NA
29083,NA
29085,NA
29087,NA
29089,NA
29091,NA
29093,NA
29095,NA
29097,NA
29099,NA
29101,NA
29103,NA
29105,NA
29107,NA
29109,NA
29111,NA
29113,NA
29115,NA
29117,NA
29119,NA
29121,NA
29123,NA
29125,NA
29127,NA
29129,NA
29131,NA
29133,NA
29135,NA
29137,NA
29139,NA
29141,NA
29143,1.85518276691437
29145,NA
29147,NA
29149,NA
29151,NA
29153,NA
29155,1.63406374057134
29157,NA
29159,NA
29161,NA
29163,NA
29165,NA
29167,NA
29169,NA
29171,NA
29173,NA
29175,NA
29177,NA
29179,NA
29181,NA
29183,NA
29185,NA
29186,NA
29187,NA
29189,NA
29195,NA
29197,NA
29199,NA
29201,1.86148866017659
29203,NA
29205,NA
29207,1.95640673240026
29209,NA
29211,NA
29213,NA
29215,NA
29217,NA
29219,NA
29221,NA
29223,NA
29225,NA
29227,NA
29229,NA
30001,NA
30003,NA
30005,NA
30007,NA
30009,NA
30011,NA
30013,NA
30015,NA
30017,NA
30019,NA
30021,NA
30023,NA
30025,NA
30027,NA
30029,NA
30031,NA
30033,NA
30035,NA
30037,NA
30039,NA
30041,NA
30043,NA
30045,NA
30047,NA
30049,NA
30051,NA
30053,NA
30055,NA
30057,NA
30059,NA
30061,NA
30063,NA
30065,NA
30067,NA
30069,NA
30071,NA
30073,NA
30075,NA
30077,NA
30079,NA
30081,NA
30083,NA
30085,NA
30087,NA
30089,NA
30091,NA
30093,NA
30095,NA
30097,NA
30099,NA
30101,NA
30103,NA
30105,NA
30107,NA
30109,NA
30111,NA
31001,NA
31003,NA
31005,NA
31007,NA
31009,NA
31011,NA
31013,NA
31015,NA
31017,NA
31019,NA
31021,NA
31023,NA
31025,NA
31027,NA
31029,NA
31031,NA
31033,NA
31035,NA
31037,NA
31039,NA
31041,NA
31043,NA
31045,NA
31047,NA
31049,NA
31051,NA
31053,NA
31055,NA
31057,NA
31059,NA
31061,NA
31063,NA
31065,NA
31067,NA
31069,NA
31071,NA
31073,NA
31075,NA
31077,NA
31079,NA
31081,NA
31083,NA
31085,NA
31087,NA
31089,NA
31091,NA
31093,NA
31095,NA
31097,NA
31099,NA
31101,NA
31103,NA
31105,NA
31107,NA
31109,NA
31111,NA
31113,NA
31115,NA
31117,NA
31119,NA
31121,NA
31123,NA
31125,NA
31127,NA
31129,NA
31131,NA
31133,NA
31135,NA
31137,NA
31139,NA
31141,NA
31143,NA
31145,NA
31147,NA
31149,NA
31151,NA
31153,NA
31155,NA
31157,NA
31159,NA
31161,NA
31163,NA
31165,NA
31167,NA
31169,NA
31171,NA
31173,NA
31175,NA
31177,NA
31179,NA
31181,NA
31183,NA
31185,NA
32001,NA
32003,NA
32005,NA
32007,NA
32009,NA
32011,NA
32013,NA
32015,NA
32017,NA
32019,NA
32021,NA
32023,NA
32027,NA
32029,NA
32031,NA
32033,NA
32510,NA
33001,NA
33003,NA
33005,NA
33007,NA
33009,NA
33011,NA
33013,NA
33015,NA
33017,NA
33019,NA
34001,NA
34005,NA
34007,NA
34009,NA
34011,NA
34015,NA
34019,NA
34021,NA
34023,NA
34025,NA
34027,NA
34029,NA
34033,NA
34035,NA
34037,NA
34041,NA
35001,NA
35003,NA
35005,2.03197944164276
35006,NA
35007,NA
35009,1.32885791858037
35011,NA
35013,2.53005270163218
35015,1.96208757162094
35017,NA
35019,NA
35021,NA
35023,1.96071428060532
35025,1.46286424001058
35027,NA
35029,2.13214288155238
35031,NA
35033,NA
35035,NA
35037,0.676711847384771
35039,NA
35041,1.01923900842667
35043,NA
35045,NA
35047,NA
35049,NA
35051,2
35053,NA
35055,NA
35057,NA
35059,NA
35061,NA
36001,NA
36003,NA
36007,NA
36009,NA
36011,NA
36013,NA
36015,NA
36017,NA
36019,NA
36021,NA
36023,NA
36025,NA
36027,NA
36029,NA
36031,NA
36033,NA
36035,NA
36037,NA
36039,NA
36043,NA
36045,NA
36049,NA
36051,NA
36053,NA
36055,NA
36057,NA
36063,NA
36065,NA
36067,NA
36069,NA
36071,NA
36073,NA
36075,NA
36077,NA
36079,NA
36083,NA
36089,NA
36091,NA
36093,NA
36095,NA
36097,NA
36099,NA
36101,NA
36103,NA
36105,NA
36107,NA
36109,NA
36111,NA
36113,NA
36115,NA
36117,NA
36119,NA
36121,NA
36123,NA
37001,NA
37003,NA
37005,NA
37007,1.51293550928434
37009,NA
37011,NA
37013,1.73008584976196
37015,1.57317759593328
37017,1.35502260923386
37019,1.35714280605316
37021,NA
37023,NA
37025,1.47805556058884
37027,NA
37029,1.610602358977
37031,1.56666667461395
37033,NA
37035,NA
37037,1.3901960849762
37039,NA
37041,1.61052038272222
37043,NA
37045,1.29493752618631
37047,1.42127527793248
37049,1.48872345685959
37051,1.33595938483874
37053,1.11818182468414
37057,1.52170941233635
37059,NA
37061,1.53591897090276
37063,NA
37065,1.39012206594149
37067,NA
37069,1.23611108462016
37071,NA
37073,1.54940608143806
37077,NA
37079,1.55132125814756
37081,NA
37083,1.4304004907608
37085,1.32435272137324
37087,NA
37089,NA
37091,1.50717452168465
37093,1.34727727373441
37095,1.77079363663991
37097,1.68347042798996
37101,1.49365010857582
37103,1.44925210873286
37105,1.47698492805163
37107,1.54569113254547
37109,NA
37111,NA
37115,NA
37117,1.49954290191333
37119,NA
37121,NA
37123,1.54848459362984
37125,1.21250002086163
37127,1.42327165603638
37129,NA
37131,1.57791225115458
37133,1.4517219265302
37135,NA
37137,1.59708754221598
37139,1.6912788550059
37141,1.39571972688039
37143,1.6873904466629
37145,NA
37147,1.46717106302579
37149,NA
37151,NA
37153,1.50151451428731
37155,1.39053371548653
37157,NA
37159,1.62807780504227
37161,1.11649573345979
37163,1.4511166314284
37165,1.30712583661079
37167,1.68286148707072
37169,NA
37171,NA
37173,NA
37175,NA
37177,1.65987521409988
37179,1.51456525921822
37181,NA
37183,1.22222220897675
37185,1.32455824315548
37187,1.57705465952555
37189,NA
37191,1.57718936602275
37193,NA
37195,1.58700526754061
37197,NA
37199,NA
38001,NA
38003,NA
38005,NA
38007,NA
38009,NA
38011,NA
38013,NA
38015,NA
38017,NA
38019,NA
38021,NA
38023,NA
38025,NA
38027,NA
38029,NA
38031,NA
38033,NA
38035,NA
38037,NA
38039,NA
38041,NA
38043,NA
38045,NA
38047,NA
38049,NA
38051,NA
38053,NA
38055,NA
38057,NA
38059,NA
38061,NA
38063,NA
38065,NA
38067,NA
38069,NA
38071,NA
38073,NA
38075,NA
38077,NA
38079,NA
38081,NA
38083,NA
38085,NA
38087,NA
38089,NA
38091,NA
38093,NA
38095,NA
38097,NA
38099,NA
38101,NA
38103,NA
38105,NA
39001,NA
39003,NA
39005,NA
39007,NA
39009,NA
39011,NA
39013,NA
39015,NA
39017,NA
39019,NA
39021,NA
39023,NA
39025,NA
39027,NA
39029,NA
39031,NA
39033,NA
39035,NA
39037,NA
39039,NA
39041,NA
39043,NA
39045,NA
39047,NA
39049,NA
39051,NA
39053,NA
39055,NA
39057,NA
39059,NA
39061,NA
39063,NA
39065,NA
39067,NA
39069,NA
39071,NA
39073,NA
39075,NA
39077,NA
39079,NA
39081,NA
39083,NA
39085,NA
39087,NA
39089,NA
39091,NA
39093,NA
39095,NA
39097,NA
39099,NA
39101,NA
39103,NA
39105,NA
39107,NA
39109,NA
39111,NA
39113,NA
39115,NA
39117,NA
39119,NA
39121,NA
39123,NA
39125,NA
39127,NA
39129,NA
39131,NA
39133,NA
39135,NA
39137,NA
39139,NA
39141,NA
39143,NA
39145,NA
39147,NA
39149,NA
39151,NA
39153,NA
39155,NA
39157,NA
39159,NA
39161,NA
39163,NA
39165,NA
39167,NA
39169,NA
39171,NA
39173,NA
39175,NA
40001,NA
40003,0.701525057355563
40005,NA
40007,NA
40009,0.633034246663252
40011,NA
40013,NA
40015,0.967392841974894
40017,0.806637870768706
40019,NA
40021,NA
40023,NA
40025,NA
40027,NA
40029,NA
40031,0.72212907075882
40033,0.607839113473892
40035,NA
40037,NA
40039,0.742070992787679
40041,NA
40043,NA
40045,NA
40047,NA
40049,0.657142877578735
40051,0.701058228810628
40053,0.888436059157054
40055,1.08865811427434
40057,1.23447885612647
40059,NA
40061,NA
40063,NA
40065,1.69220421711604
40067,NA
40069,NA
40071,0.722202897071838
40073,NA
40075,0.619805776824554
40077,NA
40079,NA
40081,NA
40083,NA
40085,NA
40087,NA
40089,0.884615391492844
40091,NA
40093,NA
40095,NA
40097,NA
40099,NA
40101,NA
40103,0.58720588684082
40105,NA
40107,NA
40109,1.16666662693024
40111,NA
40113,NA
40115,NA
40117,NA
40119,NA
40121,NA
40123,NA
40125,NA
40127,NA
40129,0.576384584108988
40131,NA
40133,NA
40135,NA
40137,NA
40139,NA
40141,0.699818685650826
40143,NA
40145,NA
40147,NA
40149,0.66534531613191
40151,0.419782211383184
40153,NA
41001,NA
41003,NA
41005,NA
41007,NA
41009,NA
41011,NA
41013,NA
41015,NA
41017,NA
41019,NA
41021,NA
41023,NA
41025,NA
41027,NA
41029,NA
41031,NA
41033,NA
41035,NA
41037,NA
41039,NA
41041,NA
41043,NA
41045,NA
41047,NA
41049,NA
41051,NA
41053,NA
41055,NA
41057,NA
41059,NA
41061,NA
41063,NA
41065,NA
41067,NA
41069,NA
41071,NA
42001,NA
42003,NA
42005,NA
42007,NA
42009,NA
42011,NA
42013,NA
42015,NA
42017,NA
42019,NA
42021,NA
42023,NA
42025,NA
42027,NA
42029,NA
42031,NA
42033,NA
42035,NA
42037,NA
42039,NA
42041,NA
42043,NA
42045,NA
42047,NA
42049,NA
42051,NA
42053,NA
42055,NA
42057,NA
42059,NA
42061,NA
42063,NA
42065,NA
42067,NA
42069,NA
42071,NA
42073,NA
42075,NA
42077,NA
42079,NA
42081,NA
42083,NA
42085,NA
42087,NA
42089,NA
42091,NA
42093,NA
42095,NA
42097,NA
42099,NA
42101,NA
42103,NA
42105,NA
42107,NA
42109,NA
42111,NA
42113,NA
42115,NA
42117,NA
42119,NA
42121,NA
42123,NA
42125,NA
42127,NA
42129,NA
42131,NA
42133,NA
44001,NA
44003,NA
44005,NA
44007,NA
44009,NA
45001,1.5
45003,1.35019365946452
45005,1.35040688514709
45007,1.18412700295448
45009,1.34654055039088
45011,1.19649377465248
45013,NA
45015,1.04545456171036
45017,1.40567125876745
45019,NA
45021,NA
45023,1.27477506399155
45025,1.34090911149979
45027,1.12983907262484
45029,1.04229082663854
45031,1.39489494264126
45033,1.37385149796804
45035,1.12748134632905
45037,0.918650800983111
45039,NA
45041,1.11398533483346
45043,1.19848485589027
45045,NA
45047,NA
45049,1.38042417168617
45051,1.40850039323171
45053,1.20000004768372
45055,1.07827380299568
45057,NA
45059,NA
45061,1.28131109476089
45063,1.21726191043854
45065,NA
45067,1.4913935760657
45069,1.39037171502908
45071,1.07638889551163
45073,NA
45075,1.39669397473335
45077,NA
45079,1.01842381556829
45081,1.39309763908386
45083,NA
45085,1.4194858421882
45087,NA
45089,1.29156522452831
45091,1.21996543804804
46003,NA
46005,NA
46007,NA
46009,NA
46011,NA
46013,NA
46015,NA
46017,NA
46019,NA
46021,NA
46023,NA
46025,NA
46027,NA
46029,NA
46031,NA
46033,NA
46035,NA
46037,NA
46039,NA
46041,NA
46043,NA
46045,NA
46047,NA
46049,NA
46051,NA
46053,NA
46055,NA
46057,NA
46059,NA
46061,NA
46063,NA
46065,NA
46067,NA
46069,NA
46071,NA
46073,NA
46075,NA
46077,NA
46079,NA
46081,NA
46083,NA
46085,NA
46087,NA
46089,NA
46091,NA
46093,NA
46095,NA
46097,NA
46099,NA
46101,NA
46103,NA
46105,NA
46107,NA
46109,NA
46111,NA
46113,NA
46115,NA
46117,NA
46119,NA
46121,NA
46123,NA
46125,NA
46127,NA
46129,NA
46135,NA
46137,NA
47001,NA
47003,NA
47005,NA
47007,NA
47009,NA
47011,NA
47013,NA
47015,NA
47017,1.90484269460042
47019,NA
47021,NA
47023,1.68881670633952
47025,NA
47027,NA
47029,NA
47031,NA
47033,1.58220406373342
47035,NA
47037,NA
47039,NA
47041,NA
47043,NA
47045,1.46585017442703
47047,1.51834239562352
47049,NA
47051,1.55785534779231
47053,1.63075435161591
47055,1.66529961427053
47057,NA
47059,NA
47061,NA
47063,NA
47065,NA
47067,NA
47069,1.67113482952118
47071,1.51911975940069
47073,NA
47075,1.54502151409785
47077,1.62907282511393
47079,2
47081,NA
47083,NA
47085,NA
47087,NA
47089,NA
47091,NA
47093,NA
47095,1.67602614561717
47097,1.49332594871521
47099,NA
47101,NA
47103,1.58991879224777
47105,NA
47107,NA
47109,1.61307587226232
47111,NA
47113,1.66898089647293
47115,NA
47117,NA
47119,NA
47121,NA
47123,NA
47125,NA
47127,NA
47129,NA
47131,1.609483619531
47133,NA
47135,NA
47137,NA
47139,NA
47141,NA
47143,NA
47145,NA
47147,NA
47149,1.56404137611389
47151,NA
47153,NA
47155,NA
47157,1.44008646408717
47159,NA
47161,NA
47163,NA
47165,NA
47167,1.64540213346481
47169,NA
47171,NA
47173,NA
47175,NA
47177,NA
47179,NA
47181,NA
47183,1.73755410313606
47185,NA
47187,NA
47189,NA
48001,0.805128246545792
48003,0.86271987358729
48005,NA
48007,1.20000004768372
48009,NA
48011,0.830681815743446
48013,1.95137423276901
48015,1.25968782107035
48017,0.764670344690482
48019,NA
48021,NA
48023,0.832206090291341
48025,1.24440869688988
48027,1.1300420165062
48029,2.37282045682271
48031,NA
48033,0.670659951865673
48035,NA
48037,NA
48039,1.27827594677607
48041,1.71913371483485
48045,0.680172016223272
48047,0.714285731315613
48049,0.176345398028692
48051,1.78361920515696
48053,NA
48055,1.03179127971331
48057,1.22008756796519
48059,NA
48061,0.927086800336838
48063,NA
48065,1.36125263571739
48067,NA
48069,1.65666407346725
48071,NA
48073,NA
48075,0.751104009648164
48077,0.173140957951546
48079,0.868248184521993
48081,0.434462810307741
48083,0.544167585670948
48085,0.922922813892365
48087,1.02446403106054
48089,1.16810220479965
48091,NA
48093,NA
48095,0.630038388073444
48097,NA
48099,NA
48101,0.531655804564556
48107,0.897732923428218
48109,1.98484843969345
48111,0.3125
48113,NA
48115,0.722594663500786
48117,1.02141076823076
48119,0.80021645128727
48121,NA
48123,NA
48125,0.681559508045514
48127,1.82352936267853
48129,0.941409418980281
48131,0.492307707667351
48133,NA
48135,NA
48137,NA
48139,1.02170462409655
48141,2.4734886487325
48143,NA
48145,1.13683385848999
48147,0.916666686534882
48149,NA
48151,0.669614745303988
48153,0.918371438980103
48155,0.477886850635211
48157,1.19817074139913
48159,NA
48161,NA
48163,2.17958492040634
48165,1.06700659791629
48167,NA
48169,0.797748759388924
48171,NA
48173,0.776194055875142
48175,1.16699136296908
48177,NA
48179,0.885125108063221
48181,1.83333337306976
48183,NA
48185,NA
48187,NA
48189,1.37646491328875
48191,0.737849938372771
48193,NA
48195,2.13636374473572
48197,1.0138971855243
48199,NA
48201,NA
48203,NA
48205,0.680309408903122
48207,0.75074299176534
48209,1.31490385532379
48211,NA
48213,NA
48215,1.15647675593694
48217,1.11808556318283
48219,0.903564065694809
48221,NA
48223,NA
48225,0.971901406844457
48227,0.468613027905424
48229,2.17817693948746
48231,0.744699746370316
48233,1.83333337306976
48235,0.272727280855179
48237,NA
48239,1.24346718192101
48241,NA
48245,NA
48247,NA
48249,1.07569252451261
48251,NA
48253,0.573256116826087
48255,1.14826816320419
48257,NA
48259,NA
48261,NA
48263,0.666553944349289
48265,NA
48267,NA
48269,0.589873087902864
48271,1.66666662693024
48273,1.01882421970367
48275,1.29651567339897
48277,0.915217439333598
48279,1.20884405573209
48281,NA
48283,1.54545450210571
48285,NA
48287,NA
48289,NA
48291,NA
48293,0.856304953495661
48295,NA
48297,1.14044783512751
48299,NA
48303,1.00257043043772
48305,0.76284204920133
48307,0.52799600114425
48309,1.22279081741969
48311,NA
48313,NA
48315,NA
48317,0.501058482875427
48319,NA
48321,1.42951035499573
48323,NA
48325,2.2720475991567
48327,NA
48329,0.544402013222376
48331,1.23075057069461
48333,NA
48335,0.650136599938075
48337,NA
48339,NA
48341,1.84776516755422
48343,NA
48345,0.542918297151724
48347,NA
48349,1.01050143440564
48351,NA
48353,0.647672812143962
48355,1.29503240585327
48357,1.61188811063766
48359,NA
48361,NA
48363,NA
48365,NA
48367,NA
48369,1.62184052169323
48371,1.94708490371704
48373,NA
48375,1
48377,NA
48379,NA
48381,0.802367657423019
48383,0.789097016056379
48385,NA
48387,1.15354898571968
48389,1.77414109309514
48391,1.33003589510918
48393,1.76923072338104
48395,1.60161050160726
48397,NA
48399,0.614934812610348
48401,NA
48403,NA
48405,NA
48407,NA
48409,1.54878743489583
48411,NA
48413,0.662275474518538
48415,0.638517294079065
48417,0.66655591626962
48419,NA
48421,1.82936507463455
48423,NA
48425,NA
48427,0.939207489291827
48429,NA
48431,NA
48433,0.550613087912401
48435,NA
48437,1.16548918684324
48439,NA
48441,0.631268586963415
48445,0.881147712469101
48447,0.66479571412007
48449,NA
48451,0.803544850399097
48453,0.87021600206693
48455,NA
48457,NA
48459,NA
48461,0.974601939320564
48463,1.90585998694102
48465,NA
48467,NA
48469,1.09292633334796
48471,0.967472529411316
48473,NA
48477,NA
48479,NA
48481,1.36520582437515
48483,0.908275867501895
48485,0.427115679097672
48487,0.533103267041345
48489,0.877168510109186
48491,1.11985792716344
48493,1.87655079364777
48497,NA
48499,NA
48501,0.85927681128184
48503,0.436186600476503
48505,NA
48507,1.86865003903707
49001,NA
49003,NA
49005,NA
49007,NA
49009,NA
49011,NA
49013,NA
49015,NA
49017,NA
49019,NA
49021,NA
49023,NA
49025,NA
49027,NA
49029,NA
49031,NA
49033,NA
49035,NA
49037,NA
49039,NA
49041,NA
49043,NA
49045,NA
49047,NA
49049,NA
49051,NA
49053,NA
49055,NA
49057,NA
50001,NA
50003,NA
50005,NA
50007,NA
50009,NA
50011,NA
50013,NA
50015,NA
50017,NA
50019,NA
50021,NA
50023,NA
50025,NA
50027,NA
51001,1.03197173277537
51003,NA
51005,NA
51007,NA
51009,NA
51011,NA
51015,NA
51017,NA
51019,NA
51021,NA
51023,NA
51025,NA
51027,NA
51029,NA
51031,NA
51033,NA
51035,NA
51036,1.53308833638827
51037,NA
51041,NA
51043,NA
51045,NA
51047,NA
51049,NA
51051,NA
51053,1.28088693320751
51057,NA
51059,NA
51061,NA
51063,NA
51065,NA
51067,NA
51069,NA
51071,NA
51073,NA
51075,NA
51077,NA
51079,NA
51081,1.26072338720163
51083,NA
51085,NA
51087,NA
51089,NA
51091,NA
51093,1.48004234830538
51095,NA
51097,NA
51099,NA
51101,NA
51103,NA
51105,NA
51107,NA
51109,NA
51111,NA
51113,NA
51115,NA
51117,NA
51119,NA
51121,NA
51125,NA
51127,NA
51131,1.51271244883537
51133,NA
51135,NA
51137,NA
51139,NA
51141,NA
51143,NA
51145,NA
51147,NA
51149,NA
51153,NA
51155,NA
51157,NA
51159,NA
51161,NA
51163,NA
51165,NA
51167,NA
51169,NA
51171,NA
51173,NA
51175,1.71700660387675
51177,NA
51179,NA
51181,1.57196345925331
51183,1.60652514298757
51185,NA
51187,NA
51191,NA
51193,NA
51195,NA
51197,NA
51199,NA
51515,NA
51520,NA
51530,NA
51540,NA
51550,NA
51570,NA
51590,NA
51595,NA
51620,NA
51630,NA
51640,NA
51660,NA
51680,NA
51690,NA
51700,NA
51730,NA
51750,NA
51770,NA
51775,NA
51790,NA
51800,1.85203903913498
51810,NA
51820,NA
51830,NA
51840,NA
53001,NA
53003,NA
53005,NA
53007,NA
53009,NA
53011,NA
53013,NA
53015,NA
53017,NA
53019,NA
53021,NA
53023,NA
53025,NA
53027,NA
53029,NA
53031,NA
53033,NA
53035,NA
53037,NA
53039,NA
53041,NA
53043,NA
53045,NA
53047,NA
53049,NA
53051,NA
53053,NA
53055,NA
53057,NA
53059,NA
53061,NA
53063,NA
53065,NA
53067,NA
53069,NA
53071,NA
53073,NA
53075,NA
53077,NA
54001,NA
54003,NA
54005,NA
54007,NA
54009,NA
54011,NA
54013,NA
54015,NA
54017,NA
54019,NA
54021,NA
54023,NA
54025,NA
54027,NA
54029,NA
54031,NA
54033,NA
54035,NA
54037,NA
54039,NA
54041,NA
54043,NA
54045,NA
54047,NA
54049,NA
54051,NA
54053,NA
54055,NA
54057,NA
54061,NA
54063,NA
54065,NA
54067,NA
54069,NA
54071,NA
54073,NA
54075,NA
54077,NA
54079,NA
54081,NA
54083,NA
54085,NA
54087,NA
54089,NA
54091,NA
54093,NA
54095,NA
54097,NA
54099,NA
54101,NA
54103,NA
54105,NA
54107,NA
54109,NA
55001,NA
55003,NA
55005,NA
55007,NA
55009,NA
55011,NA
55013,NA
55015,NA
55017,NA
55019,NA
55021,NA
55023,NA
55025,NA
55027,NA
55029,NA
55031,NA
55033,NA
55035,NA
55037,NA
55039,NA
55041,NA
55043,NA
55045,NA
55047,NA
55049,NA
55051,NA
55053,NA
55055,NA
55057,NA
55059,NA
55061,NA
55063,NA
55065,NA
55067,NA
55069,NA
55071,NA
55073,NA
55075,NA
55077,NA
55078,NA
55079,NA
55081,NA
55083,NA
55085,NA
55087,NA
55089,NA
55091,NA
55093,NA
55095,NA
55097,NA
55099,NA
55101,NA
55103,NA
55105,NA
55107,NA
55109,NA
55111,NA
55113,NA
55115,NA
55117,NA
55119,NA
55121,NA
55123,NA
55125,NA
55127,NA
55129,NA
55131,NA
55133,NA
55135,NA
55137,NA
55139,NA
55141,NA
56001,NA
56003,NA
56005,NA
56007,NA
56009,NA
56011,NA
56013,NA
56015,NA
56017,NA
56019,NA
56021,NA
56023,NA
56025,NA
56027,NA
56029,NA
56031,NA
56033,NA
56035,NA
56037,NA
56039,NA
56041,NA
56043,NA
56045,NA
