1001,2700
1003,4720
1005,3080
1007,NA
1009,1660
1011,1000
1013,1850
1015,1400
1017,NA
1019,2450
1021,800
1023,NA
1025,NA
1027,NA
1029,600
1031,7660
1033,8433.33333333333
1035,2320
1037,NA
1039,2480
1041,2600
1043,3416.66666666667
1045,3833.33333333333
1047,2620
1049,13616.6666666667
1051,2583.33333333333
1053,3460
1055,2060
1057,2550
1059,2950
1061,6460
1063,1525
1065,2100
1067,3800
1069,5300
1071,23120
1073,NA
1075,1775
1077,8300
1079,11433.3333333333
1081,NA
1083,7850
1085,2966.66666666667
1087,1600
1089,12416.6666666667
1091,1533.33333333333
1093,2550
1095,5400
1097,1575
1099,2925
1101,1200
1103,6066.66666666667
1105,1050
1107,3200
1109,3300
1111,700
1113,700
1115,NA
1117,566.666666666667
1119,1025
1121,6860
1123,NA
1125,4016.66666666667
1127,NA
1129,1183.33333333333
1131,1366.66666666667
1133,NA
4001,NA
4003,22216.6666666667
4005,NA
4007,NA
4009,1266.66666666667
4011,NA
4012,1000
4013,15933.3333333333
4015,NA
4017,NA
4019,NA
4021,9200
4023,NA
4025,NA
4027,3060
5001,2000
5003,6275
5005,NA
5007,NA
5009,NA
5011,NA
5013,NA
5015,NA
5017,11840
5019,NA
5021,22250
5023,NA
5025,NA
5027,NA
5029,3533.33333333333
5031,6300
5033,3880
5035,12216.6666666667
5037,7500
5039,NA
5041,4350
5043,3250
5045,1000
5047,NA
5049,NA
5051,NA
5053,NA
5055,7816.66666666667
5057,NA
5059,NA
5061,NA
5063,9583.33333333333
5065,NA
5067,13150
5069,12200
5071,1360
5073,8716.66666666667
5075,NA
5077,11550
5079,3200
5081,6875
5083,2700
5085,4400
5087,NA
5089,NA
5091,16066.6666666667
5093,11133.3333333333
5095,20666.6666666667
5097,NA
5099,NA
5101,NA
5103,NA
5105,NA
5107,14716.6666666667
5109,NA
5111,4250
5113,NA
5115,1000
5117,3040
5119,NA
5121,6650
5123,5200
5125,NA
5127,NA
5129,NA
5131,NA
5133,NA
5135,NA
5137,NA
5139,NA
5141,NA
5143,NA
5145,2950
5147,15633.3333333333
5149,3550
6001,500
6003,NA
6005,300
6007,600
6009,NA
6011,3250
6013,5416.66666666667
6015,NA
6017,NA
6019,26916.6666666667
6021,15933.3333333333
6023,800
6025,1250
6027,NA
6029,29720
6031,46066.6666666667
6033,NA
6035,NA
6037,NA
6039,19600
6041,NA
6043,NA
6045,NA
6047,70800
6049,NA
6051,NA
6053,NA
6055,NA
6057,NA
6059,NA
6061,200
6063,NA
6065,3033.33333333333
6067,32416.6666666667
6069,NA
6071,1300
6073,NA
6077,77583.3333333333
6079,200
6081,NA
6083,400
6085,NA
6087,NA
6089,NA
6091,NA
6093,NA
6095,11233.3333333333
6097,NA
6099,53500
6101,5566.66666666667
6103,1400
6107,107666.666666667
6109,NA
6111,NA
6113,14700
6115,1060
8001,10650
8003,NA
8005,1820
8007,NA
8009,36183.3333333333
8011,8100
8013,4000
8015,NA
8017,73966.6666666667
8021,NA
8023,NA
8025,1200
8027,NA
8029,5100
8031,NA
8033,NA
8035,NA
8037,NA
8039,3616.66666666667
8041,500
8043,NA
8045,NA
8049,NA
8051,NA
8055,600
8057,NA
8059,NA
8061,17516.6666666667
8063,195283.333333333
8065,NA
8067,600
8069,13433.3333333333
8071,500
8073,25583.3333333333
8075,76650
8077,5083.33333333333
8081,NA
8083,1350
8085,11883.3333333333
8087,77533.3333333333
8089,9166.66666666667
8091,NA
8093,NA
8095,115150
8097,NA
8099,16950
8101,5200
8103,NA
8105,NA
8107,NA
8109,NA
8113,NA
8115,52116.6666666667
8119,NA
8121,64150
8123,128700
8125,231583.333333333
9001,NA
9003,NA
9005,NA
9007,NA
9009,NA
9011,NA
9013,NA
9015,NA
10001,45750
10003,19666.6666666667
10005,102083.333333333
12001,5050
12003,NA
12005,NA
12007,NA
12009,NA
12011,NA
12013,1000
12015,NA
12017,NA
12019,NA
12021,NA
12023,1580
12027,NA
12029,NA
12031,NA
12033,3950
12035,NA
12039,1383.33333333333
12041,4620
12043,NA
12045,NA
12047,5466.66666666667
12049,NA
12051,NA
12053,NA
12055,NA
12057,NA
12059,1633.33333333333
12061,NA
12063,9733.33333333333
12065,3983.33333333333
12067,1140
12069,NA
12071,NA
12073,1200
12075,3040
12077,NA
12079,4900
12081,NA
12083,NA
12085,NA
12089,NA
12091,716.666666666667
12093,NA
12095,NA
12097,NA
12099,NA
12101,NA
12105,NA
12107,1900
12109,1966.66666666667
12111,NA
12113,720
12115,NA
12117,NA
12119,NA
12121,7350
12123,NA
12125,700
12127,NA
12129,NA
12131,900
12133,2450
13001,6233.33333333333
13003,2883.33333333333
13005,3816.66666666667
13007,8116.66666666667
13009,NA
13011,NA
13013,NA
13015,2016.66666666667
13017,5000
13019,5500
13021,NA
13023,1566.66666666667
13025,983.333333333333
13027,6366.66666666667
13029,700
13031,9166.66666666667
13033,7816.66666666667
13035,NA
13037,4866.66666666667
13039,NA
13043,2620
13045,NA
13047,600
13049,NA
13051,NA
13053,NA
13055,1000
13057,NA
13059,NA
13061,1000
13063,NA
13065,500
13067,NA
13069,5216.66666666667
13071,2733.33333333333
13073,NA
13075,1800
13077,NA
13079,NA
13081,1133.33333333333
13083,NA
13085,500
13087,8650
13089,NA
13091,2216.66666666667
13093,1316.66666666667
13095,2766.66666666667
13097,NA
13099,6433.33333333333
13101,633.333333333333
13103,5033.33333333333
13105,NA
13107,2733.33333333333
13109,1566.66666666667
13111,NA
13113,NA
13115,2816.66666666667
13117,NA
13119,NA
13121,NA
13123,500
13125,NA
13127,NA
13129,4600
13131,14750
13133,NA
13135,NA
13137,NA
13139,750
13141,NA
13143,NA
13145,NA
13147,1150
13149,NA
13151,NA
13153,2100
13155,11266.6666666667
13157,NA
13159,NA
13161,2283.33333333333
13163,7633.33333333333
13165,3066.66666666667
13167,1133.33333333333
13169,NA
13171,600
13173,1483.33333333333
13175,4933.33333333333
13177,7800
13179,NA
13181,NA
13183,550
13185,2666.66666666667
13187,NA
13189,575
13191,NA
13193,6716.66666666667
13195,NA
13197,800
13199,NA
13201,10000
13205,11583.3333333333
13207,NA
13209,1433.33333333333
13211,NA
13213,1300
13215,NA
13217,NA
13219,NA
13221,NA
13223,NA
13225,1150
13227,NA
13229,6416.66666666667
13231,NA
13233,1150
13235,920
13237,NA
13239,NA
13243,4266.66666666667
13245,500
13247,NA
13249,760
13251,8083.33333333333
13253,9733.33333333333
13255,NA
13257,NA
13259,1133.33333333333
13261,8283.33333333333
13263,NA
13265,NA
13267,4316.66666666667
13269,625
13271,1233.33333333333
13273,8750
13275,7850
13277,1800
13279,2133.33333333333
13283,500
13285,NA
13287,2200
13289,600
13291,500
13293,NA
13295,875
13297,NA
13299,3200
13301,NA
13303,2433.33333333333
13305,5600
13307,1580
13309,700
13311,908.333333333333
13313,500
13315,2433.33333333333
13317,NA
13319,NA
13321,4133.33333333333
16001,10783.3333333333
16003,NA
16005,NA
16007,NA
16009,NA
16011,2000
16013,NA
16015,NA
16017,NA
16019,4033.33333333333
16021,NA
16023,NA
16025,NA
16027,29433.3333333333
16029,NA
16031,14920
16033,NA
16035,NA
16037,NA
16039,5080
16041,2950
16043,NA
16045,5216.66666666667
16047,30166.6666666667
16049,NA
16051,NA
16053,26616.6666666667
16055,NA
16057,NA
16059,NA
16061,NA
16063,5100
16065,NA
16067,4766.66666666667
16069,NA
16071,700
16073,14016.6666666667
16075,7866.66666666667
16077,3400
16079,NA
16081,NA
16083,29616.6666666667
16085,NA
16087,1900
17001,135500
17003,12500
17005,61166.6666666667
17007,70500
17009,48166.6666666667
17011,259000
17013,19833.3333333333
17015,133166.666666667
17017,87333.3333333333
17019,282000
17021,204166.666666667
17023,106500
17025,71166.6666666667
17027,85333.3333333333
17029,119500
17031,6333.33333333333
17033,84500
17035,74166.6666666667
17037,199833.333333333
17039,102333.333333333
17041,128500
17043,4500
17045,167500
17047,38833.3333333333
17049,92666.6666666667
17051,104500
17053,144000
17055,42333.3333333333
17057,145666.666666667
17059,80000
17061,121333.333333333
17063,110000
17065,65333.3333333333
17067,158333.333333333
17069,2333.33333333333
17071,91500
17073,221666.666666667
17075,323166.666666667
17077,31666.6666666667
17079,99000
17081,45833.3333333333
17083,67166.6666666667
17085,79333.3333333333
17087,7833.33333333333
17089,90000
17091,187000
17093,80333.3333333333
17095,157833.333333333
17097,12666.6666666667
17099,291500
17101,76333.3333333333
17103,227666.666666667
17105,294833.333333333
17107,187166.666666667
17109,143166.666666667
17111,102500
17113,332166.666666667
17115,152500
17117,182333.333333333
17119,105333.333333333
17121,66500
17123,98333.3333333333
17125,126666.666666667
17127,24833.3333333333
17129,82333.3333333333
17131,130500
17133,51000
17135,161833.333333333
17137,134333.333333333
17139,91333.3333333333
17141,203000
17143,114500
17145,50500
17147,130333.333333333
17149,157333.333333333
17151,6500
17153,17833.3333333333
17155,37833.3333333333
17157,60666.6666666667
17159,78166.6666666667
17161,68333.3333333333
17163,93333.3333333333
17165,45000
17167,223333.333333333
17169,66500
17171,56166.6666666667
17173,176666.666666667
17175,92833.3333333333
17177,152500
17179,147833.333333333
17181,15666.6666666667
17183,221500
17185,52833.3333333333
17187,144166.666666667
17189,92333.3333333333
17191,91666.6666666667
17193,97000
17195,210166.666666667
17197,117000
17199,14166.6666666667
17201,88500
17203,140500
18001,69150
18003,79083.3333333333
18005,64566.6666666667
18007,120366.666666667
18009,23116.6666666667
18011,109000
18013,NA
18015,100250
18017,96950
18019,18000
18021,61750
18023,108566.666666667
18025,NA
18027,89633.3333333333
18029,7883.33333333333
18031,77083.3333333333
18033,44600
18035,66600
18037,59850
18039,59966.6666666667
18041,37016.6666666667
18043,NA
18045,102250
18047,37666.6666666667
18049,87800
18051,99433.3333333333
18053,73783.3333333333
18055,46533.3333333333
18057,55266.6666666667
18059,72583.3333333333
18061,24666.6666666667
18063,62166.6666666667
18065,75583.3333333333
18067,69566.6666666667
18069,67066.6666666667
18071,63266.6666666667
18073,147050
18075,71166.6666666667
18077,15716.6666666667
18079,36350
18081,54133.3333333333
18083,127233.333333333
18085,98216.6666666667
18087,55866.6666666667
18089,63050
18091,114916.666666667
18093,16900
18095,87450
18097,7883.33333333333
18099,91716.6666666667
18101,15116.6666666667
18103,71200
18105,5600
18107,117316.666666667
18109,47700
18111,111633.333333333
18113,62616.6666666667
18115,NA
18117,20966.6666666667
18119,18183.3333333333
18121,63350
18123,9766.66666666667
18125,32300
18127,64433.3333333333
18129,88133.3333333333
18131,107266.666666667
18133,67183.3333333333
18135,88100
18137,44083.3333333333
18139,103716.666666667
18141,71433.3333333333
18143,12883.3333333333
18145,99050
18147,56266.6666666667
18149,60083.3333333333
18151,36366.6666666667
18153,71900
18155,NA
18157,101700
18159,73483.3333333333
18161,33083.3333333333
18163,37466.6666666667
18165,35633.3333333333
18167,53066.6666666667
18169,72966.6666666667
18171,88733.3333333333
18173,37300
18175,38333.3333333333
18177,62333.3333333333
18179,80450
18181,134366.666666667
18183,53300
19001,105916.666666667
19003,63833.3333333333
19005,70666.6666666667
19007,28166.6666666667
19009,105166.666666667
19011,179166.666666667
19013,139166.666666667
19015,143416.666666667
19017,114750
19019,159166.666666667
19021,164833.333333333
19023,149250
19025,165583.333333333
19027,161916.666666667
19029,122833.333333333
19031,144750
19033,162733.333333333
19035,143166.666666667
19037,127900
19039,29583.3333333333
19041,149750
19043,136166.666666667
19045,182666.666666667
19047,178666.666666667
19049,128833.333333333
19051,35500
19053,30083.3333333333
19055,170750
19057,72583.3333333333
19059,90250
19061,122800
19063,117166.666666667
19065,177683.333333333
19067,133900
19069,173300
19071,112500
19073,158166.666666667
19075,154916.666666667
19077,107533.333333333
19079,169583.333333333
19081,167000
19083,168916.666666667
19085,159850
19087,82250
19089,112116.666666667
19091,128833.333333333
19093,114983.333333333
19095,112750
19097,93333.3333333333
19099,160666.666666667
19101,62750
19103,105750
19105,138000
19107,100666.666666667
19109,302750
19111,76083.3333333333
19113,140833.333333333
19115,76416.6666666667
19117,23833.3333333333
19119,158833.333333333
19121,65000
19123,119833.333333333
19125,75416.6666666667
19127,140750
19129,99083.3333333333
19131,134250
19133,162950
19135,26083.3333333333
19137,90750
19139,89250
19141,157916.666666667
19143,114416.666666667
19145,102000
19147,159583.333333333
19149,219166.666666667
19151,173250
19153,91000
19155,223666.666666667
19157,123666.666666667
19159,44250
19161,155600
19163,110833.333333333
19165,156000
19167,240166.666666667
19169,159250
19171,161000
19173,69583.3333333333
19175,51916.6666666667
19177,42583.3333333333
19179,54166.6666666667
19181,67750
19183,113166.666666667
19185,44083.3333333333
19187,190500
19189,123700
19191,135500
19193,190750
19195,110066.666666667
19197,173050
20001,19683.3333333333
20003,33166.6666666667
20005,51916.6666666667
20007,3533.33333333333
20009,31383.3333333333
20011,8316.66666666667
20013,103066.666666667
20015,33266.6666666667
20017,8500
20019,1783.33333333333
20021,27883.3333333333
20023,35733.3333333333
20025,933.333333333333
20027,18800
20029,15516.6666666667
20031,22816.6666666667
20033,1820
20035,7266.66666666667
20037,32200
20039,61183.3333333333
20041,11433.3333333333
20043,76233.3333333333
20045,26850
20047,66700
20049,3900
20051,3400
20053,1240
20055,84000
20057,49916.6666666667
20059,26416.6666666667
20061,5983.33333333333
20063,38966.6666666667
20065,28033.3333333333
20067,48000
20069,88350
20071,35816.6666666667
20073,10100
20075,13133.3333333333
20077,2100
20079,28566.6666666667
20081,107800
20083,14666.6666666667
20085,26016.6666666667
20087,36283.3333333333
20089,13083.3333333333
20091,12850
20093,47466.6666666667
20095,9333.33333333333
20097,29166.6666666667
20099,17416.6666666667
20101,11333.3333333333
20103,20216.6666666667
20105,2883.33333333333
20107,11550
20109,31150
20111,25900
20113,23266.6666666667
20115,17916.6666666667
20117,54483.3333333333
20119,74883.3333333333
20121,16700
20123,8616.66666666667
20125,22150
20127,11583.3333333333
20129,22750
20131,76316.6666666667
20133,20283.3333333333
20135,6216.66666666667
20137,52600
20139,24500
20141,6166.66666666667
20143,3916.66666666667
20145,34833.3333333333
20147,21916.6666666667
20149,28550
20151,63850
20153,43083.3333333333
20155,30633.3333333333
20157,60916.6666666667
20159,25350
20161,10480
20163,8433.33333333333
20165,5533.33333333333
20167,1625
20169,3783.33333333333
20171,44316.6666666667
20173,27433.3333333333
20175,61116.6666666667
20177,29816.6666666667
20179,106216.666666667
20181,92300
20183,12450
20185,66550
20187,66433.3333333333
20189,109550
20191,8366.66666666667
20193,120350
20195,10700
20197,16533.3333333333
20199,48900
20201,40016.6666666667
20203,39100
20205,16533.3333333333
20207,14216.6666666667
20209,2700
21001,7600
21003,2775
21005,900
21007,26366.6666666667
21009,16233.3333333333
21011,2466.66666666667
21013,NA
21015,2225
21017,4050
21019,NA
21021,2558.33333333333
21023,1350
21027,12791.6666666667
21029,2558.33333333333
21031,14108.3333333333
21033,22008.3333333333
21035,37183.3333333333
21037,733.333333333333
21039,22483.3333333333
21041,975
21043,833.333333333333
21045,4266.66666666667
21047,75866.6666666667
21049,2258.33333333333
21051,850
21053,1375
21055,10991.6666666667
21057,1583.33333333333
21059,66391.6666666667
21061,2250
21063,NA
21065,980
21067,3075
21069,4941.66666666667
21073,1241.66666666667
21075,28266.6666666667
21077,930
21079,1566.66666666667
21081,900
21083,58641.6666666667
21085,9408.33333333333
21087,4233.33333333333
21089,1533.33333333333
21091,7075
21093,24750
21095,NA
21097,3191.66666666667
21099,4516.66666666667
21101,71016.6666666667
21103,4525
21105,39925
21107,26641.6666666667
21109,NA
21111,1208.33333333333
21113,1241.66666666667
21117,600
21121,841.666666666667
21123,15191.6666666667
21125,1500
21127,NA
21129,NA
21135,2158.33333333333
21137,8316.66666666667
21139,8741.66666666667
21141,56708.3333333333
21143,5816.66666666667
21145,13866.6666666667
21147,NA
21149,41133.3333333333
21151,2433.33333333333
21153,NA
21155,10800
21157,10225
21159,NA
21161,5641.66666666667
21163,10516.6666666667
21165,550
21167,2666.66666666667
21169,3433.33333333333
21171,4916.66666666667
21173,1741.66666666667
21175,800
21177,14050
21179,13091.6666666667
21181,1140
21183,24666.6666666667
21185,4066.66666666667
21187,883.333333333333
21189,NA
21191,1258.33333333333
21195,NA
21197,NA
21199,8416.66666666667
21201,NA
21203,1466.66666666667
21205,900
21207,4783.33333333333
21209,2425
21211,14033.3333333333
21213,35216.6666666667
21215,3575
21217,8366.66666666667
21219,45858.3333333333
21221,19883.3333333333
21223,1020
21225,82366.6666666667
21227,27883.3333333333
21229,4225
21231,5133.33333333333
21233,36708.3333333333
21235,910
21237,583.333333333333
21239,2150
22001,NA
22003,NA
22005,NA
22007,NA
22009,8350
22011,1766.66666666667
22013,NA
22015,2875
22017,14266.6666666667
22019,NA
22021,1550
22023,NA
22025,26116.6666666667
22027,NA
22029,29950
22031,NA
22033,NA
22035,37750
22037,1250
22039,NA
22041,37500
22043,1900
22045,NA
22047,NA
22049,NA
22053,NA
22055,NA
22057,NA
22059,NA
22061,NA
22063,NA
22065,70500
22067,46800
22069,11700
22071,NA
22073,4050
22075,NA
22077,11716.6666666667
22079,6500
22081,3020
22083,27000
22085,NA
22089,NA
22091,NA
22093,NA
22095,NA
22097,14300
22099,NA
22101,NA
22103,NA
22105,1566.66666666667
22107,43583.3333333333
22109,NA
22111,NA
22113,NA
22115,NA
22117,2400
22119,NA
22121,NA
22123,13866.6666666667
22125,NA
22127,NA
23001,NA
23003,NA
23005,NA
23007,NA
23009,NA
23011,NA
23013,NA
23015,NA
23017,NA
23019,NA
23021,NA
23023,NA
23025,NA
23027,NA
23029,NA
23031,NA
24001,720
24003,5683.33333333333
24005,21450
24009,4166.66666666667
24011,28316.6666666667
24013,40600
24015,21016.6666666667
24017,5900
24019,23266.6666666667
24021,46216.6666666667
24023,7820
24025,25016.6666666667
24027,7016.66666666667
24029,43783.3333333333
24031,12116.6666666667
24033,4916.66666666667
24035,47366.6666666667
24037,9500
24039,12900
24041,32383.3333333333
24043,26766.6666666667
24045,23300
24047,36116.6666666667
25003,NA
25005,NA
25007,NA
25009,NA
25011,NA
25013,NA
25015,NA
25017,NA
25023,NA
25027,NA
26001,2550
26003,NA
26005,79416.6666666667
26007,5666.66666666667
26009,3640
26011,16266.6666666667
26013,NA
26015,39250
26017,45483.3333333333
26019,1650
26021,44250
26023,80750
26025,70916.6666666667
26027,67666.6666666667
26029,2625
26031,NA
26033,NA
26035,4200
26037,70333.3333333333
26039,NA
26041,3375
26043,NA
26045,59666.6666666667
26047,1740
26049,28833.3333333333
26051,6600
26053,NA
26055,6650
26057,81833.3333333333
26059,67750
26061,NA
26063,119416.666666667
26065,50083.3333333333
26067,72916.6666666667
26069,6800
26071,NA
26073,35916.6666666667
26075,51500
26077,51083.3333333333
26079,800
26081,42166.6666666667
26083,NA
26085,NA
26087,36333.3333333333
26089,3175
26091,99083.3333333333
26093,21500
26095,NA
26097,NA
26099,10316.6666666667
26101,1466.66666666667
26103,NA
26105,10933.3333333333
26107,18400
26109,13520
26111,21333.3333333333
26113,15133.3333333333
26115,59533.3333333333
26117,54750
26119,2020
26121,17983.3333333333
26123,27116.6666666667
26125,2900
26127,11833.3333333333
26129,9333.33333333333
26131,NA
26133,7620
26135,NA
26137,1175
26139,44916.6666666667
26141,5560
26143,NA
26145,88416.6666666667
26147,25666.6666666667
26149,83666.6666666667
26151,91083.3333333333
26153,NA
26155,51500
26157,83500
26159,33000
26161,41083.3333333333
26163,2300
26165,3440
27001,NA
27003,8100
27005,21783.3333333333
27007,4000
27009,59866.6666666667
27011,74133.3333333333
27013,180950
27015,154550
27017,1475
27019,61833.3333333333
27021,7300
27023,140616.666666667
27025,24700
27027,41166.6666666667
27029,3380
27033,176500
27035,8100
27037,90866.6666666667
27039,107850
27041,54733.3333333333
27043,200016.666666667
27045,157233.333333333
27047,176350
27049,138600
27051,82833.3333333333
27053,15900
27055,57400
27057,11400
27059,33633.3333333333
27061,NA
27063,182533.333333333
27065,16050
27067,142683.333333333
27069,5600
27071,NA
27073,160516.666666667
27075,NA
27077,NA
27079,91666.6666666667
27081,94550
27083,178116.666666667
27085,103366.666666667
27087,14950
27089,7320
27091,218066.666666667
27093,112683.333333333
27095,22866.6666666667
27097,94216.6666666667
27099,178983.333333333
27101,178883.333333333
27103,116350
27105,196083.333333333
27107,30566.6666666667
27109,109250
27111,142933.333333333
27113,2300
27115,19633.3333333333
27117,101416.666666667
27119,24216.6666666667
27121,96466.6666666667
27123,NA
27125,5766.66666666667
27127,234916.666666667
27129,249466.666666667
27131,81533.3333333333
27133,130066.666666667
27135,6520
27137,NA
27139,40266.6666666667
27141,28583.3333333333
27143,136500
27145,204883.333333333
27147,103716.666666667
27149,139033.333333333
27151,161600
27153,71816.6666666667
27155,105250
27157,83983.3333333333
27159,23100
27161,117000
27163,22066.6666666667
27165,123833.333333333
27167,46916.6666666667
27169,82666.6666666667
27171,78516.6666666667
27173,182483.333333333
28001,NA
28003,7200
28005,NA
28007,1716.66666666667
28009,3500
28011,10733.3333333333
28013,5166.66666666667
28015,5666.66666666667
28017,4333.33333333333
28019,NA
28021,4050
28023,NA
28025,3333.33333333333
28027,12816.6666666667
28029,NA
28031,1266.66666666667
28033,7516.66666666667
28035,NA
28037,NA
28039,1520
28041,NA
28043,2766.66666666667
28045,NA
28047,NA
28049,11566.6666666667
28051,11500
28053,14150
28055,23633.3333333333
28057,3766.66666666667
28059,NA
28061,NA
28063,1366.66666666667
28065,NA
28067,NA
28069,NA
28071,1900
28073,NA
28075,NA
28077,1866.66666666667
28079,NA
28081,5766.66666666667
28083,20066.6666666667
28085,NA
28087,11933.3333333333
28089,16050
28091,NA
28093,5916.66666666667
28095,13466.6666666667
28097,2600
28099,NA
28101,1700
28103,28416.6666666667
28105,NA
28107,6350
28109,NA
28111,NA
28113,NA
28115,3366.66666666667
28117,2900
28119,5020
28121,2850
28123,2733.33333333333
28125,23216.6666666667
28127,1675
28129,NA
28131,NA
28133,22833.3333333333
28135,22116.6666666667
28137,5966.66666666667
28139,4150
28141,1200
28143,3360
28145,3133.33333333333
28147,NA
28149,8633.33333333333
28151,28650
28153,NA
28155,1491.66666666667
28157,NA
28159,NA
28161,1875
28163,38183.3333333333
29001,13266.6666666667
29003,51433.3333333333
29005,124650
29007,73750
29009,1816.66666666667
29011,31383.3333333333
29013,43750
29015,8750
29017,13666.6666666667
29019,22433.3333333333
29021,43900
29023,17283.3333333333
29025,19133.3333333333
29027,23116.6666666667
29029,NA
29031,35300
29033,75716.6666666667
29035,NA
29037,27883.3333333333
29039,2033.33333333333
29041,67966.6666666667
29043,NA
29045,51733.3333333333
29047,7433.33333333333
29049,31466.6666666667
29051,5583.33333333333
29053,40000
29055,NA
29057,8650
29059,NA
29061,29700
29063,25116.6666666667
29065,NA
29067,NA
29069,16566.6666666667
29071,17150
29073,6216.66666666667
29075,29816.6666666667
29077,1280
29079,24033.3333333333
29081,42433.3333333333
29083,21650
29085,1533.33333333333
29087,99466.6666666667
29089,31033.3333333333
29091,NA
29093,NA
29095,18100
29097,16283.3333333333
29099,3783.33333333333
29101,33533.3333333333
29103,36833.3333333333
29105,2216.66666666667
29107,92866.6666666667
29109,5666.66666666667
29111,52266.6666666667
29113,44450
29115,18483.3333333333
29117,25200
29119,NA
29121,22050
29123,NA
29125,1283.33333333333
29127,50583.3333333333
29129,14433.3333333333
29131,2216.66666666667
29133,78366.6666666667
29135,13700
29137,46733.3333333333
29139,46183.3333333333
29141,7383.33333333333
29143,79450
29145,3383.33333333333
29147,112950
29149,NA
29151,9916.66666666667
29153,NA
29155,23733.3333333333
29157,26250
29159,50283.3333333333
29161,700
29163,53416.6666666667
29165,37666.6666666667
29167,2566.66666666667
29169,800
29171,10516.6666666667
29173,44216.6666666667
29175,14383.3333333333
29177,35650
29179,NA
29181,1750
29183,44916.6666666667
29185,9433.33333333333
29186,15133.3333333333
29187,1266.66666666667
29189,5866.66666666667
29195,129816.666666667
29197,8550
29199,37016.6666666667
29201,70333.3333333333
29203,NA
29205,40650
29207,106683.333333333
29209,NA
29211,9233.33333333333
29213,NA
29215,1650
29217,36716.6666666667
29219,19366.6666666667
29221,NA
29223,1916.66666666667
29225,1480
29227,12050
29229,NA
30001,NA
30003,1300
30005,NA
30007,NA
30009,5300
30011,NA
30013,NA
30015,NA
30017,6733.33333333333
30019,NA
30021,3016.66666666667
30023,NA
30025,NA
30027,NA
30029,NA
30031,NA
30033,NA
30035,NA
30037,NA
30039,NA
30041,NA
30043,NA
30045,NA
30047,1500
30049,NA
30051,NA
30053,NA
30055,NA
30057,NA
30059,NA
30061,NA
30063,NA
30065,NA
30067,NA
30069,NA
30071,NA
30073,NA
30075,NA
30077,NA
30079,2900
30081,NA
30083,8083.33333333333
30085,NA
30087,6633.33333333333
30089,NA
30091,NA
30093,NA
30095,2180
30097,NA
30099,NA
30101,NA
30103,5033.33333333333
30105,NA
30107,NA
30109,NA
30111,14183.3333333333
31001,166333.333333333
31003,169000
31005,1700
31007,9800
31009,2583.33333333333
31011,159000
31013,55500
31015,29166.6666666667
31017,38750
31019,186666.666666667
31021,119666.666666667
31023,142500
31025,122666.666666667
31027,149333.333333333
31029,146000
31031,15000
31033,23833.3333333333
31035,146166.666666667
31037,106500
31039,151000
31041,220833.333333333
31043,57500
31045,3950
31047,195166.666666667
31049,21083.3333333333
31051,84833.3333333333
31053,141833.333333333
31055,29333.3333333333
31057,79500
31059,170833.333333333
31061,72333.3333333333
31063,71000
31065,82666.6666666667
31067,126666.666666667
31069,19750
31071,12250
31073,67333.3333333333
31075,NA
31077,70333.3333333333
31079,188833.333333333
31081,195000
31083,75333.3333333333
31085,56333.3333333333
31087,50000
31089,151666.666666667
31091,NA
31093,93666.6666666667
31095,80166.6666666667
31097,37000
31099,157833.333333333
31101,89333.3333333333
31103,9083.33333333333
31105,16833.3333333333
31107,118833.333333333
31109,126666.666666667
31111,193500
31113,21000
31115,7816.66666666667
31117,3050
31119,131333.333333333
31121,126833.333333333
31123,62500
31125,75166.6666666667
31127,79166.6666666667
31129,73500
31131,117666.666666667
31133,39166.6666666667
31135,172333.333333333
31137,163166.666666667
31139,128166.666666667
31141,194500
31143,125500
31145,70333.3333333333
31147,95833.3333333333
31149,22083.3333333333
31151,107166.666666667
31153,37500
31155,174833.333333333
31157,82000
31159,133333.333333333
31161,31500
31163,69500
31165,14083.3333333333
31167,78000
31169,113333.333333333
31171,600
31173,85833.3333333333
31175,71666.6666666667
31177,84166.6666666667
31179,109166.666666667
31181,64166.6666666667
31183,32666.6666666667
31185,201166.666666667
32001,NA
32003,NA
32005,NA
32007,NA
32009,NA
32011,NA
32013,NA
32015,NA
32017,NA
32019,NA
32021,NA
32023,NA
32027,NA
32029,NA
32031,NA
32033,NA
32510,NA
33001,NA
33003,NA
33005,NA
33007,NA
33009,NA
33011,NA
33013,NA
33015,NA
33017,NA
33019,NA
34001,600
34005,8566.66666666667
34007,NA
34009,NA
34011,5100
34015,3700
34019,7800
34021,3566.66666666667
34023,3850
34025,2983.33333333333
34027,1133.33333333333
34029,583.333333333333
34033,18366.6666666667
34035,3166.66666666667
34037,4966.66666666667
34041,19716.6666666667
35001,NA
35003,NA
35005,14550
35006,NA
35007,NA
35009,25350
35011,NA
35013,12500
35015,NA
35017,NA
35019,NA
35021,NA
35023,2300
35025,NA
35027,NA
35029,2050
35031,NA
35033,NA
35035,NA
35037,450
35039,NA
35041,19416.6666666667
35043,400
35045,10666.6666666667
35047,NA
35049,4125
35051,1400
35053,NA
35055,NA
35057,5666.66666666667
35059,23450
35061,NA
36001,3800
36003,11900
36007,6350
36009,18933.3333333333
36011,61066.6666666667
36013,22616.6666666667
36015,5383.33333333333
36017,15250
36019,18383.3333333333
36021,16083.3333333333
36023,13783.3333333333
36025,7766.66666666667
36027,8566.66666666667
36029,21316.6666666667
36031,2220
36033,12850
36035,3133.33333333333
36037,45416.6666666667
36039,1366.66666666667
36043,14766.6666666667
36045,35066.6666666667
36049,21216.6666666667
36051,51266.6666666667
36053,28483.3333333333
36055,22733.3333333333
36057,23083.3333333333
36063,32133.3333333333
36065,34916.6666666667
36067,37883.3333333333
36069,40966.6666666667
36071,9800
36073,29033.3333333333
36075,8100
36077,16633.3333333333
36079,NA
36083,13583.3333333333
36089,34116.6666666667
36091,10316.6666666667
36093,560
36095,9516.66666666667
36097,6050
36099,29400
36101,34516.6666666667
36103,1666.66666666667
36105,1783.33333333333
36107,10283.3333333333
36109,14066.6666666667
36111,1950
36113,NA
36115,30983.3333333333
36117,34516.6666666667
36119,NA
36121,48750
36123,15300
37001,4150
37003,2900
37005,NA
37007,5966.66666666667
37009,NA
37011,NA
37013,45016.6666666667
37015,17000
37017,22183.3333333333
37019,4950
37021,NA
37023,891.666666666667
37025,3666.66666666667
37027,1125
37029,16700
37031,20000
37033,1141.66666666667
37035,2650
37037,2266.66666666667
37039,741.666666666667
37041,3616.66666666667
37043,425
37045,2060
37047,29933.3333333333
37049,12300
37051,9120
37053,10566.6666666667
37057,5783.33333333333
37059,4533.33333333333
37061,40750
37063,NA
37065,10116.6666666667
37067,1725
37069,1454.16666666667
37071,NA
37073,6100
37077,1850
37079,10200
37081,6183.33333333333
37083,4775
37085,3950
37087,NA
37089,4200
37091,9483.33333333333
37093,1583.33333333333
37095,25833.3333333333
37097,15216.6666666667
37101,7725
37103,7516.66666666667
37105,633.333333333333
37107,17850
37109,2741.66666666667
37111,750
37115,NA
37117,3666.66666666667
37119,870
37121,NA
37123,800
37125,854.166666666667
37127,2083.33333333333
37129,640
37131,2508.33333333333
37133,10566.6666666667
37135,3150
37137,9883.33333333333
37139,21233.3333333333
37141,11566.6666666667
37143,14516.6666666667
37145,2308.33333333333
37147,14141.6666666667
37149,NA
37151,7400
37153,1162.5
37155,39400
37157,2716.66666666667
37159,7850
37161,425
37163,28200
37165,1350
37167,10658.3333333333
37169,1208.33333333333
37171,6366.66666666667
37173,NA
37175,920.833333333333
37177,25500
37179,25450
37181,NA
37183,980
37185,1025
37187,24800
37189,NA
37191,24500
37193,7116.66666666667
37195,5600
37197,12583.3333333333
37199,NA
38001,9066.66666666667
38003,48083.3333333333
38005,21150
38007,1700
38009,4675
38011,8116.66666666667
38013,800
38015,21450
38017,100833.333333333
38019,1250
38021,98166.6666666667
38023,1500
38025,14666.6666666667
38027,9580
38029,38000
38031,14066.6666666667
38033,4950
38035,32833.3333333333
38037,13400
38039,11750
38041,7916.66666666667
38043,17666.6666666667
38045,71833.3333333333
38047,14750
38049,17250
38051,20083.3333333333
38053,4483.33333333333
38055,9983.33333333333
38057,4860
38059,28500
38061,1800
38063,11100
38065,9180
38067,11900
38069,10833.3333333333
38071,28666.6666666667
38073,61666.6666666667
38075,2500
38077,218666.666666667
38079,5475
38081,80666.6666666667
38083,4520
38085,3750
38087,3233.33333333333
38089,11150
38091,31833.3333333333
38093,46750
38095,5500
38097,68833.3333333333
38099,10883.3333333333
38101,6150
38103,19966.6666666667
38105,2380
39001,13100
39003,59916.6666666667
39005,36033.3333333333
39007,19533.3333333333
39009,2950
39011,65800
39013,1625
39015,23733.3333333333
39017,30400
39019,10100
39021,81816.6666666667
39023,61483.3333333333
39025,13266.6666666667
39027,66666.6666666667
39029,23066.6666666667
39031,24833.3333333333
39033,77716.6666666667
39035,NA
39037,126883.333333333
39039,49266.6666666667
39041,38800
39043,29533.3333333333
39045,57450
39047,79100
39049,19700
39051,85616.6666666667
39053,2916.66666666667
39055,4633.33333333333
39057,57383.3333333333
39059,4466.66666666667
39061,4716.66666666667
39063,83916.6666666667
39065,77766.6666666667
39067,4033.33333333333
39069,75266.6666666667
39071,35716.6666666667
39073,2416.66666666667
39075,31216.6666666667
39077,63466.6666666667
39079,3433.33333333333
39081,2575
39083,45850
39085,NA
39087,1750
39089,48850
39091,64533.3333333333
39093,22816.6666666667
39095,24616.6666666667
39097,88066.6666666667
39099,15150
39101,57816.6666666667
39103,17483.3333333333
39105,3250
39107,96366.6666666667
39109,71083.3333333333
39111,1840
39113,34050
39115,3800
39117,42433.3333333333
39119,16100
39121,1480
39123,19016.6666666667
39125,53600
39127,19300
39129,88783.3333333333
39131,8150
39133,15666.6666666667
39135,74250
39137,76250
39139,33283.3333333333
39141,47616.6666666667
39143,61050
39145,7833.33333333333
39147,80000
39149,69666.6666666667
39151,30933.3333333333
39153,1850
39155,20516.6666666667
39157,22616.6666666667
39159,49850
39161,77650
39163,1400
39165,21733.3333333333
39167,10883.3333333333
39169,68300
39171,50300
39173,96900
39175,66116.6666666667
40001,NA
40003,800
40005,600
40007,7366.66666666667
40009,NA
40011,750
40013,2960
40015,3666.66666666667
40017,600
40019,NA
40021,NA
40023,3433.33333333333
40025,25583.3333333333
40027,950
40029,NA
40031,3100
40033,700
40035,4100
40037,NA
40039,1560
40041,1000
40043,1233.33333333333
40045,2160
40047,1850
40049,3116.66666666667
40051,5166.66666666667
40053,2760
40055,NA
40057,1260
40059,1640
40061,1133.33333333333
40063,1416.66666666667
40065,NA
40067,NA
40069,NA
40071,12650
40073,880
40075,1700
40077,NA
40079,3683.33333333333
40081,920
40083,600
40085,NA
40087,2116.66666666667
40089,11883.3333333333
40091,600
40093,3316.66666666667
40095,725
40097,1600
40099,500
40101,8350
40103,2350
40105,1616.66666666667
40107,940
40109,1425
40111,2233.33333333333
40113,1500
40115,5533.33333333333
40117,NA
40119,700
40121,850
40123,500
40125,2450
40127,NA
40129,NA
40131,500
40133,NA
40135,6683.33333333333
40137,NA
40139,84333.3333333333
40141,11083.3333333333
40143,NA
40145,4383.33333333333
40147,825
40149,800
40151,NA
40153,NA
41001,NA
41003,NA
41005,NA
41007,NA
41009,NA
41011,NA
41013,NA
41015,NA
41017,NA
41019,NA
41021,820
41023,NA
41025,NA
41027,NA
41029,NA
41031,NA
41033,NA
41035,NA
41037,NA
41039,NA
41041,NA
41043,1900
41045,19433.3333333333
41047,NA
41049,8216.66666666667
41051,NA
41053,NA
41055,NA
41057,NA
41059,6450
41061,NA
41063,NA
41065,NA
41067,NA
41069,NA
41071,NA
42001,30233.3333333333
42003,1450
42005,15416.6666666667
42007,5550
42009,33850
42011,63916.6666666667
42013,28116.6666666667
42015,31650
42017,19650
42019,18716.6666666667
42021,12516.6666666667
42023,216.666666666667
42025,3250
42027,28883.3333333333
42029,45533.3333333333
42031,10750
42033,5333.33333333333
42035,10433.3333333333
42037,21783.3333333333
42039,31850
42041,43366.6666666667
42043,20500
42045,700
42047,1216.66666666667
42049,26150
42051,11600
42053,583.333333333333
42055,75050
42057,12450
42059,1583.33333333333
42061,25566.6666666667
42063,21650
42065,8383.33333333333
42067,19833.3333333333
42069,1950
42071,173850
42073,18366.6666666667
42075,48783.3333333333
42077,33983.3333333333
42079,8983.33333333333
42081,25916.6666666667
42083,1600
42085,36650
42087,21450
42089,3866.66666666667
42091,11100
42093,7750
42095,34316.6666666667
42097,38983.3333333333
42099,22500
42101,NA
42103,1140
42105,6700
42107,21400
42109,20683.3333333333
42111,29000
42113,3266.66666666667
42115,7166.66666666667
42117,15083.3333333333
42119,17183.3333333333
42121,6633.33333333333
42123,5466.66666666667
42125,8983.33333333333
42127,3250
42129,20216.6666666667
42131,7133.33333333333
42133,82550
44001,NA
44003,NA
44005,NA
44007,NA
44009,NA
45001,NA
45003,3433.33333333333
45005,13633.3333333333
45007,975
45009,8250
45011,5900
45013,600
45015,3033.33333333333
45017,9516.66666666667
45019,666.666666666667
45021,NA
45023,450
45025,4200
45027,33566.6666666667
45029,7383.33333333333
45031,13033.3333333333
45033,6766.66666666667
45035,8583.33333333333
45037,900
45039,NA
45041,13700
45043,2150
45045,500
45047,NA
45049,10633.3333333333
45051,16050
45053,1500
45055,1416.66666666667
45057,720
45059,500
45061,15250
45063,5900
45065,NA
45067,5616.66666666667
45069,3066.66666666667
45071,3966.66666666667
45073,600
45075,36750
45077,NA
45079,4350
45081,1066.66666666667
45083,1083.33333333333
45085,29466.6666666667
45087,NA
45089,15416.6666666667
45091,450
46003,71000
46005,164250
46007,13050
46009,94500
46011,121666.666666667
46013,231500
46015,72583.3333333333
46017,12916.6666666667
46019,6583.33333333333
46021,40000
46023,134583.333333333
46025,90166.6666666667
46027,90833.3333333333
46029,72916.6666666667
46031,15000
46033,800
46035,69500
46037,63916.6666666667
46039,72166.6666666667
46041,12833.3333333333
46043,73166.6666666667
46045,96750
46047,3040
46049,59416.6666666667
46051,76583.3333333333
46053,52416.6666666667
46055,10850
46057,86416.6666666667
46059,107416.666666667
46061,76416.6666666667
46063,2666.66666666667
46065,27583.3333333333
46067,155416.666666667
46069,32500
46071,1783.33333333333
46073,46166.6666666667
46075,8666.66666666667
46077,119750
46079,110500
46081,NA
46083,143250
46085,32500
46087,120583.333333333
46089,42333.3333333333
46091,82583.3333333333
46093,3633.33333333333
46095,6750
46097,67583.3333333333
46099,160083.333333333
46101,114333.333333333
46103,5000
46105,20466.6666666667
46107,54833.3333333333
46109,87583.3333333333
46111,63750
46113,3300
46115,186166.666666667
46117,3380
46119,64250
46121,8833.33333333333
46123,75416.6666666667
46125,151083.333333333
46127,119166.666666667
46129,36166.6666666667
46135,88000
46137,2283.33333333333
47001,NA
47003,7216.66666666667
47005,3200
47007,2133.33333333333
47009,3350
47011,2300
47013,NA
47015,5300
47017,27416.6666666667
47019,NA
47021,1316.66666666667
47023,2983.33333333333
47025,980
47027,NA
47029,2000
47031,18200
47033,5083.33333333333
47035,1483.33333333333
47037,833.333333333333
47039,2366.66666666667
47041,2083.33333333333
47043,1100
47045,28033.3333333333
47047,12833.3333333333
47049,900
47051,22500
47053,58250
47055,10583.3333333333
47057,1060
47059,5633.33333333333
47061,2133.33333333333
47063,1633.33333333333
47065,600
47067,NA
47069,6366.66666666667
47071,7700
47073,800
47075,11166.6666666667
47077,8916.66666666667
47079,33833.3333333333
47081,2600
47083,NA
47085,6400
47087,NA
47089,2300
47091,900
47093,NA
47095,13800
47097,19850
47099,12866.6666666667
47101,NA
47103,10500
47105,2300
47107,4966.66666666667
47109,7450
47111,2050
47113,13100
47115,2466.66666666667
47117,4333.33333333333
47119,7250
47121,1350
47123,3716.66666666667
47125,17450
47127,966.666666666667
47129,NA
47131,68833.3333333333
47133,1400
47135,2216.66666666667
47137,NA
47139,3116.66666666667
47141,860
47143,1200
47145,NA
47147,30083.3333333333
47149,5283.33333333333
47151,NA
47153,983.333333333333
47155,NA
47157,7850
47159,1833.33333333333
47161,2483.33333333333
47163,1633.33333333333
47165,6866.66666666667
47167,13466.6666666667
47169,1133.33333333333
47171,NA
47173,NA
47175,NA
47177,5133.33333333333
47179,6133.33333333333
47181,1650
47183,63500
47185,3050
47187,3633.33333333333
47189,933.333333333333
48001,NA
48003,NA
48005,NA
48007,NA
48009,NA
48011,NA
48013,3233.33333333333
48015,3950
48017,6933.33333333333
48019,NA
48021,1933.33333333333
48023,NA
48025,23000
48027,68550
48029,12266.6666666667
48031,NA
48033,NA
48035,1500
48037,9450
48039,2550
48041,5250
48045,3650
48047,2300
48049,NA
48051,10916.6666666667
48053,NA
48055,6200
48057,13416.6666666667
48059,NA
48061,18283.3333333333
48063,1633.33333333333
48065,10833.3333333333
48067,NA
48069,78633.3333333333
48071,4000
48073,NA
48075,NA
48077,NA
48079,1300
48081,NA
48083,NA
48085,33016.6666666667
48087,NA
48089,12466.6666666667
48091,1275
48093,5820
48095,2200
48097,2266.66666666667
48099,7916.66666666667
48101,NA
48107,1400
48109,NA
48111,137816.666666667
48113,4383.33333333333
48115,NA
48117,23383.3333333333
48119,6250
48121,5160
48123,8266.66666666667
48125,NA
48127,1300
48129,1175
48131,2500
48133,NA
48135,NA
48137,NA
48139,31366.6666666667
48141,5250
48143,2300
48145,71016.6666666667
48147,15416.6666666667
48149,10166.6666666667
48151,NA
48153,7983.33333333333
48155,NA
48157,14916.6666666667
48159,NA
48161,NA
48163,3900
48165,1800
48167,NA
48169,NA
48171,2133.33333333333
48173,NA
48175,6650
48177,5100
48179,4916.66666666667
48181,17883.3333333333
48183,NA
48185,2166.66666666667
48187,21266.6666666667
48189,24116.6666666667
48191,NA
48193,1550
48195,35200
48197,NA
48199,NA
48201,5733.33333333333
48203,NA
48205,116450
48207,NA
48209,3966.66666666667
48211,NA
48213,NA
48215,23566.6666666667
48217,59850
48219,NA
48221,NA
48223,3400
48225,2300
48227,NA
48229,1650
48231,6120
48233,12000
48235,NA
48237,NA
48239,50850
48241,NA
48245,1700
48247,NA
48249,18983.3333333333
48251,4166.66666666667
48253,NA
48255,13483.3333333333
48257,4480
48259,NA
48261,NA
48263,NA
48265,NA
48267,NA
48269,NA
48271,NA
48273,2366.66666666667
48275,NA
48277,19566.6666666667
48279,34333.3333333333
48281,1100
48283,NA
48285,5600
48287,1433.33333333333
48289,NA
48291,8816.66666666667
48293,11583.3333333333
48295,3766.66666666667
48297,11450
48299,NA
48303,NA
48305,NA
48307,6100
48309,62683.3333333333
48311,NA
48313,NA
48315,NA
48317,NA
48319,NA
48321,5450
48323,NA
48325,25316.6666666667
48327,NA
48329,NA
48331,46566.6666666667
48333,NA
48335,NA
48337,NA
48339,NA
48341,67350
48343,NA
48345,NA
48347,NA
48349,10783.3333333333
48351,NA
48353,NA
48355,18183.3333333333
48357,14000
48359,NA
48361,NA
48363,NA
48365,NA
48367,NA
48369,43883.3333333333
48371,NA
48373,NA
48375,NA
48377,NA
48379,NA
48381,2700
48383,NA
48385,NA
48387,8800
48389,NA
48391,11183.3333333333
48393,2200
48395,7183.33333333333
48397,3300
48399,NA
48401,NA
48403,NA
48405,NA
48407,NA
48409,14566.6666666667
48411,NA
48413,NA
48415,NA
48417,NA
48419,NA
48421,78966.6666666667
48423,NA
48425,NA
48427,3266.66666666667
48429,NA
48431,NA
48433,NA
48435,NA
48437,12083.3333333333
48439,1800
48441,NA
48445,2250
48447,NA
48449,NA
48451,3216.66666666667
48453,12700
48455,NA
48457,NA
48459,NA
48461,NA
48463,19483.3333333333
48465,NA
48467,NA
48469,30300
48471,1725
48473,8833.33333333333
48477,1340
48479,NA
48481,41200
48483,1100
48485,1440
48487,2033.33333333333
48489,2600
48491,86850
48493,9850
48497,1400
48499,NA
48501,NA
48503,NA
48505,NA
48507,3916.66666666667
49001,NA
49003,10583.3333333333
49005,6850
49007,650
49009,NA
49011,2216.66666666667
49013,2483.33333333333
49015,1383.33333333333
49017,NA
49019,NA
49021,NA
49023,1480
49025,NA
49027,6640
49029,NA
49031,NA
49033,NA
49035,700
49037,NA
49039,2450
49041,3680
49043,NA
49045,500
49047,3283.33333333333
49049,7716.66666666667
49051,NA
49053,NA
49055,NA
49057,4250
50001,NA
50003,NA
50005,NA
50007,NA
50009,NA
50011,NA
50013,NA
50015,NA
50017,NA
50019,NA
50021,NA
50023,NA
50025,NA
50027,NA
51001,23500
51003,2666.66666666667
51005,925
51007,5133.33333333333
51009,NA
51011,1220
51015,24166.6666666667
51017,700
51019,3420
51021,NA
51023,3250
51025,1066.66666666667
51027,NA
51029,1133.33333333333
51031,3516.66666666667
51033,11700
51035,2000
51036,6183.33333333333
51037,2466.66666666667
51041,NA
51043,4183.33333333333
51045,NA
51047,10483.3333333333
51049,2175
51051,NA
51053,3483.33333333333
51057,17583.3333333333
51059,NA
51061,11533.3333333333
51063,NA
51065,1650
51067,12566.6666666667
51069,2600
51071,NA
51073,6516.66666666667
51075,4716.66666666667
51077,NA
51079,900
51081,1200
51083,2700
51085,13616.6666666667
51087,2266.66666666667
51089,NA
51091,NA
51093,9666.66666666667
51095,1816.66666666667
51097,13033.3333333333
51099,3983.33333333333
51101,12583.3333333333
51103,5900
51105,900
51107,7016.66666666667
51109,2966.66666666667
51111,NA
51113,7050
51115,1033.33333333333
51117,2360
51119,5733.33333333333
51121,2500
51125,NA
51127,4316.66666666667
51131,7150
51133,14483.3333333333
51135,1550
51137,8333.33333333333
51139,3950
51141,1566.66666666667
51143,7416.66666666667
51145,1950
51147,2333.33333333333
51149,4550
51153,2483.33333333333
51155,2700
51157,966.666666666667
51159,11716.6666666667
51161,NA
51163,3866.66666666667
51165,35316.6666666667
51167,NA
51169,NA
51171,8800
51173,NA
51175,10066.6666666667
51177,3016.66666666667
51179,1533.33333333333
51181,6116.66666666667
51183,5283.33333333333
51185,NA
51187,666.666666666667
51191,4033.33333333333
51193,13450
51195,NA
51197,6933.33333333333
51199,NA
51515,NA
51520,NA
51530,NA
51540,NA
51550,13816.6666666667
51570,NA
51590,NA
51595,NA
51620,NA
51630,NA
51640,NA
51660,NA
51680,NA
51690,NA
51700,NA
51730,NA
51750,NA
51770,NA
51775,NA
51790,NA
51800,9300
51810,6800
51820,NA
51830,NA
51840,NA
53001,5533.33333333333
53003,NA
53005,NA
53007,NA
53009,NA
53011,NA
53013,NA
53015,NA
53017,NA
53019,NA
53021,12350
53023,NA
53025,37433.3333333333
53027,NA
53029,NA
53031,NA
53033,NA
53035,NA
53037,NA
53039,NA
53041,NA
53043,NA
53045,NA
53047,NA
53049,NA
53051,NA
53053,NA
53055,NA
53057,NA
53059,NA
53061,NA
53063,NA
53065,NA
53067,NA
53069,NA
53071,NA
53073,NA
53075,NA
53077,25533.3333333333
54001,NA
54003,4583.33333333333
54005,NA
54007,NA
54009,NA
54011,NA
54013,NA
54015,NA
54017,NA
54019,NA
54021,NA
54023,1000
54025,1850
54027,1500
54029,NA
54031,5366.66666666667
54033,NA
54035,NA
54037,13316.6666666667
54039,NA
54041,NA
54043,NA
54045,NA
54047,NA
54049,NA
54051,NA
54053,5116.66666666667
54055,NA
54057,1000
54061,NA
54063,2400
54065,NA
54067,NA
54069,NA
54071,1950
54073,NA
54075,NA
54077,3166.66666666667
54079,NA
54081,NA
54083,NA
54085,NA
54087,NA
54089,NA
54091,NA
54093,NA
54095,NA
54097,NA
54099,NA
54101,NA
54103,NA
54105,NA
54107,NA
54109,NA
55001,22450
55003,NA
55005,76050
55007,NA
55009,58116.6666666667
55011,61500
55013,14433.3333333333
55015,43950
55017,83083.3333333333
55019,82416.6666666667
55021,119750
55023,30433.3333333333
55025,194733.333333333
55027,144033.333333333
55029,19433.3333333333
55031,NA
55033,86816.6666666667
55035,41883.3333333333
55037,NA
55039,98000
55041,NA
55043,144900
55045,95133.3333333333
55047,51800
55049,68000
55051,NA
55053,39266.6666666667
55055,85933.3333333333
55057,36400
55059,33316.6666666667
55061,41783.3333333333
55063,33350
55065,112433.333333333
55067,10066.6666666667
55069,7950
55071,63050
55073,95016.6666666667
55075,29600
55077,29200
55078,NA
55079,1080
55081,56000
55083,50833.3333333333
55085,NA
55087,81250
55089,16516.6666666667
55091,27250
55093,74650
55095,59850
55097,43733.3333333333
55099,4133.33333333333
55101,41750
55103,35316.6666666667
55105,152916.666666667
55107,18166.6666666667
55109,81516.6666666667
55111,80700
55113,4833.33333333333
55115,69650
55117,48583.3333333333
55119,30733.3333333333
55121,76266.6666666667
55123,59050
55125,NA
55127,95633.3333333333
55129,12500
55131,35066.6666666667
55133,30533.3333333333
55135,58133.3333333333
55137,27016.6666666667
55139,48166.6666666667
55141,34266.6666666667
56001,NA
56003,6683.33333333333
56005,NA
56007,NA
56009,NA
56011,NA
56013,4600
56015,39250
56017,300
56019,NA
56021,9400
56023,NA
56025,NA
56027,466.666666666667
56029,4350
56031,11300
56033,NA
56035,NA
56037,NA
56039,NA
56041,NA
56043,4275
56045,NA
