1001,1.37933757211694
1003,2.40698469109834
1005,2.27566787468125
1007,NA
1009,1.65718547214695
1011,1.168452992
1013,1.67809143786578
1015,2.75128062196549
1017,NA
1019,2.3579056223453
1021,1.57169628
1023,NA
1025,NA
1027,NA
1029,2.49778001126514
1031,1.86294797416751
1033,3.23917661975366
1035,1.6959491519743
1037,NA
1039,1.68720701679773
1041,0.634643934427643
1043,2.15944439389412
1045,1.59848660897691
1047,2.03907871709063
1049,2.63022744948462
1051,2.28284740839642
1053,1.81159968793604
1055,2.10619989305503
1057,2.02239167422097
1059,1.19604388678821
1061,2.12880792994707
1063,0.980514733198181
1065,1.97640685764876
1067,2.38441830083994
1069,2.15528026669717
1071,2.57442946802207
1073,NA
1075,1.36234348302936
1077,2.87577624691545
1079,3.2425255336381
1081,NA
1083,2.98918800177539
1085,1.30401884061316
1087,1.91888684570072
1089,2.91821889520524
1091,0.788443698451884
1093,2.16909274870782
1095,2.34493867455404
1097,1.26925229528531
1099,0.792320567557251
1101,1.91274710026424
1103,2.14862471539701
1105,1.727278336
1107,1.49231768
1109,2.03795644141056
1111,1.041447232
1113,1.37589571718372
1115,NA
1117,0.88904032
1119,1.47335501713605
1121,2.39032385744294
1123,NA
1125,2.25002021814945
1127,NA
1129,1.73965325900025
1131,1.58607528574813
1133,NA
4001,NA
4003,4.42572354631755
4005,NA
4007,NA
4009,4.36169031287842
4011,NA
4012,4.60014878223633
4013,0.202262709627961
4015,NA
4017,NA
4019,NA
4021,0.741781833389872
4023,NA
4025,NA
4027,4.1120308564043
5001,4.311845552
5003,3.62630494731982
5005,NA
5007,NA
5009,NA
5011,NA
5013,NA
5015,NA
5017,3.48057157406396
5019,NA
5021,3.74561644815039
5023,NA
5025,NA
5027,NA
5029,3.04222140773405
5031,3.46635735901294
5033,2.76468210428525
5035,3.17029707989429
5037,3.08200650726514
5039,NA
5041,4.04261266220239
5043,3.72852621231494
5045,3.073539392
5047,NA
5049,NA
5051,NA
5053,NA
5055,3.3866796680966
5057,NA
5059,NA
5061,NA
5063,2.83995868851725
5065,NA
5067,3.35869670904403
5069,3.9153724097561
5071,3.13215742613252
5073,2.94463863588102
5075,NA
5077,3.69010627225146
5079,3.49159782231868
5081,2.91916691005249
5083,3.27991438522184
5085,3.8846627169834
5087,NA
5089,NA
5091,2.40561637276554
5093,3.71995496431608
5095,3.58987438174007
5097,NA
5099,NA
5101,NA
5103,NA
5105,NA
5107,3.41917486258154
5109,NA
5111,3.46492879614697
5113,NA
5115,2.997335936
5117,3.85785662577793
5119,NA
5121,3.78323491499593
5123,3.63114392181372
5125,NA
5127,NA
5129,NA
5131,NA
5133,NA
5135,NA
5137,NA
5139,NA
5141,NA
5143,NA
5145,3.11164112
5147,3.40795821033634
5149,2.82957513044108
6001,3.33319559091162
6003,NA
6005,4.4452016
6007,2.90052931476465
6009,NA
6011,3.80935201183952
6013,3.06355243623071
6015,NA
6017,NA
6019,0.608984376435221
6021,3.80023800749528
6023,1.07954896
6025,2.09947577693876
6027,NA
6029,0.158856429306107
6031,0.527801520979645
6033,NA
6035,NA
6037,NA
6039,0.756828109034403
6041,NA
6043,NA
6045,NA
6047,0.43505375485201
6049,NA
6051,NA
6053,NA
6055,NA
6057,NA
6059,NA
6061,3.8101728
6063,NA
6065,1.22791136179004
6067,3.15353170976473
6069,NA
6071,2.2274856071084
6073,NA
6077,2.57264598824194
6079,3.175144
6081,NA
6083,3.11164112
6085,NA
6087,NA
6089,NA
6091,NA
6093,NA
6095,4.06020143673047
6097,NA
6099,0.184152583558495
6101,4.23545094912712
6103,2.86501304363078
6107,0.263402068375829
6109,NA
6111,NA
6113,4.43468361250765
6115,2.70691611105303
8001,1.97904005278426
8003,NA
8005,1.65800246514731
8007,NA
8009,3.37346014028743
8011,2.11010016134121
8013,2.40488773432259
8015,NA
8017,1.5204569673501
8021,NA
8023,NA
8025,2.60700484858789
8027,NA
8029,2.41939143126754
8031,NA
8033,NA
8035,NA
8037,NA
8039,1.04570099280408
8041,4.06418432
8043,NA
8045,NA
8049,NA
8051,NA
8055,0.846705034367432
8057,NA
8059,NA
8061,0.87295814934582
8063,2.41881233828276
8065,NA
8067,1.48173383436743
8069,1.96629577591927
8071,2.41109351554508
8073,1.31788305307863
8075,2.7583395874812
8077,1.92611089260665
8081,NA
8083,3.69810885991846
8085,2.6649323315354
8087,3.67873487437126
8089,3.73715911955347
8091,NA
8093,NA
8095,3.06994816925439
8097,NA
8099,2.68115190919149
8101,3.01886189038005
8103,NA
8105,NA
8107,NA
8109,NA
8113,NA
8115,2.83278622348966
8119,NA
8121,1.94345949002307
8123,2.36869786264225
8125,4.25310971609749
9001,NA
9003,NA
9005,NA
9007,NA
9009,NA
9011,NA
9013,NA
9015,NA
10001,3.16075391561426
10003,2.77777008054008
10005,3.3916109538042
12001,0.351788674705521
12003,NA
12005,NA
12007,NA
12009,NA
12011,NA
12013,1.59268524344812
12015,NA
12017,NA
12019,NA
12021,NA
12023,1.15926950231145
12027,NA
12029,NA
12031,NA
12033,1.24022753651919
12035,NA
12039,1.4184638560764
12041,0.221575113453661
12043,NA
12045,NA
12047,1.61005622423442
12049,NA
12051,NA
12053,NA
12055,NA
12057,NA
12059,1.31667624868555
12061,NA
12063,1.47445926338312
12065,1.12492550122858
12067,1.42198067268923
12069,NA
12071,NA
12073,0.45245802
12075,0.221400008702399
12077,NA
12079,1.33564027619218
12081,NA
12083,NA
12085,NA
12089,NA
12091,1.28371072888977
12093,NA
12095,NA
12097,NA
12099,NA
12101,NA
12105,NA
12107,0.746652751827209
12109,0.961435873836222
12111,NA
12113,1.03963286123149
12115,NA
12117,NA
12119,NA
12121,0.715143951755534
12123,NA
12125,0.567292386591858
12127,NA
12129,NA
12131,1.16617160013241
12133,1.47350683969029
13001,1.11888854810756
13003,2.49204101858724
13005,1.58109424306897
13007,3.66869278380778
13009,NA
13011,NA
13013,NA
13015,2.6676190142041
13017,3.05633969405705
13019,2.53589013706624
13021,NA
13023,3.02228392973258
13025,1.48878973145581
13027,2.08990032957332
13029,1.48639075745303
13031,2.21476150111568
13033,2.0252871633693
13035,NA
13037,3.6432913734139
13039,NA
13043,2.08378241518979
13045,NA
13047,1.10071655436743
13049,NA
13051,NA
13053,NA
13055,1.98015817155277
13057,NA
13059,NA
13061,2.6274247479637
13063,NA
13065,1.35472810666667
13067,NA
13069,2.90355523629883
13071,2.1643976915304
13073,NA
13075,2.04942018280371
13077,NA
13079,NA
13081,2.04295933452222
13083,NA
13085,2.28610368
13087,3.22972983639095
13089,NA
13091,2.28531028159082
13093,2.65030542915845
13095,3.45624001123185
13097,NA
13099,3.37722781375399
13101,2.26433125015747
13103,1.77239712933307
13105,NA
13107,2.00399082425106
13109,2.13746398927726
13111,NA
13113,NA
13115,2.58672632296379
13117,NA
13119,NA
13121,NA
13123,3.30214976
13125,NA
13127,NA
13129,2.83180096762443
13131,2.68834525567452
13133,NA
13135,NA
13137,NA
13139,0.698709559962097
13141,NA
13143,NA
13145,NA
13147,2.55397496324585
13149,NA
13151,NA
13153,2.69451852771696
13155,2.67983762101904
13157,NA
13159,NA
13161,2.57091200380957
13163,3.71782366699365
13165,1.96376398423214
13167,1.83273653343172
13169,NA
13171,2.5401152
13173,1.96482037916252
13175,1.98100618796838
13177,2.39995137763509
13179,NA
13181,NA
13183,1.67829039307874
13185,1.69695232584017
13187,NA
13189,0.954467515749573
13191,NA
13193,1.57501749729041
13195,NA
13197,2.19767007020854
13199,NA
13201,3.4522172707063
13205,3.61225523227279
13207,NA
13209,1.90770121687077
13211,NA
13213,2.75817890686176
13215,NA
13217,NA
13219,NA
13221,NA
13223,NA
13225,2.15736604309271
13227,NA
13229,2.3964239781779
13231,NA
13233,2.55447897665881
13235,2.648070096
13237,NA
13239,NA
13243,3.15934637955029
13245,1.422464512
13247,NA
13249,1.90104531027903
13251,2.33753084500081
13253,3.75755095089404
13255,NA
13257,NA
13259,1.85887431793534
13261,2.43840266410616
13263,NA
13265,NA
13267,2.28492569459937
13269,2.01076558879777
13271,2.51994410163159
13273,3.60154202820394
13275,2.31286498508618
13277,2.91673939644564
13279,2.51438692134766
13283,2.03209216
13285,NA
13287,2.8908178391709
13289,2.51108532584253
13291,1.943188128
13293,NA
13295,2.16203786097054
13297,NA
13299,1.6311725920151
13301,NA
13303,2.49238020900387
13305,1.6618193012795
13307,2.27735808073047
13309,2.94608005384253
13311,1.29648756338367
13313,0.914441472
13315,2.5758444199904
13317,NA
13319,NA
13321,2.91434986673918
16001,0.885060464783752
16003,NA
16005,NA
16007,NA
16009,NA
16011,0.38101728
16013,NA
16015,NA
16017,NA
16019,0.353218196455027
16021,NA
16023,NA
16025,NA
16027,2.10740528758651
16029,NA
16031,0.267241324618268
16033,NA
16035,NA
16037,NA
16039,1.94750796334917
16041,0.680565517172475
16043,NA
16045,2.22303935901318
16047,0.694630651066834
16049,NA
16051,NA
16053,0.430225217048431
16055,NA
16057,NA
16059,NA
16061,NA
16063,0.589938668200612
16065,NA
16067,0.655495759361247
16069,NA
16071,0.943471346157471
16073,2.02968909691406
16075,2.16141769950842
16077,3.05784002582324
16079,NA
16081,NA
16083,0.794828223641012
16085,NA
16087,2.38735548345581
17001,3.99608658312443
17003,3.3412030557631
17005,3.21172617818896
17007,3.5336331772548
17009,3.86085101033903
17011,4.10733784215348
17013,3.42240501217879
17015,4.21871923480046
17017,4.16753747938737
17019,4.07704148269141
17021,4.38840152185107
17023,3.7975276494873
17025,3.1228616481534
17027,3.21817759509383
17029,4.09493551728971
17031,2.9976585084602
17033,3.4764660182998
17035,3.68761974794222
17037,3.93054384493636
17039,4.09965217458057
17041,4.03832316229476
17043,3.13368366834505
17045,4.03457774300114
17047,3.03347241704484
17049,3.3662378375402
17051,3.24320268710042
17053,3.93833047991797
17055,2.66741015120081
17057,3.94190400268278
17059,3.48130043860156
17061,3.83435798269897
17063,3.75893739555754
17065,2.98657744840365
17067,4.08465551056103
17069,2.71418365856869
17071,4.08689746506266
17073,3.98120907098291
17075,4.04653414462614
17077,3.14092835446216
17079,3.45538482438607
17081,2.8370573774318
17083,3.72167635204679
17085,3.71106737760937
17087,3.02421057910189
17089,3.64049571312622
17091,3.73304477839738
17093,3.59990500607511
17095,4.12519670288485
17097,2.67011290273893
17099,3.88911497273633
17101,3.36863185684033
17103,3.99406629827279
17105,3.87688738673405
17107,4.15573669547673
17109,4.31990039982926
17111,3.26512421021183
17113,4.1246074033418
17115,4.32700035307422
17117,4.05245672615593
17119,3.63945609764844
17121,3.11888034754639
17123,4.02355065496631
17125,3.76926720770662
17127,2.96296157202124
17129,4.14344218545947
17131,4.1653029537098
17133,3.42264825771777
17135,4.03123121926009
17137,4.29716929639193
17139,4.20519166918685
17141,3.87980219889974
17143,4.03233998740007
17145,2.589174088191
17147,4.23516180637516
17149,3.96811257095996
17151,2.69980045392
17153,3.21345073124471
17155,4.06642776026644
17157,2.82888559022213
17159,3.02847850312052
17161,4.05152812314893
17163,3.48841628307015
17165,3.07348895674451
17167,4.38532191898828
17169,4.00091858098356
17171,3.99866861627165
17173,3.78547609431592
17175,4.08694707668766
17177,3.77253075471289
17179,4.14174020956901
17181,3.16034226186385
17183,3.93971172440462
17185,3.31276874720028
17187,4.30581664138851
17189,2.98764823264323
17191,3.07568241394474
17193,3.25051271456999
17195,3.8567217792356
17197,3.47608517801961
17199,2.62037671573905
17201,3.33924539912817
17203,4.19204807687923
18001,3.26660719728882
18003,3.55823450329785
18005,3.62243614494841
18007,4.03618585731462
18009,3.54416980140576
18011,3.94293176434131
18013,NA
18015,4.17358887026644
18017,3.89840875462272
18019,3.1286013837137
18021,3.92126039880518
18023,4.18480174350114
18025,NA
18027,3.77354740543457
18029,2.97094316518547
18031,3.86818442245475
18033,3.24671865262842
18035,3.77298636772217
18037,3.3565056581368
18039,2.95917755514176
18041,3.70289757680265
18043,NA
18045,3.88043390733838
18047,3.37864252024813
18049,3.56937670580632
18051,3.8054832094681
18053,3.8554821345953
18055,3.64872791605501
18057,3.68290309065137
18059,3.77798625700496
18061,3.10198608731946
18063,3.93213916875277
18065,3.73682004218416
18067,4.05025320774398
18069,3.47052803003491
18071,3.29189827349585
18073,3.62653268922599
18075,3.24890934824406
18077,3.13427238650187
18079,3.42295936394954
18081,3.63956491377124
18083,3.88586369943937
18085,3.55658200983545
18087,2.62487372208211
18089,3.39337823874788
18091,3.39469478786678
18093,3.0314356272841
18095,3.86825683733968
18097,3.68563831907031
18099,3.49726514299406
18101,3.46620910552417
18103,3.66993310673201
18105,3.11517672346289
18107,3.98597760084522
18109,3.73298053521891
18111,3.5596118718763
18113,3.31045118018945
18115,NA
18117,3.4371397617015
18119,3.54998944527352
18121,3.60502349814893
18123,2.96824375661816
18125,3.43316333827897
18127,3.46403287996582
18129,3.81648035611206
18131,3.49842242458504
18133,3.89232855282601
18135,3.58136682783268
18137,3.30358403983057
18139,3.85437401244002
18141,3.45958672876831
18143,3.43796639602352
18145,3.80376734490658
18147,3.20516633275212
18149,3.28362253119824
18151,3.11932556020199
18153,3.88991437880322
18155,NA
18157,3.932663902125
18159,4.05973413139811
18161,3.93403984953711
18163,3.70207010270052
18165,3.78004488104858
18167,3.65751744228418
18169,3.6193780210769
18171,3.8680268667863
18173,3.25052288882902
18175,2.99324344527641
18177,3.53014353560335
18179,3.54031133478955
18181,4.06518159118066
18183,3.61154981697982
19001,3.66106011927954
19003,3.45870747899243
19005,3.57377947913118
19007,3.36565131573136
19009,3.77219555325179
19011,4.12135881088135
19013,4.13968074574528
19015,4.34184773002946
19017,4.21696616152018
19019,4.11854974641113
19021,4.05893020343831
19023,4.20372463793197
19025,4.12380521954069
19027,3.96932398606885
19029,3.67393714600049
19031,4.23492634495182
19033,4.0947081952736
19035,3.93519609755257
19037,3.91835269247119
19039,3.18558039962467
19041,3.9607790296473
19043,3.92846622894255
19045,3.91274215385099
19047,3.89163747839339
19049,3.98154130091439
19051,3.43738400851676
19053,3.40533392978971
19055,4.06702413334196
19057,3.95075916095752
19059,3.85742202665096
19061,3.95817099561589
19063,4.0354643570026
19065,3.98042400577637
19067,4.02365653185872
19069,4.23020387379866
19071,3.60638665506396
19073,4.16258917198291
19075,4.31841224487467
19077,3.64985367359261
19079,4.35699290593164
19081,4.16665571027116
19083,4.32193014835677
19085,3.80581266166536
19087,3.90179526481673
19089,3.82157326719173
19091,4.26606648962972
19093,3.90402042371615
19095,4.0108449110887
19097,3.62547091647298
19099,4.3350135348903
19101,3.59546806015959
19103,3.89239205312207
19105,3.95042060037598
19107,3.86768262153939
19109,4.1589228858151
19111,3.66299319619661
19113,3.99416274378857
19115,3.74408275127441
19117,3.25149926240462
19119,3.89948147681641
19121,3.62311139275586
19123,3.98127438003613
19125,3.77911314501579
19127,4.33150629015576
19129,3.59211029628475
19131,3.99417450071012
19133,3.62830333329012
19135,3.36251544760116
19137,3.68196218163582
19139,3.88779503219775
19141,4.08413342572607
19143,3.92378413183317
19145,3.4939311513562
19147,4.07326428095052
19149,3.83332305061027
19151,4.21453441671354
19153,4.19656829022266
19155,3.76303264786572
19157,4.19644619911426
19159,3.21073853218034
19161,4.0257601164375
19163,4.2963266093501
19165,3.72625631897502
19167,4.02104268396501
19169,4.29755404487956
19171,4.22675160236214
19173,3.37374983212638
19175,3.39684653060498
19177,3.38917358893066
19179,3.58203354864209
19181,3.63207023157503
19183,3.97324175408057
19185,3.43372037088623
19187,4.40946294863298
19189,4.09489888995719
19191,3.66195829640715
19193,3.6743164359174
19195,4.00395399849284
19197,4.23506788019971
20001,2.49727397914998
20003,2.19917502076534
20005,2.50958937062268
20007,2.43223853274723
20009,3.19346015330086
20011,2.30854105419401
20013,2.93478602877983
20015,2.07683008882845
20017,1.80271928780912
20019,2.1521043442856
20021,2.89757519442993
20023,2.66191784393042
20025,3.87601698694857
20027,2.87783018756999
20029,3.16259422912834
20031,2.28583220492961
20033,3.15411746931162
20035,2.08265687082715
20037,2.40659379606628
20039,1.33464306153518
20041,1.7793531168127
20043,3.35187430312565
20045,2.48076270710238
20047,4.10532695637923
20049,2.7432189266984
20051,1.36659479716638
20053,1.81918406510791
20055,3.9610411056403
20057,3.89488332541886
20059,2.06803174490812
20061,2.5771097909714
20063,1.55261484477405
20065,1.5568999358361
20067,4.35045476558073
20069,4.27259112890039
20071,1.75311627863007
20073,2.06114567719751
20075,3.26574083490771
20077,2.18003034363721
20079,3.07446964226798
20081,4.6028807161333
20083,2.348589796231
20085,2.33693812173885
20087,2.46325103084831
20089,2.68637266064339
20091,1.99115338024264
20093,3.85438140896484
20095,3.42468511207699
20097,3.95122365625643
20099,2.53860595364494
20101,1.807287869257
20103,2.29071762572347
20105,1.49615688012252
20107,2.22381374932255
20109,1.54515948689648
20111,1.62548760365816
20113,3.43323933837899
20115,1.53606413536047
20117,2.10458424817491
20119,4.68833913033919
20121,2.23606470382137
20123,1.95550397166199
20125,2.45002801472176
20127,1.59899171753581
20129,3.20981797168286
20131,2.18455648389026
20133,2.56552975618254
20135,1.44671663486357
20137,1.38813065933677
20139,2.0971590981569
20141,2.50070092798625
20143,1.95612416542334
20145,3.54385010357747
20147,1.39946486464785
20149,2.74428136158573
20151,3.96009312309229
20153,1.32354399869249
20155,3.10260860662573
20157,2.83809302010368
20159,2.87688288330591
20161,2.14990839358442
20163,1.38969503241121
20165,2.50255493637598
20167,1.41460225643439
20169,2.09942036760107
20171,2.56268936145435
20173,3.13308377465291
20175,4.40251279924007
20177,3.030632894396
20179,2.980581224618
20181,2.72325877463395
20183,1.94281526563086
20185,3.32885854653003
20187,3.83095076869531
20189,4.41482882054785
20191,2.02028502928967
20193,2.78963044038973
20195,2.07465195761523
20197,2.36945190443355
20199,2.94177928150187
20201,1.96747376131991
20203,2.56226764649223
20205,2.54371889025033
20207,2.36941467956519
20209,2.01080712561401
21001,1.24141497752087
21003,2.50630742920207
21005,1.676476032
21007,3.27144581649113
21009,1.96050623493856
21011,2.56355998733447
21013,NA
21015,2.54048118263208
21017,2.12188924969885
21019,NA
21021,1.15228816154728
21023,1.41129816581335
21027,2.6430484370328
21029,2.26628349667053
21031,3.2965537883348
21033,3.13663381587386
21035,3.03591520818986
21037,2.05789650335083
21039,3.51729089480485
21041,2.70408365547681
21043,2.16705089604199
21045,2.34457695542098
21047,3.45267540305591
21049,2.37231739566736
21051,2.051143024
21053,1.79722376676485
21055,3.00170385845028
21057,2.81781371929793
21059,3.44928395107894
21061,2.1642130852526
21063,NA
21065,1.91097816805957
21067,2.45758329028288
21069,1.30902888800537
21073,1.80640291866614
21075,3.61123438265055
21077,2.99846336017812
21079,1.18995956683903
21081,2.25223541273486
21083,3.40990908413192
21085,2.17083357250321
21087,2.10792737242147
21089,2.27501624084452
21091,3.1513476677915
21093,3.06484737716138
21095,NA
21097,2.37899503641435
21099,1.54499566517643
21101,3.40211560171248
21103,1.73429852628406
21105,3.51480294932926
21107,3.17771269356315
21109,NA
21111,2.71573428024382
21113,2.18908506273555
21117,2.56128289126514
21121,2.41720808372786
21123,3.1575612008304
21125,1.26759387895068
21127,NA
21129,NA
21135,2.06884051775317
21137,2.1814037878586
21139,3.02071073089217
21141,3.54782549342448
21143,2.98680250947331
21145,3.09354217905469
21147,NA
21149,3.60004502325895
21151,1.62594636584286
21153,NA
21155,2.46354298363371
21157,2.8051863333645
21159,NA
21161,1.57181614246118
21163,2.89100439955241
21165,2.77103483410742
21167,1.65395569722083
21169,1.17795857612008
21171,0.889602730429891
21173,1.56662738340157
21175,1.77808064
21177,2.94986394152507
21179,2.60703459618335
21181,2.06670450474243
21183,3.48077386417293
21185,2.84205326160946
21187,1.8793531795647
21189,NA
21191,2.4013183781591
21195,NA
21197,NA
21199,2.19122267455843
21201,NA
21203,1.74146764834082
21205,2.53091046710457
21207,1.99943172262866
21209,2.11936135006954
21211,2.34555536384839
21213,3.30458153710588
21215,2.27775172765735
21217,2.56958528043164
21219,3.46674511132943
21221,3.39941806650081
21223,2.2247023949459
21225,3.61908568070068
21227,3.22016693727832
21229,1.90774044429171
21231,3.30868848173714
21233,3.37348213606649
21235,2.06900848023516
21237,2.33421190480648
21239,2.29012940820479
22001,NA
22003,NA
22005,NA
22007,NA
22009,3.17368869336743
22011,2.00378123451497
22013,NA
22015,2.68501496229907
22017,3.09068385825106
22019,NA
22021,3.44196268347559
22023,NA
22025,2.7359456557583
22027,NA
22029,2.77527074958415
22031,NA
22033,NA
22035,3.46500544223169
22037,2.40461916618335
22039,NA
22041,3.59661523209001
22043,2.63161076112231
22045,NA
22047,NA
22049,NA
22053,NA
22055,NA
22057,NA
22059,NA
22061,NA
22063,NA
22065,3.25395329368343
22067,3.51605125016455
22069,3.09056422188452
22071,NA
22073,3.03252235119617
22075,NA
22077,3.55696953605729
22079,3.27209189808936
22081,3.08074978278936
22083,3.30147431839714
22085,NA
22089,NA
22091,NA
22093,NA
22095,NA
22097,3.16339744650496
22099,NA
22101,NA
22103,NA
22105,2.61403387271273
22107,3.30921818919157
22109,NA
22111,NA
22113,NA
22115,NA
22117,2.57222529070573
22119,NA
22121,NA
22123,3.32511732613696
22125,NA
22127,NA
23001,NA
23003,NA
23005,NA
23007,NA
23009,NA
23011,NA
23013,NA
23015,NA
23017,NA
23019,NA
23021,NA
23023,NA
23025,NA
23027,NA
23029,NA
23031,NA
24001,1.44360189366299
24003,3.05898548589421
24005,2.86179713799618
24009,2.81425364916451
24011,3.2137252424432
24013,2.38093783540116
24015,2.78726269651729
24017,2.87388317260095
24019,3.42798037693205
24021,1.69714382800464
24023,1.51455434674756
24025,2.60685601371289
24027,2.72687347892342
24029,3.02856609864591
24031,2.65295706715714
24033,2.63965427192008
24035,3.51402146933781
24037,2.61946321262443
24039,3.41138567596037
24041,3.09873150335091
24043,1.48383724130042
24045,3.35170608870964
24047,3.31523669944938
25003,NA
25005,NA
25007,NA
25009,NA
25011,NA
25013,NA
25015,NA
25017,NA
25023,NA
25027,NA
26001,2.39899764582324
26003,NA
26005,2.89566995945345
26007,1.89343385342851
26009,2.11177827455684
26011,2.61846939746191
26013,NA
26015,2.57561125181274
26017,3.100755147323
26019,1.86779488216101
26021,3.09592805894759
26023,3.23151475671696
26025,2.92816098733708
26027,3.10479552323088
26029,1.9843485289585
26031,NA
26033,NA
26035,1.65804470770184
26037,2.57959222942741
26039,NA
26041,1.19296178880951
26043,NA
26045,3.38699687888379
26047,1.41244424279971
26049,2.53255882626489
26051,2.69208820407666
26053,NA
26055,1.77792946343046
26057,2.89693327943302
26059,2.87235944003898
26061,NA
26063,2.70370284749585
26065,3.11099620117423
26067,3.05607277317879
26069,1.86314283302998
26071,NA
26073,2.47056648458936
26075,2.71245587558944
26077,2.91038410206421
26079,2.0638436
26081,2.61629404398291
26083,NA
26085,NA
26087,2.72821664261198
26089,1.5014974899982
26091,3.15273052723991
26093,2.83015751794784
26095,NA
26097,NA
26099,2.7555110788715
26101,1.66961386572331
26103,NA
26105,1.8121465785835
26107,2.26595108909326
26109,0.880690702892041
26111,3.15379520692407
26113,1.56760361163062
26115,3.53634359986125
26117,2.54661855407479
26119,2.08504191093994
26121,1.59401309729928
26123,1.66854666669881
26125,2.2475038977959
26127,2.03997272115706
26129,1.92010347713607
26131,NA
26133,1.49871254094434
26135,NA
26137,1.589496339974
26139,2.33614817934782
26141,2.28711971057637
26143,NA
26145,3.06709927982739
26147,2.78432038155298
26149,3.29486541042228
26151,2.74459038451685
26153,NA
26155,2.77896452240096
26157,3.07636085937646
26159,2.8257891756075
26161,2.8280579384742
26163,2.78546716589258
26165,1.9730603726668
27001,NA
27003,2.28880425133976
27005,1.59641131549996
27007,0.397365085619141
27009,2.38100761789844
27011,3.48401031212101
27013,4.03485864944816
27015,3.81599163638688
27017,0.440254650349182
27019,3.54518241472306
27021,1.29470403515469
27023,3.96957566170817
27025,2.52757079080135
27027,2.72206883851636
27029,0.905894745580371
27033,3.74222160475374
27035,1.52951291381938
27037,3.74213052091097
27039,3.97954714614388
27041,2.88596478221053
27043,4.08350501180941
27045,3.69613066097005
27047,4.06724512470801
27049,3.76052932795426
27051,3.68699133402555
27053,3.25915330902645
27055,3.39310078831901
27057,2.69297326771484
27059,2.65591151048421
27061,NA
27063,3.850174336705
27065,1.8865469620874
27067,3.79264826865039
27069,1.51368352707202
27071,NA
27073,3.50916737880192
27075,NA
27077,NA
27079,3.81561463971566
27081,3.43014012988053
27083,3.70879412514901
27085,3.80205903836605
27087,2.1309594562804
27089,1.60704518295781
27091,4.15048202982804
27093,3.44927765272811
27095,2.20703373148991
27097,2.0507931586862
27099,3.84073585424569
27101,3.61153893213761
27103,3.9933082998252
27105,3.59351776775024
27107,2.48889659115975
27109,3.84047632989225
27111,2.67676292763997
27113,1.93987054437354
27115,1.62797929584501
27117,3.39970527129867
27119,2.28837102170036
27121,3.50567621908643
27123,NA
27125,1.50171832390548
27127,3.91897703668424
27129,4.00246474536426
27131,3.66392373715771
27133,3.72094293331706
27135,0.98481326558689
27137,NA
27139,3.50846315858065
27141,3.00930713067464
27143,3.93416962786344
27145,2.65918836477531
27147,3.90644629006201
27149,3.76511866166064
27151,3.74634072619661
27153,2.15432709689201
27155,3.65195024923739
27157,3.69365641037012
27159,2.09432777951375
27161,4.05770916315739
27163,3.33326658463021
27165,4.14044378287354
27167,3.0870827196403
27169,3.42353377354525
27171,3.00495590692887
27173,3.6422432632373
28001,NA
28003,2.99985621300985
28005,NA
28007,2.34968247935193
28009,2.59247484391602
28011,3.6915736264987
28013,2.45836288076908
28015,2.80368005853906
28017,2.43218071711654
28019,NA
28021,3.17783136095264
28023,NA
28025,2.47744932237646
28027,3.37946072446981
28029,NA
28031,2.09938028425041
28033,3.2024004200599
28035,NA
28037,NA
28039,1.47109466014526
28041,NA
28043,2.40771950515503
28045,NA
28047,NA
28049,2.4939796186735
28051,3.08681941627637
28053,3.39170423399495
28055,3.56274253982967
28057,2.16699718241414
28059,NA
28061,NA
28063,3.1248244403667
28065,NA
28067,NA
28069,NA
28071,2.22069028732852
28073,NA
28075,NA
28077,2.17989417006234
28079,NA
28081,2.07685340887614
28083,3.58904496968384
28085,NA
28087,2.70636049315226
28089,3.00372643654761
28091,NA
28093,2.4183812726921
28095,2.48893234641292
28097,2.48849659743319
28099,NA
28101,2.33637682563257
28103,3.1121494130616
28105,NA
28107,2.77099487995369
28109,NA
28111,NA
28113,NA
28115,2.29820206906217
28117,2.07211420671924
28119,2.92255726385547
28121,2.85854153660173
28123,2.46419135847762
28125,3.51279551957316
28127,2.2431162243634
28129,NA
28131,NA
28133,3.37217682708138
28135,3.55794965634416
28137,2.68221513541007
28139,2.50207348397868
28141,1.92625409126514
28143,3.04575819980879
28145,2.47217937918962
28147,NA
28149,3.24486942452547
28151,3.64079606371273
28153,NA
28155,2.48478641660498
28157,NA
28159,NA
28161,2.58677415813086
28163,3.4159543058571
29001,3.10499697355973
29003,3.12501074235433
29005,3.33192803973226
29007,2.70369595160917
29009,2.05210702696859
29011,3.22293888992749
29013,2.79307273136263
29015,2.3707424042194
29017,2.93925935978361
29019,2.85970133753304
29021,3.23358681724235
29023,3.34858268808415
29025,2.57305696370841
29027,2.75476063844491
29029,NA
29031,3.271504342705
29033,3.47435555398397
29035,NA
29037,2.70541225221037
29039,2.44480910432625
29041,3.29904812905892
29043,NA
29045,3.25199799489266
29047,3.1856057868234
29049,2.82628388684078
29051,2.52561502367167
29053,2.83119790860726
29055,NA
29057,2.81513859975537
29059,NA
29061,2.57191516960063
29063,2.57476076450566
29065,NA
29067,NA
29069,3.71013780562533
29071,2.75455382644303
29073,2.15156531850187
29075,2.8047197224657
29077,1.13876946530361
29079,2.81179212446318
29081,2.9196219093763
29083,2.25207714648324
29085,1.74831465012667
29087,3.55923933249951
29089,3.1954428095437
29091,NA
29093,NA
29095,3.06866123853402
29097,2.97353782733358
29099,2.17005606531767
29101,2.45459851797412
29103,2.86137589137297
29105,1.08168358414364
29107,3.33286284419238
29109,2.35112945278186
29111,3.00535683733325
29113,2.82103708605583
29115,2.71948070081372
29117,2.8928946153846
29119,NA
29121,3.01659651893302
29123,NA
29125,1.71050836322945
29127,3.2201699572568
29129,3.06761325755436
29131,2.01966819464876
29133,3.85342564230119
29135,2.47151879523486
29137,2.77184149135258
29139,2.80053994305945
29141,1.97769855250631
29143,3.83557989505925
29145,1.78463326655782
29147,3.0657133842509
29149,NA
29151,2.63943412033415
29153,NA
29155,3.39157242081681
29157,3.14678036216341
29159,2.48679969252262
29161,2.05023586768506
29163,2.89463121605501
29165,3.12123786871094
29167,1.46456635491142
29169,1.203379576
29171,2.9607053089585
29173,2.89033974589404
29175,2.77914757831547
29177,3.32772481108138
29179,NA
29181,3.05339332553874
29183,3.34254799590959
29185,2.32866908153251
29186,3.21776965575545
29187,2.49935605243823
29189,3.04875612436605
29195,3.54017086541642
29197,2.83397687019043
29199,3.14447758820223
29201,3.84515971897103
29203,NA
29205,2.96713889668563
29207,3.8084128792819
29209,NA
29211,2.66429790996102
29213,NA
29215,0.628211586183655
29217,2.93955224924683
29219,2.87068821302026
29221,NA
29223,2.73211987596794
29225,0.719710940851123
29227,3.04028093429215
29229,NA
30001,NA
30003,0.80111325911145
30005,NA
30007,NA
30009,0.985863874109314
30011,NA
30013,NA
30015,NA
30017,0.601817430539419
30019,NA
30021,1.76225885972249
30023,NA
30025,NA
30027,NA
30029,NA
30031,NA
30033,NA
30035,NA
30037,NA
30039,NA
30041,NA
30043,NA
30045,NA
30047,0.984269155903564
30049,NA
30051,NA
30053,NA
30055,NA
30057,NA
30059,NA
30061,NA
30063,NA
30065,NA
30067,NA
30069,NA
30071,NA
30073,NA
30075,NA
30077,NA
30079,0.812941158229899
30081,NA
30083,0.775337654004985
30085,NA
30087,0.607001207442027
30089,NA
30091,NA
30093,NA
30095,0.972501249384253
30097,NA
30099,NA
30101,NA
30103,1.65322147101021
30105,NA
30107,NA
30109,NA
30111,0.584365855086924
31001,4.12504473498405
31003,3.6604773764812
31005,2.64076471962028
31007,2.04845039827205
31009,2.4573818238044
31011,3.58618348355518
31013,3.41477922738761
31015,1.0870136685061
31017,3.780300141903
31019,4.02935327713721
31021,3.40406770287899
31023,3.262332651927
31025,2.85134655900732
31027,3.13519075065137
31029,4.19981591370605
31031,3.43465359268384
31033,2.62572238448242
31035,3.99554172732878
31037,3.38347238635775
31039,3.31640160365983
31041,3.34134962969165
31043,3.51399550075285
31045,1.72770975688224
31047,4.07219414269564
31049,2.86267968229403
31051,3.19892072657284
31053,3.53180956244523
31055,3.37675395167692
31057,3.55025219955046
31059,3.86927910812825
31061,3.85790493251384
31063,2.67387999481925
31065,2.3814956754893
31067,2.72163331563127
31069,3.13060141694499
31071,3.0610925910896
31073,3.76817400779793
31075,NA
31077,3.36002902018962
31079,4.29810888113883
31081,4.35777881091829
31083,3.28908174790234
31085,2.94266625079492
31087,2.26451918325647
31089,3.95370110448063
31091,NA
31093,3.50556362395313
31095,3.1101985069668
31097,2.54027026862736
31099,4.29827166928337
31101,3.35906672908049
31103,1.98425008089014
31105,2.18096434061645
31107,2.6160438541084
31109,2.64331295161804
31111,3.74255712920719
31113,2.95237814627873
31115,2.82329903378394
31117,2.72758758271061
31119,3.15092819762622
31121,3.95271378146436
31123,3.62182937151921
31125,2.91442182943481
31127,2.74062720378068
31129,3.15949363176278
31131,2.46869301591052
31133,2.42336176628426
31135,3.3625577272998
31137,4.56534215759521
31139,3.33517501723096
31141,3.5660905170363
31143,3.69677922960937
31145,2.47266574107064
31147,2.93004703656795
31149,4.04754885739372
31151,3.1922541967627
31153,2.92716775356079
31155,3.30696786918807
31157,3.50834862549324
31159,3.41438294807308
31161,2.75889132301392
31163,3.43683818374406
31165,3.19788989648698
31167,3.21252855578548
31169,3.66307730340462
31171,1.96858928
31173,3.40881875885514
31175,3.56798124965625
31177,3.25739797479972
31179,3.25785752831567
31181,3.12089788696305
31183,3.41449386364616
31185,4.2296358594515
32001,NA
32003,NA
32005,NA
32007,NA
32009,NA
32011,NA
32013,NA
32015,NA
32017,NA
32019,NA
32021,NA
32023,NA
32027,NA
32029,NA
32031,NA
32033,NA
32510,NA
33001,NA
33003,NA
33005,NA
33007,NA
33009,NA
33011,NA
33013,NA
33015,NA
33017,NA
33019,NA
34001,1.58091931041207
34005,2.42825908934623
34007,NA
34009,NA
34011,2.48714358247795
34015,2.02250720050985
34019,2.45940819706185
34021,2.42169297785779
34023,2.66110223979716
34025,2.52726388347013
34027,2.23579578039054
34029,1.70484066303807
34033,2.49533284357377
34035,1.82260059744088
34037,1.4947485527273
34041,2.35784013564628
35001,NA
35003,NA
35005,0.257063785597748
35006,NA
35007,NA
35009,1.83010120654671
35011,NA
35013,0.183904334666138
35015,NA
35017,NA
35019,NA
35021,NA
35023,4.22987086868555
35025,NA
35027,NA
35029,0.489549480414642
35031,NA
35033,NA
35035,NA
35037,3.530760128
35039,NA
35041,0.758081347615244
35043,1.752679488
35045,3.260135173472
35047,NA
35049,0.118829904096062
35051,1.78337251436743
35053,NA
35055,NA
35057,0.294988566276062
35059,4.2060340978348
35061,NA
36001,0.634907661719035
36003,0.607749528231323
36007,0.688731306817947
36009,0.811465438480794
36011,1.80852048881368
36013,0.825969046602844
36015,1.16080305545583
36017,0.936864723353495
36019,0.899354345897969
36021,1.19071784790493
36023,0.667551089505727
36025,0.383133217017471
36027,1.87602442040291
36029,0.91938867315566
36031,0.590105197404041
36033,0.603820651301458
36035,0.844142623005493
36037,1.38021170246407
36039,0.896434797856944
36043,0.918121650876272
36045,0.899131061286235
36049,0.604493266721258
36051,1.76475011586967
36053,1.15459461762126
36055,2.13265469778035
36057,1.04839128491229
36063,1.96981702237219
36065,1.5740233268363
36067,1.75308316383936
36069,2.05619265410474
36071,0.65999205108373
36073,2.3848816204467
36075,1.14125191667932
36077,0.982947745749797
36079,NA
36083,1.29604084881364
36089,0.314864239691305
36091,1.04109905432123
36093,1.25334123426982
36095,1.31938156801286
36097,1.02785149885087
36099,2.40487308661951
36101,1.40585795720907
36103,2.50118562645667
36105,0.529960571419769
36107,0.773381773827983
36109,1.44667030161092
36111,1.94224327847778
36113,NA
36115,0.962817190996155
36117,2.31152918562321
36119,NA
36121,0.578732093316742
36123,1.57940132711393
37001,1.42874141613802
37003,0.601350615751694
37005,NA
37007,2.38154435043648
37009,NA
37011,NA
37013,3.09103908523787
37015,2.60824066576884
37017,2.68386158891553
37019,2.30042661427612
37021,NA
37023,1.8642799179093
37025,1.65046634626249
37027,1.80416776315348
37029,3.35175427916829
37031,2.78862574038501
37033,1.4513006714954
37035,1.76139553346948
37037,0.899247411205607
37039,2.4171843276405
37041,3.09835124445695
37043,1.97232468653076
37045,0.873796421485962
37047,2.58960607430986
37049,2.67455979681885
37051,2.28715858593564
37053,3.32066248644523
37057,1.62870268566227
37059,2.10925606605273
37061,2.71992536438232
37063,NA
37065,2.34438078601705
37067,2.12843036157939
37069,1.82683142578809
37071,NA
37073,2.66532400820894
37077,1.20985374771594
37079,2.59161574886279
37081,1.46086180222491
37083,1.79973992562223
37085,2.11846929364697
37087,NA
37089,0.974490376778829
37091,2.54207214605176
37093,2.44229024848275
37095,3.17073027723446
37097,0.748597210187225
37101,2.48199487446977
37103,2.86318264598185
37105,2.38559152533333
37107,2.91814140934041
37109,0.591646007782791
37111,1.28699173363257
37115,NA
37117,2.37018974815849
37119,1.13458478287349
37121,NA
37123,2.30417757288855
37125,2.334403826861
37127,2.10266532639758
37129,2.57670493620996
37131,2.16612797770036
37133,2.73371516748511
37135,0.888333850944488
37137,2.96182405756209
37139,3.43058020695776
37141,2.54806753005729
37143,3.25870864545784
37145,1.77681063407878
37147,2.41557096470133
37149,NA
37151,1.34562752265458
37153,1.96506385079614
37155,2.6620663881123
37157,1.27850225114718
37159,1.9470804280649
37161,1.13558093004077
37163,2.66204206678833
37165,2.20530714358236
37167,2.27972046292989
37169,1.62068922930269
37171,2.34394057974288
37173,NA
37175,2.19246012285075
37177,3.36744718549805
37179,2.62318789580916
37181,NA
37183,1.70526399134697
37185,0.722926525108337
37187,3.13034431503418
37189,NA
37191,2.76699316623014
37193,0.657139596628662
37195,2.65787900223621
37197,1.91916939940873
37199,NA
38001,0.457045894184697
38003,2.74894642084863
38005,1.60772366634114
38007,0.789587874628255
38009,1.33423699555243
38011,0.545520844978292
38013,1.01604608
38015,1.1729515083323
38017,3.03602166646851
38019,1.19139137678747
38021,2.92095422052189
38023,0.914441472
38025,0.236834251857071
38027,1.27684845764056
38029,1.34080975260848
38031,1.96175230712663
38033,0.995462944327769
38035,2.15629663964543
38037,0.542012889660583
38039,2.11788059163977
38041,0.692366720973175
38043,1.36561800370072
38045,2.83376931530615
38047,1.16784536264107
38049,1.24518660764372
38051,1.64879492544836
38053,0.572227455347361
38055,1.23489988267415
38057,0.730473054036609
38059,0.544576126671717
38061,0.559860211490234
38063,1.65689300277566
38065,0.692413585548236
38067,1.94094930410173
38069,1.19556486490835
38071,1.94584826574427
38073,3.01576523352116
38075,1.38275653496735
38077,3.13553383312581
38079,1.01154991747446
38081,3.07762676329484
38083,1.32956170550684
38085,1.21916455129919
38087,0.714197236952494
38089,0.330209666813243
38091,2.63298504512382
38093,1.96968456320935
38095,1.39968546034827
38097,2.85638139606242
38099,2.21076053431194
38101,1.16815414736533
38103,1.70732300459637
38105,0.779130488575623
39001,2.69551381249467
39003,3.37349434517733
39005,2.70275820791866
39007,2.35252169515804
39009,1.70543425030457
39011,3.15814723815072
39013,1.87649418855194
39015,3.01345354497111
39017,3.28484278014791
39019,1.88151805194193
39021,3.3296199363973
39023,3.67396091823747
39025,3.07211470504224
39027,3.80872056179476
39029,2.24478368852124
39031,2.90228636085083
39033,3.53250922847437
39035,NA
39037,3.45439572491187
39039,3.45235964573429
39041,3.24424743815658
39043,3.26413291438965
39045,3.36257520118595
39047,3.49742253716634
39049,2.99945508881006
39051,3.71637165488306
39053,2.24533080526335
39055,1.95239137513062
39057,3.51424917894474
39059,1.79359898511405
39061,3.01178814796431
39063,3.43355381988082
39065,3.21138945866382
39067,1.62744377452828
39069,3.72702975645695
39071,3.28350780431543
39073,2.72888620575407
39075,2.34902743471598
39077,3.25602932701473
39079,2.19215486278052
39081,1.71999676415649
39083,3.12928864683659
39085,NA
39087,1.75650822317037
39089,3.18999819209383
39091,3.24892420589217
39093,2.74289060497437
39095,3.83923894619841
39097,3.58087048548804
39099,2.26014691655908
39101,3.35818809299007
39103,2.23092437746468
39105,2.16194261052645
39107,3.26434713906596
39109,3.57839219748372
39111,1.75562369569949
39113,3.3496822186429
39115,2.1329215217609
39117,3.17498602444149
39119,2.86028097960482
39121,1.8190384859958
39123,3.36662975645801
39125,3.38036846217098
39127,2.96126757404183
39129,3.32312313906722
39131,2.49563214443514
39133,2.35661730275781
39135,3.62276307780534
39137,3.49580515297241
39139,2.79812593053284
39141,3.36026089639787
39143,3.74123121331014
39145,2.77466152141309
39147,3.29514315154427
39149,3.18638741216142
39151,2.37985773283228
39153,2.59346966035482
39155,2.56577484277791
39157,2.0228157066532
39159,3.36024474678035
39161,3.51183859013704
39163,2.51717605718986
39165,3.35525138194303
39167,2.46502535702523
39169,2.50271525362903
39171,3.35283581905314
39173,3.59038303009326
39175,3.16908768348759
40001,NA
40003,1.8932425935083
40005,1.05838136563257
40007,3.41956568332536
40009,NA
40011,1.435165088
40013,1.59080140671484
40015,2.10981760440328
40017,1.93169712605249
40019,NA
40021,NA
40023,2.45650766115804
40025,3.62179784746582
40027,2.20015031231657
40029,NA
40031,1.31586381956709
40033,1.11482834854419
40035,1.97518720623494
40037,NA
40039,1.32797654625969
40041,1.828882944
40043,0.897104179315837
40045,3.36033051416904
40047,2.59207213705371
40049,2.13607801295268
40051,1.42033344077222
40053,2.17875354195693
40055,NA
40057,1.26479776001387
40059,2.9998760512
40061,1.9584318973171
40063,2.02225481428735
40065,NA
40067,NA
40069,NA
40071,1.96403679972078
40073,1.35436158786729
40075,1.94244104669385
40077,NA
40079,2.22271633436369
40081,1.63901578618716
40083,1.70550593845671
40085,NA
40087,2.20658286646818
40089,1.88637761719816
40091,1.8760565016181
40093,3.14645539955981
40095,1.76961359740814
40097,1.50276452842721
40099,1.77808064
40101,2.80259157431869
40103,1.55785591244478
40105,1.81142247818306
40107,1.80113706133252
40109,2.7143378551167
40111,1.89649104062219
40113,1.69341006873486
40115,2.03913675235612
40117,NA
40119,1.61067493223096
40121,2.91936855417676
40123,1.77808064
40125,2.15397398550509
40127,NA
40129,NA
40131,1.77808064
40133,NA
40135,2.48657065864705
40137,NA
40139,3.80853031930046
40141,0.941514557564484
40143,NA
40145,2.17901718123291
40147,1.51666044259186
40149,1.2963995318186
40151,NA
40153,NA
41001,NA
41003,NA
41005,NA
41007,NA
41009,NA
41011,NA
41013,NA
41015,NA
41017,NA
41019,NA
41021,2.54096193090605
41023,NA
41025,NA
41027,NA
41029,NA
41031,NA
41033,NA
41035,NA
41037,NA
41039,NA
41041,NA
41043,1.09449082836731
41045,2.49644692493791
41047,NA
41049,3.8324617915083
41051,NA
41053,NA
41055,NA
41057,NA
41059,3.10280081937337
41061,NA
41063,NA
41065,NA
41067,NA
41069,NA
41071,NA
42001,2.63119161394938
42003,1.60590716140068
42005,1.97864183551563
42007,1.59842442992143
42009,1.27946778025462
42011,1.90115391968673
42013,1.08472668079604
42015,1.01416997893351
42017,2.18054467665576
42019,2.09092090465206
42021,2.14353086763953
42023,1.95094960187752
42025,1.7504749037133
42027,2.06390067274829
42029,2.29271418678699
42031,1.98189067022034
42033,1.80190973978243
42035,1.56680255830273
42037,2.61346464714425
42039,1.9334619401047
42041,1.65815059266907
42043,2.23245796129333
42045,2.5920464914611
42047,1.09336218004818
42049,2.07110647058643
42051,1.72936126521798
42053,2.23439417123621
42055,1.37057866556258
42057,1.1189456612299
42059,1.20852694358993
42061,1.26065412183665
42063,2.09574030580953
42065,1.71568607595068
42067,1.60408798773592
42069,0.977251044882762
42071,1.60805767676794
42073,2.41011888612817
42075,1.93609187301746
42077,2.32479587031551
42079,2.0876422416038
42081,2.18390399089388
42083,0.893205516301636
42085,2.2106137787002
42087,1.95396668957092
42089,2.36453663914652
42091,1.84344196953455
42093,2.11785373482585
42095,2.40732952419132
42097,2.61292878668555
42099,1.64935043191677
42101,NA
42103,2.3153429307186
42105,1.04844095306095
42107,2.33268371495007
42109,2.08115466570532
42111,1.32896040679797
42113,1.2988069876005
42115,0.707087670647715
42117,0.908970094633911
42119,2.07751911225964
42121,2.0738069611781
42123,1.40647980630621
42125,1.58443409701799
42127,0.448501876459666
42129,2.01784887563745
42131,1.30088351349514
42133,3.0243780506355
44001,NA
44003,NA
44005,NA
44007,NA
44009,NA
45001,NA
45003,1.60104510910335
45005,1.75787449696159
45007,1.31965434312746
45009,1.74126261279687
45011,1.92209493492045
45013,1.2246177764952
45015,1.4602577823055
45017,2.10117010598533
45019,1.54777685540682
45021,NA
45023,1.63519916
45025,2.04320188562764
45027,2.53108036108081
45029,1.52111519346069
45031,2.2600420893918
45033,2.51711480169063
45035,1.99213823236743
45037,1.25999932751978
45039,NA
45041,2.11143610292082
45043,1.60349389175647
45045,0.685831104
45047,NA
45049,1.83106451508175
45051,2.36141503112858
45053,1.24704769764073
45055,2.03214197349522
45057,1.66317671539055
45059,0.995725177779541
45061,2.28478401400492
45063,2.41964202488249
45065,NA
45067,2.34716396265039
45069,2.43448197301367
45071,0.747719545092565
45073,1.07531540236743
45075,2.16389017365043
45077,NA
45079,2.1516829200166
45081,1.14190273011548
45083,1.34953282316158
45085,2.27028322399113
45087,NA
45089,1.85446224243079
45091,1.01350595511023
46003,1.64444338678505
46005,2.01012077494452
46007,1.49895555231386
46009,2.02407678991075
46011,3.16122719630509
46013,3.15651893681535
46015,1.15080433065278
46017,1.21384263864319
46019,1.72485143607861
46021,1.54871285493864
46023,1.75377729054968
46025,2.66387123706632
46027,3.32860070173682
46029,2.65458775863591
46031,0.642344379909935
46033,1.31916648094697
46035,2.2860372889224
46037,2.76148395031022
46039,2.67926217784782
46041,0.822752819994593
46043,2.02090047506348
46045,2.4080707270367
46047,1.64527545545337
46049,2.23866356487004
46051,2.55744768009814
46053,1.11357351115121
46055,0.59467631797553
46057,3.05977681715234
46059,1.47524082412266
46061,2.54024459073551
46063,0.214458300714569
46065,1.41376555282585
46067,2.45819960813603
46069,1.03009110358315
46071,0.712258566211655
46073,1.50197280957825
46075,0.975629328553935
46077,2.64983216461723
46079,3.03716321833203
46081,NA
46083,3.35955154059823
46085,1.34829327541899
46087,2.9957635769397
46089,1.2722964860743
46091,2.75113737485815
46093,0.746091649516337
46095,0.549116335260325
46097,2.29521522960238
46099,3.23141701923177
46101,3.55080228782218
46103,0.669921781945049
46105,0.39226029069202
46107,1.97509118060921
46109,3.24208526276546
46111,2.12463901277356
46113,0.67130447863559
46115,2.76759803400448
46117,0.930127408154834
46119,1.95205929054569
46121,1.99019871175297
46123,0.942049340036214
46125,2.99301161751701
46127,3.53152972187297
46129,1.81906440451695
46135,2.62968353036678
46137,0.507866241344864
47001,NA
47003,2.5178103495673
47005,2.67615583121842
47007,2.17870510602409
47009,1.91368411722196
47011,0.840512685589305
47013,NA
47015,2.93580734674097
47017,3.06865794401204
47019,NA
47021,2.66877322736776
47023,2.58193670170101
47025,2.10564003749463
47027,NA
47029,1.99384812157048
47031,3.099834102337
47033,2.65333500050619
47035,1.53535849397286
47037,2.25755948943962
47039,2.81299980901042
47041,2.90892504872038
47043,2.1750435355446
47045,3.0164778192443
47047,2.72691065534294
47049,1.91266643615469
47051,3.3077603955179
47053,3.05839583105957
47055,2.68433910080615
47057,1.38104109191084
47059,0.938180384243429
47061,2.89064603953979
47063,1.91604154148881
47065,2.70945614873486
47067,NA
47069,2.63809370208057
47071,2.33154918817017
47073,1.69114217794751
47075,2.70640745623999
47077,2.84193721045801
47079,3.24909658690951
47081,2.59226518958146
47083,NA
47085,3.10341805775472
47087,NA
47089,1.33585771464237
47091,2.039067850013
47093,NA
47095,3.30520488004264
47097,2.82905540345028
47099,3.35959298051676
47101,NA
47103,2.67556989079582
47105,0.743272354263428
47107,0.568166008226034
47109,2.71291123020483
47111,2.68354608998779
47113,2.82724725997428
47115,2.71798392196338
47117,1.52609764115658
47119,2.57117227104541
47121,1.61228240055973
47123,0.677313658451884
47125,3.3019170117124
47127,2.77150517556787
47129,NA
47131,3.32199692934033
47133,1.37891968461418
47135,2.4062826736849
47137,NA
47139,1.75737287369202
47141,1.75564843368359
47143,1.90582156288843
47145,NA
47147,3.31075191836678
47149,2.45208623502494
47151,NA
47153,2.32373500194108
47155,NA
47157,2.81396487785376
47159,3.01029687613354
47161,2.53825728340283
47163,1.69578189846053
47165,2.49764231962622
47167,2.55543236932869
47169,2.07913132857597
47171,NA
47173,NA
47175,NA
47177,2.49726834293347
47179,0.970373298262573
47181,2.46281948076912
47183,3.25710783077148
47185,0.940127656674296
47187,2.71299998850269
47189,1.99328482291162
48001,NA
48003,NA
48005,NA
48007,NA
48009,NA
48011,NA
48013,1.90566290904598
48015,1.96171485616361
48017,2.70894278469336
48019,NA
48021,1.44559015866799
48023,NA
48025,1.25488011678798
48027,1.87767644552641
48029,1.68692011884261
48031,NA
48033,NA
48035,2.32608696763721
48037,2.44182142508634
48039,2.17533202423704
48041,2.33682542970785
48045,3.57283766573706
48047,1.76703662716602
48049,NA
48051,2.42105288776766
48053,NA
48055,1.63442563369517
48057,2.16703555390535
48059,NA
48061,2.09153465471602
48063,2.45191677708838
48065,4.43007560984343
48067,NA
48069,4.15759732520964
48071,0.743627944616638
48073,NA
48075,NA
48077,NA
48079,5.04115155554199
48081,NA
48083,NA
48085,2.1869033947561
48087,NA
48089,2.1653339494561
48091,1.45479325641464
48093,0.3823725809336
48095,0.658120734341431
48097,1.97097583817684
48099,1.57867136440234
48101,NA
48107,0.60702241996463
48109,NA
48111,4.63194621634701
48113,1.68482207358264
48115,NA
48117,3.1591277460284
48119,2.0428130674364
48121,1.95522435395444
48123,1.82569010001921
48125,NA
48127,2.051631582229
48129,3.43540954013
48131,0.690911353779541
48133,NA
48135,NA
48137,NA
48139,2.08164131827946
48141,1.65139888170135
48143,0.400811724876556
48145,2.13680372831486
48147,2.05162941818026
48149,1.78658113652454
48151,NA
48153,2.88248302157243
48155,NA
48157,2.06941662305872
48159,NA
48161,NA
48163,2.66216276902962
48165,4.19119008
48167,NA
48169,NA
48171,1.44189755669845
48173,NA
48175,1.39253895583083
48177,1.57323419192615
48179,4.07427227547721
48181,2.06626386242859
48183,NA
48185,1.64369892171694
48187,1.42764439684479
48189,3.71946724586719
48191,NA
48193,2.26191210205249
48195,4.19660378708195
48197,NA
48199,NA
48201,1.92592052091541
48203,NA
48205,4.55558455869385
48207,NA
48209,1.4063313267228
48211,NA
48213,NA
48215,1.71283150185832
48217,1.47855185907922
48219,NA
48221,NA
48223,1.2700576
48225,2.20195025178687
48227,NA
48229,0.878536075832153
48231,2.03622449828984
48233,4.53566090476497
48235,NA
48237,NA
48239,2.03300201330107
48241,NA
48245,1.1359216869703
48247,NA
48249,1.03798535961587
48251,1.67114187793392
48253,NA
48255,0.997711229479462
48257,1.95931407663359
48259,NA
48261,NA
48263,NA
48265,NA
48267,NA
48269,NA
48271,NA
48273,1.00956068429989
48275,NA
48277,2.30177187741496
48279,3.10656313116691
48281,0.738942625658569
48283,NA
48285,1.47547109344397
48287,1.60910405893547
48289,NA
48291,1.1879720334117
48293,1.94127304175684
48295,4.55046448395752
48297,1.05310153080499
48299,NA
48303,NA
48305,NA
48307,0.733139082959473
48309,1.90339689161426
48311,NA
48313,NA
48315,NA
48317,NA
48319,NA
48321,1.89947695147898
48323,NA
48325,2.27126586361833
48327,NA
48329,NA
48331,1.95816174651534
48333,NA
48335,NA
48337,NA
48339,NA
48341,4.80786257875
48343,NA
48345,NA
48347,NA
48349,2.0506232970092
48351,NA
48353,NA
48355,1.41948334105595
48357,4.59708423081706
48359,NA
48361,NA
48363,NA
48365,NA
48367,NA
48369,3.65135891484253
48371,NA
48373,NA
48375,NA
48377,NA
48379,NA
48381,1.55555710725211
48383,NA
48385,NA
48387,2.29137829042631
48389,NA
48391,1.64926546070422
48393,4.7773704213252
48395,2.40033428506632
48397,1.98920446055078
48399,NA
48401,NA
48403,NA
48405,NA
48407,NA
48409,1.51510985321596
48411,NA
48413,NA
48415,NA
48417,NA
48419,NA
48421,4.42024016978564
48423,NA
48425,NA
48427,1.1194825411332
48429,NA
48431,NA
48433,NA
48435,NA
48437,3.55583140791268
48439,1.59462789708838
48441,NA
48445,2.65272351138867
48447,NA
48449,NA
48451,2.56908895423661
48453,1.48300654534959
48455,NA
48457,NA
48459,NA
48461,NA
48463,2.86085668116992
48465,NA
48467,NA
48469,2.10377614553898
48471,1.93576411653003
48473,2.09133386652148
48477,1.20383358050737
48479,NA
48481,2.52427420167765
48483,2.35537953147314
48485,1.49853601270522
48487,1.61403153333333
48489,1.50034477874897
48491,1.89053972892285
48493,1.40160387341264
48497,1.41520706768506
48499,NA
48501,NA
48503,NA
48505,NA
48507,2.22918218902661
49001,NA
49003,1.53099299396521
49005,0.268101472828423
49007,0.958591070262451
49009,NA
49011,2.09399745523714
49013,1.4724110639176
49015,1.67860443854089
49017,NA
49019,NA
49021,NA
49023,1.51702810639912
49025,NA
49027,0.963445092969946
49029,NA
49031,NA
49033,NA
49035,1.61478756152759
49037,NA
49039,0.12337091511879
49041,0.445187978983398
49043,NA
49045,0.685831104
49047,1.05733499961466
49049,0.996626552531413
49051,NA
49053,NA
49055,NA
49057,0.831377077094238
50001,NA
50003,NA
50005,NA
50007,NA
50009,NA
50011,NA
50013,NA
50015,NA
50017,NA
50019,NA
50021,NA
50023,NA
50025,NA
50027,NA
51001,3.24599628023706
51003,0.917244286568237
51005,1.51434780928918
51007,1.40516561503147
51009,NA
51011,1.30845465282554
51015,1.21111370050026
51017,2.48205545168506
51019,0.408394670384839
51021,NA
51023,1.1001972634163
51025,1.34343871654419
51027,NA
51029,1.07471064764042
51031,0.767420635086385
51033,2.93827203676733
51035,0.76203456
51036,3.17377664418441
51037,1.29267895871153
51041,NA
51043,1.4984898054196
51045,NA
51047,1.79996624636206
51049,1.25421283881677
51051,NA
51053,1.91980329612054
51057,3.19901281169189
51059,NA
51061,1.59069737087883
51063,NA
51065,1.93535380319788
51067,0.944777603932607
51069,1.89751243933142
51071,NA
51073,2.83734393624495
51075,2.31407015029309
51077,NA
51079,1.55229261145581
51081,2.26802978711145
51083,1.46135258910114
51085,2.63635802193835
51087,2.63919307114315
51089,NA
51091,NA
51093,2.53673371233704
51095,2.82226721857141
51097,2.80308234504529
51099,3.03051761842619
51101,3.0235689547981
51103,3.17710976374292
51105,1.65492538162485
51107,2.52498145802702
51109,2.02629166957861
51111,NA
51113,2.41802662709151
51115,2.7550842121814
51117,1.56033993194835
51119,3.21853763466667
51121,0.74182110522226
51125,NA
51127,2.70151835333333
51131,3.56012106931649
51133,3.34242470972949
51135,1.07650610559186
51137,2.13992034610099
51139,1.36919412655396
51141,1.02759001231891
51143,0.723828590256358
51145,1.33650547580082
51147,1.27089757390609
51149,3.07083584913062
51153,1.45714081730259
51155,0.639732699093018
51157,1.66826559875562
51159,3.13356286920605
51161,NA
51163,0.941355366747253
51165,0.829050111006022
51167,NA
51169,NA
51171,1.92347574336743
51173,NA
51175,2.54627117580208
51177,2.21668746412624
51179,2.51689678185421
51181,2.88554615182536
51183,2.58652409745329
51185,NA
51187,1.99892953412248
51191,0.500412161305786
51193,3.20003705273381
51195,NA
51197,0.553793866065348
51199,NA
51515,NA
51520,NA
51530,NA
51540,NA
51550,3.09324263594906
51570,NA
51590,NA
51595,NA
51620,NA
51630,NA
51640,NA
51660,NA
51680,NA
51690,NA
51700,NA
51730,NA
51750,NA
51770,NA
51775,NA
51790,NA
51800,2.56619794660714
51810,3.20193989756689
51820,NA
51830,NA
51840,NA
53001,3.11742526700846
53003,NA
53005,NA
53007,NA
53009,NA
53011,NA
53013,NA
53015,NA
53017,NA
53019,NA
53021,3.91795076079053
53023,NA
53025,3.72476755033496
53027,NA
53029,NA
53031,NA
53033,NA
53035,NA
53037,NA
53039,NA
53041,NA
53043,NA
53045,NA
53047,NA
53049,NA
53051,NA
53053,NA
53055,NA
53057,NA
53059,NA
53061,NA
53063,NA
53065,NA
53067,NA
53069,NA
53071,NA
53073,NA
53075,NA
53077,1.96658467642696
54001,NA
54003,1.91932590535205
54005,NA
54007,NA
54009,NA
54011,NA
54013,NA
54015,NA
54017,NA
54019,NA
54021,NA
54023,1.574871424
54025,0.618219204142883
54027,1.60911759231494
54029,NA
54031,1.96886776400439
54033,NA
54035,NA
54037,2.44252428873975
54039,NA
54041,NA
54043,NA
54045,NA
54047,NA
54049,NA
54051,NA
54053,1.96565602497111
54055,NA
54057,2.311504832
54061,NA
54063,0.755620125719238
54065,NA
54067,NA
54069,NA
54071,1.22159489108911
54073,NA
54075,NA
54077,1.49274241494059
54079,NA
54081,NA
54083,NA
54085,NA
54087,NA
54089,NA
54091,NA
54093,NA
54095,NA
54097,NA
54099,NA
54101,NA
54103,NA
54105,NA
54107,NA
54109,NA
55001,2.39875217163704
55003,NA
55005,2.35397209230688
55007,NA
55009,1.82140909481038
55011,2.83605061027604
55013,2.02176770952393
55015,2.20262530579891
55017,2.34454068338005
55019,1.85841218048059
55021,3.2525998265389
55023,2.94937790263639
55025,3.10790561657153
55027,2.9448887934563
55029,1.71223622695679
55031,NA
55033,2.72661366387687
55035,2.82442740755957
55037,NA
55039,2.54015215032487
55041,NA
55043,3.37296137550016
55045,2.88606823666032
55047,2.84273503386239
55049,2.72070542320744
55051,NA
55053,2.61694513196257
55055,3.04238529405257
55057,2.6341189905175
55059,2.71969067814062
55061,1.45986755909753
55063,2.9084808696403
55065,3.48157698465186
55067,1.463539433033
55069,0.868777306083516
55071,1.71002555426428
55073,1.71337865089966
55075,1.55123804143221
55077,2.02248415500566
55078,NA
55079,2.74778702042783
55081,2.44931316805216
55083,2.03701818093229
55085,NA
55087,2.27725055657707
55089,1.9498883701367
55091,2.88341915030119
55093,3.05637984200618
55095,2.57680532223242
55097,2.5133555421748
55099,1.1331679672393
55101,2.7872860327146
55103,2.50760966975985
55105,3.29184139454297
55107,1.40059487760966
55109,2.78738347950667
55111,2.77534574840788
55113,1.54612326377043
55115,1.86387440101355
55117,1.89345885303642
55119,1.83043918574202
55121,2.7606579619729
55123,2.5079554330708
55125,NA
55127,2.91659098146069
55129,1.80933409039437
55131,2.17836767591577
55133,2.8180440451429
55135,2.21007719150871
55137,2.60318381678507
55139,2.38641803045841
55141,2.11811476109371
56001,NA
56003,1.3079793243632
56005,NA
56007,NA
56009,NA
56011,NA
56013,0.825167969050537
56015,2.70969942657308
56017,3.64083165746973
56019,NA
56021,1.87696532941846
56023,NA
56025,NA
56027,2.08628129718636
56029,1.04648681704264
56031,0.949449498521118
56033,NA
56035,NA
56037,NA
56039,NA
56041,NA
56043,1.68410704119244
56045,NA
