1001,NA
1003,0.705456751343994
1005,NA
1007,NA
1009,0.695507727565613
1011,NA
1013,NA
1015,0.781553105964508
1017,NA
1019,0.865737278435211
1021,NA
1023,NA
1025,NA
1027,NA
1029,NA
1031,NA
1033,0.670308625016441
1035,NA
1037,NA
1039,0.73870695659729
1041,NA
1043,0.796320428688965
1045,NA
1047,0.506293160742721
1049,0.871117765753937
1051,NA
1053,0.492090619702263
1055,0.807858384495849
1057,0.529404808792477
1059,0.519569041777039
1061,0.823499776429596
1063,NA
1065,0.475003788696442
1067,0.65317248
1069,0.656662619405731
1071,0.782135885099487
1073,NA
1075,0.6123492
1077,0.741738574332275
1079,0.781530386913299
1081,NA
1083,0.81557092705101
1085,0.618534526578369
1087,NA
1089,0.781848401720734
1091,NA
1093,0.76455576734317
1095,0.70170915473587
1097,NA
1099,0.9185238
1101,0.4082328
1103,0.719649760505295
1105,0.650500153764496
1107,NA
1109,NA
1111,NA
1113,NA
1115,NA
1117,NA
1119,0.525950715981903
1121,0.831130159247589
1123,NA
1125,0.732725530475464
1127,NA
1129,NA
1131,NA
1133,NA
4001,NA
4003,NA
4005,NA
4007,NA
4009,NA
4011,NA
4012,NA
4013,NA
4015,NA
4017,NA
4019,NA
4021,NA
4023,NA
4025,NA
4027,NA
5001,1.12447026888885
5003,0.852753859764404
5005,NA
5007,NA
5009,NA
5011,NA
5013,NA
5015,NA
5017,0.90500687294693
5019,0.783882587355652
5021,0.964596772720032
5023,NA
5025,NA
5027,NA
5029,0.733244534482498
5031,0.952747584945068
5033,0.679063317529983
5035,0.821431927493744
5037,0.98739483881607
5039,NA
5041,0.940010753630524
5043,0.854090425180664
5045,0.82891796906781
5047,0.825537457303162
5049,NA
5051,NA
5053,NA
5055,0.907547997959442
5057,NA
5059,0.65317248
5061,NA
5063,0.709627643846436
5065,NA
5067,0.758583063745117
5069,0.862049723797913
5071,0.777586291276016
5073,0.839205671089233
5075,0.859566676847381
5077,0.836665804016571
5079,0.921164522010803
5081,0.710940147486145
5083,0.852818933494629
5085,0.97254795615448
5087,NA
5089,NA
5091,0.661426820016998
5093,0.915796354543152
5095,0.858889007174072
5097,NA
5099,NA
5101,NA
5103,NA
5105,0.943471342696838
5107,0.865762298806915
5109,NA
5111,0.991572514157867
5113,NA
5115,0.833768941573975
5117,1.00773742189804
5119,0.867635798631439
5121,0.997966092937927
5123,0.882490311987305
5125,NA
5127,NA
5129,NA
5131,0.758405827460632
5133,NA
5135,NA
5137,NA
5139,NA
5141,NA
5143,NA
5145,0.755898867540741
5147,0.812804432684173
5149,0.801644715338745
6001,NA
6003,NA
6005,NA
6007,NA
6009,NA
6011,NA
6013,NA
6015,NA
6017,NA
6019,NA
6021,NA
6023,NA
6025,NA
6027,NA
6029,NA
6031,NA
6033,NA
6035,NA
6037,NA
6039,NA
6041,NA
6043,NA
6045,NA
6047,NA
6049,NA
6051,NA
6053,NA
6055,NA
6057,NA
6059,NA
6061,NA
6063,NA
6065,NA
6067,NA
6069,NA
6071,NA
6073,NA
6077,NA
6079,NA
6081,NA
6083,NA
6085,NA
6087,NA
6089,NA
6091,NA
6093,NA
6095,NA
6097,NA
6099,NA
6101,NA
6103,NA
6107,NA
6109,NA
6111,NA
6113,NA
6115,NA
8001,NA
8003,NA
8005,NA
8007,NA
8009,NA
8011,NA
8013,NA
8015,NA
8017,NA
8021,NA
8023,NA
8025,NA
8027,NA
8029,NA
8031,NA
8033,NA
8035,NA
8037,NA
8039,NA
8041,NA
8043,NA
8045,NA
8049,NA
8051,NA
8055,NA
8057,NA
8059,NA
8061,NA
8063,NA
8065,NA
8067,NA
8069,NA
8071,NA
8073,NA
8075,NA
8077,NA
8081,NA
8083,NA
8085,NA
8087,NA
8089,NA
8091,NA
8093,NA
8095,NA
8097,NA
8099,NA
8101,NA
8103,NA
8105,NA
8107,NA
8109,NA
8113,NA
8115,NA
8119,NA
8121,NA
8123,NA
8125,NA
9001,NA
9003,NA
9005,NA
9007,NA
9009,NA
9011,NA
9013,NA
9015,NA
10001,0.973846541130981
10003,0.927593200254211
10005,0.922253617609558
12001,NA
12003,NA
12005,NA
12007,NA
12009,NA
12011,NA
12013,0.685945299675751
12015,NA
12017,NA
12019,NA
12021,NA
12023,NA
12027,NA
12029,NA
12031,NA
12033,0.752749073537674
12035,NA
12039,0.63088167122715
12041,NA
12043,NA
12045,NA
12047,NA
12049,NA
12051,NA
12053,NA
12055,NA
12057,NA
12059,0.710894974987259
12061,NA
12063,0.714235454157181
12065,0.76040162776181
12067,NA
12069,NA
12071,NA
12073,NA
12075,NA
12077,NA
12079,0.779059175325317
12081,NA
12083,NA
12085,NA
12089,NA
12091,0.362873591348419
12093,NA
12095,NA
12097,NA
12099,NA
12101,NA
12105,NA
12107,NA
12109,NA
12111,NA
12113,0.691274210595474
12115,NA
12117,NA
12119,NA
12121,0.862958771348419
12123,NA
12125,NA
12127,NA
12129,NA
12131,0.36740952
12133,0.731376454873352
13001,0.746431831980896
13003,0.70987148432579
13005,0.529329042357239
13007,NA
13009,NA
13011,NA
13013,NA
13015,0.745705246269684
13017,0.771106391348419
13019,0.79732104457077
13021,0.43544832
13023,0.755165886580994
13025,NA
13027,0.898207898393249
13029,0.542067352226944
13031,0.658440012279663
13033,0.615657728881988
13035,NA
13037,1.17933916539368
13039,NA
13043,0.712890630807037
13045,NA
13047,NA
13049,NA
13051,NA
13053,NA
13055,0.714489222325516
13057,NA
13059,NA
13061,NA
13063,NA
13065,NA
13067,NA
13069,0.646011878020019
13071,0.60894726
13073,NA
13075,0.680388
13077,NA
13079,NA
13081,0.633284217381134
13083,NA
13085,NA
13087,0.983318239892883
13089,NA
13091,0.738548438007889
13093,0.599721767924805
13095,0.772161269945068
13097,NA
13099,0.741871254975586
13101,NA
13103,0.708149901934509
13105,0.43544832
13107,0.665206902445908
13109,0.632805300473785
13111,NA
13113,NA
13115,1.1879070335083
13117,NA
13119,0.683627930497742
13121,NA
13123,NA
13125,0.699827634895935
13127,NA
13129,0.830670604578094
13131,0.735032435566482
13133,NA
13135,NA
13137,NA
13139,NA
13141,NA
13143,0.443224205104065
13145,NA
13147,0.748585400779419
13149,NA
13151,0.453591982696838
13153,0.630278489501724
13155,0.70587874950119
13157,0.668017294933777
13159,NA
13161,0.807393742696838
13163,0.59536341296936
13165,0.692018562327881
13167,0.587576786927719
13169,0.349913817447968
13171,NA
13173,NA
13175,0.587353117609024
13177,0.938179456217193
13179,NA
13181,NA
13183,0.41843862
13185,0.71220100810968
13187,NA
13189,NA
13191,NA
13193,0.708019600475921
13195,0.19050864
13197,0.678186739362259
13199,NA
13201,1.25610093904907
13205,0.79505479325798
13207,NA
13209,0.512401877573013
13211,NA
13213,0.842925136217193
13215,NA
13217,NA
13219,NA
13221,NA
13223,NA
13225,0.633720367361641
13227,NA
13229,0.619468542591095
13231,NA
13233,0.719931918836059
13235,0.527953838115921
13237,NA
13239,NA
13243,0.858160760359344
13245,0.6123492
13247,NA
13249,0.511651781190948
13251,0.633370516899719
13253,0.739354968651581
13255,NA
13257,NA
13259,NA
13261,0.659493454713898
13263,NA
13265,NA
13267,0.746674837582702
13269,0.550673282971344
13271,0.65637524763237
13273,0.706305605521011
13275,0.831566445490494
13277,0.58286571567421
13279,0.745767658773651
13283,0.563750060850677
13285,NA
13287,0.795258706691894
13289,0.388793139149322
13291,NA
13293,NA
13295,0.886597909524536
13297,NA
13299,0.756342238563171
13301,0.311034521701355
13303,0.564705030992126
13305,0.741932183733444
13307,0.718150099813385
13309,0.772911881096191
13311,NA
13313,NA
13315,0.529190672434387
13317,NA
13319,NA
13321,0.646804743491821
16001,NA
16003,NA
16005,NA
16007,NA
16009,NA
16011,NA
16013,NA
16015,NA
16017,NA
16019,NA
16021,NA
16023,NA
16025,NA
16027,NA
16029,NA
16031,NA
16033,NA
16035,NA
16037,NA
16039,NA
16041,NA
16043,NA
16045,NA
16047,NA
16049,NA
16051,NA
16053,NA
16055,NA
16057,NA
16059,NA
16061,NA
16063,NA
16065,NA
16067,NA
16069,NA
16071,NA
16073,NA
16075,NA
16077,NA
16079,NA
16081,NA
16083,NA
16085,NA
16087,NA
17001,1.24281323562958
17003,1.02604552519135
17005,1.02345121026001
17007,1.0380636523848
17009,1.19233210945496
17011,1.2740983035144
17013,1.15681365004791
17015,1.39598838378113
17017,1.26871246951874
17019,1.31942301831329
17021,1.34157369526886
17023,1.23258557903961
17025,0.996752985579834
17027,1.08300120029083
17029,1.33410850573486
17031,0.982051882054901
17033,1.13291409063782
17035,1.18551457726044
17037,1.19878355865906
17039,1.34226978415771
17041,1.33869989967102
17043,0.907478837222442
17045,1.31583067432281
17047,1.06061103027527
17049,1.10502281296387
17051,1.03839513770355
17053,1.21164514576889
17055,0.943396402703857
17057,1.21147774633179
17059,1.05986297134048
17061,1.28807140246887
17063,1.17897074647644
17065,1.00135498635406
17067,1.2656258277298
17069,0.941637579582977
17071,1.26036568390015
17073,1.26012958225983
17075,1.24170344544952
17077,1.02857582707626
17079,1.15524112141663
17081,0.92511719569046
17083,1.21093468660431
17085,1.2683156042038
17087,1.03145342071808
17089,1.10480551986023
17091,1.15682261308563
17093,1.12237758991608
17095,1.29297671036316
17097,0.741680600089264
17099,1.20920449156433
17101,1.1279903548764
17103,1.19115576266373
17105,1.21507493520752
17107,1.33805364388763
17109,1.30661258800079
17111,0.961364793025055
17113,1.32863510043823
17115,1.34723727961487
17117,1.23769982261047
17119,1.12723303009857
17121,1.01537113557465
17123,1.25607872178955
17125,1.19235299437103
17127,0.943055262220917
17129,1.26910106392242
17131,1.3018323473587
17133,1.04316722855652
17135,1.20512117036285
17137,1.34598070671478
17139,1.33847772707581
17141,1.15096593410751
17143,1.25561615636993
17145,0.931122231976318
17147,1.3592767848645
17149,1.21700110585602
17151,0.838038706072235
17153,1.01671249396667
17155,1.27745487462463
17157,0.963190908141479
17159,1.04720155585587
17161,1.25084941219391
17163,1.07415798696533
17165,1.06481191780838
17167,1.36594094183441
17169,1.23271194402893
17171,1.25067077435333
17173,1.18419791048004
17175,1.30673381395111
17177,1.17527640034821
17179,1.34114732806335
17181,0.995254306842346
17183,1.28808396456421
17185,1.08204416242157
17187,1.34664312365112
17189,0.964737456075592
17191,0.954927039273376
17193,1.02316117466492
17195,1.23655558183563
17197,1.11121634124084
17199,0.923005833628921
17201,1.01114180164383
17203,1.32368783237701
18001,1.18373397811066
18003,1.15692932168335
18005,1.3126918115921
18007,1.28051478302887
18009,1.2144115146878
18011,1.34641541404419
18013,NA
18015,1.38392378894714
18017,1.28541188922455
18019,1.14288981319458
18021,1.25818955177887
18023,1.36789111196808
18025,NA
18027,1.29340904715942
18029,1.07730208390244
18031,1.36616913592987
18033,1.06552545693573
18035,1.26664522619354
18037,1.23679681386337
18039,1.20740811193115
18041,1.28257991536835
18043,NA
18045,1.28709434484161
18047,1.24234194076492
18049,1.19043872829773
18051,1.16686675234344
18053,1.28223989093933
18055,1.21438511006317
18057,1.344495057258
18059,1.30918966898315
18061,1.09045994439713
18063,1.31444375670624
18065,1.28282433982941
18067,1.34541207291443
18069,1.23097686949738
18071,1.20516427253845
18073,1.20666473350159
18075,1.165954339328
18077,1.09690728410034
18079,1.2513373267453
18081,1.32128411177093
18083,1.18146683135925
18085,1.21785252522675
18087,1.13131256190765
18089,1.10580006233231
18091,1.14460728175919
18093,1.07722636526718
18095,1.34834016583343
18097,1.29022813774597
18099,1.18270772759491
18101,1.25786997968689
18103,1.25813101518311
18105,1.11394849315765
18107,1.37234556868317
18109,1.27442734043579
18111,1.2424347808786
18113,1.12833359769348
18115,NA
18117,1.26687039223572
18119,1.16463377068466
18121,1.23558968474762
18123,1.1150005340358
18125,1.16616265209076
18127,1.15130558651855
18129,1.11386253105072
18131,1.15849039562164
18133,1.33408452355286
18135,1.23107632807037
18137,1.16802609877838
18139,1.3760469052887
18141,1.14097071953918
18143,1.14281236424316
18145,1.35811333758026
18147,1.1222399346138
18149,1.06649066189728
18151,1.05083682899033
18153,1.21766719106262
18155,NA
18157,1.30229868486755
18159,1.38094222925873
18161,1.34592587299561
18163,1.15664354266602
18165,1.3046238837262
18167,1.17625588041809
18169,1.24514416183472
18171,1.28981140840149
18173,1.12240713506454
18175,1.15415777046753
18177,1.25388717255127
18179,1.21387098122192
18181,1.28877707730927
18183,1.20156540525604
19001,1.15095393436493
19003,1.14824987413101
19005,1.21879771908188
19007,1.12971876769073
19009,1.19867929845871
19011,1.25624157914673
19013,1.23178250470245
19015,1.22559273121155
19017,1.27498119733612
19019,1.19275824306778
19021,1.21449409402664
19023,1.21294985606461
19025,1.20198258448273
19027,1.25209494567688
19029,1.17549320031174
19031,1.27094281244537
19033,1.17975281477539
19035,1.34449197729523
19037,1.17481435402344
19039,1.04673540868179
19041,1.19654747108276
19043,1.3469577816452
19045,1.21870674770966
19047,1.23565083412079
19049,1.22006072010651
19051,1.10984292009033
19053,1.10687772919281
19055,1.31049964809158
19057,1.24107797076324
19059,1.17317050175995
19061,1.33884733991119
19063,1.16016634524994
19065,1.23958649014099
19067,1.18515854740692
19069,1.20432170373489
19071,1.17973947403778
19073,1.21725201900269
19075,1.35681558315552
19077,1.13028523859589
19079,1.21052655693115
19081,1.21975739568329
19083,1.2498882907785
19085,1.12681484728851
19087,1.23093319631744
19089,1.13232159577759
19091,1.2160913402243
19093,1.2404921549234
19095,1.23824428389404
19097,1.2343845714502
19099,1.32099326292725
19101,1.14736041375946
19103,1.18877964060043
19105,1.25194530793518
19107,1.19327180090469
19109,1.20099962647736
19111,1.18762291559448
19113,1.19233625356216
19115,1.1457909391362
19117,1.07524765356842
19119,1.30208528497528
19121,1.16297489927689
19123,1.27308075648895
19125,1.21053623805008
19127,1.33121000122223
19129,1.13661981359482
19131,1.18260287043549
19133,1.10464107061218
19135,1.07970823560272
19137,1.18213908514297
19139,1.21778620220825
19141,1.32665080846985
19143,1.24975645799011
19145,1.1563630324614
19147,1.16947200287292
19149,1.20620713408936
19151,1.19227205018097
19153,1.20035703896423
19155,1.21761793761307
19157,1.28995379611847
19159,1.11474571902618
19161,1.21722196341095
19163,1.34445887634705
19165,1.2195591533606
19167,1.37922660348083
19169,1.23413383133514
19171,1.31233931158356
19173,1.13445049891922
19175,1.13740969427124
19177,1.10847455146301
19179,1.13489445478851
19181,1.1871131298468
19183,1.21901450174225
19185,1.10799460501755
19187,1.23757733352936
19189,1.18374605571747
19191,1.21069090236023
19193,1.13508466844421
19195,1.18766617349853
19197,1.19197710048798
20001,0.565284833983307
20003,0.584692706763191
20005,0.846499234023743
20007,0.640749761629944
20009,0.96631149873352
20011,0.562628629968643
20013,1.01987408440018
20015,0.725744189249878
20017,0.681246729956512
20019,0.55387708014183
20021,0.571145851729202
20023,1.0515096451268
20025,0.798670838254089
20027,0.714974800950088
20029,0.76253110017746
20031,0.609864520063591
20033,0.98561210272583
20035,0.626308889004211
20037,0.534787896992683
20039,0.886497853992462
20041,0.585914848534546
20043,1.12859249624924
20045,0.800717940699158
20047,1.3474092211319
20049,0.763528056440582
20051,0.56923373124794
20053,0.50872238620903
20055,1.38718375650604
20057,1.27438345961792
20059,0.694448043015823
20061,0.749527354617538
20063,0.772839441410065
20065,0.679515834138489
20067,0.804868086710815
20069,1.46744168587646
20071,0.775820196501465
20073,0.666430101873016
20075,0.777586278298645
20077,0.495516678146667
20079,0.818802556356964
20081,1.2393722423938
20083,0.917797762799011
20085,0.783649470510712
20087,0.79794823227005
20089,0.811799880333099
20091,0.730480942721023
20093,1.04098775346442
20095,0.87005864788269
20097,1.34997259801025
20099,0.546502937681389
20101,0.83992310688858
20103,0.805895842601623
20105,0.651348510475616
20107,0.608747456066971
20109,0.723265952578278
20111,0.642419670291939
20113,0.855414117044678
20115,0.597640483083954
20117,0.697789711778107
20119,1.41824941338025
20121,0.73636972338974
20123,0.618457527509155
20125,0.531906505306892
20127,0.537761988203964
20129,1.02738588
20131,0.796845722395248
20133,0.496617622085342
20135,0.527020291451454
20137,0.732996017823715
20139,0.691788668196793
20141,0.850970370986633
20143,0.638515309202423
20145,1.22197271946564
20147,0.562937679575462
20149,0.864356010300903
20151,1.24705910273132
20153,0.772687095723572
20155,0.889639822640686
20157,0.86772451194107
20159,0.804541454928894
20161,0.845899999582062
20163,0.515694227998886
20165,0.754741441756744
20167,0.482563959610367
20169,0.569927237639923
20171,0.928763218414078
20173,0.949883894393616
20175,1.15970211872681
20177,0.896473386214447
20179,1.13880490010223
20181,1.04291777752701
20183,0.642099979240723
20185,1.26852720456726
20187,0.480807502696838
20189,0.987738868927002
20191,0.674830367238388
20193,0.945173004823303
20195,0.637486050099449
20197,0.760573974172821
20199,0.6973977
20201,0.727880917746353
20203,0.897855649280548
20205,0.545076614277115
20207,0.570507395345917
20209,0.810053896158142
21001,1.02239722277618
21003,0.971475731138306
21005,NA
21007,0.993840422248383
21009,1.22032566611725
21011,1.10940778883347
21013,NA
21015,1.050118047005
21017,0.922067141436767
21019,NA
21021,0.899440861129303
21023,1.11583632
21027,1.10782335562698
21029,1.05283229880112
21031,1.185827574151
21033,1.03386485853424
21035,0.94304505335556
21037,NA
21039,1.10973679980011
21041,0.990295263979645
21043,NA
21045,1.10270354908966
21047,1.0702474551358
21049,1.02275924990552
21051,NA
21053,1.01962471123489
21055,1.00063469899368
21057,1.00400798495804
21059,1.15447036938538
21061,1.03279964129852
21063,NA
21065,0.953255982114029
21067,1.0099870491983
21069,0.93001922463562
21073,0.927664108610535
21075,1.08295173055176
21077,1.03804370183945
21079,0.898112185954742
21081,NA
21083,1.06166562336975
21085,1.0912108929599
21087,1.11890759658142
21089,1.06659249100342
21091,1.07321168570786
21093,1.22264136554016
21095,NA
21097,1.06436519343323
21099,1.09857461675415
21101,1.11670831282989
21103,0.938782782856598
21105,1.06961031811859
21107,1.16496436489059
21109,NA
21111,0.999757532518463
21113,1.06776816297134
21117,NA
21121,NA
21123,1.28045204176483
21125,NA
21127,NA
21129,NA
21135,0.955159585113983
21137,1.07557172448242
21139,0.942496828634338
21141,1.05713614014587
21143,1.02268149641846
21145,0.94722404373764
21147,NA
21149,1.15203127246536
21151,NA
21153,NA
21155,1.25522795993896
21157,0.91720367258728
21159,NA
21161,0.897007898180084
21163,1.05667129070892
21165,NA
21167,1.0000099942981
21169,0.889019694631348
21171,0.890174317303162
21173,NA
21175,NA
21177,1.01183853074966
21179,1.15437399077515
21181,0.8164656
21183,1.11187187151886
21185,1.09862029710083
21187,NA
21189,NA
21191,0.983652523998032
21195,NA
21197,0.897535540790558
21199,1.11182544713623
21201,NA
21203,0.962938005131226
21205,0.9654921767276
21207,1.15347014282471
21209,0.925277293193359
21211,1.01704599510376
21213,1.03369460407547
21215,1.05453723122513
21217,1.14265130641479
21219,1.11498419119965
21221,1.06066823452759
21223,1.01564111680542
21225,1.22754350695587
21227,1.12726305108398
21229,1.12113027420746
21231,1.13726382861877
21233,1.15507617902847
21235,NA
21237,NA
21239,0.942635210669403
22001,0.643878705323257
22003,0.549088626554077
22005,NA
22007,NA
22009,0.743933497687073
22011,0.556022814933929
22013,NA
22015,0.66320442052887
22017,0.712500522376709
22019,0.47455344796051
22021,0.651497838490723
22023,0.470871698533935
22025,0.667778904950333
22027,NA
22029,0.7666108309729
22031,NA
22033,NA
22035,1.02853648833832
22037,NA
22039,0.658190016200562
22041,0.818370288773346
22043,0.684244770906372
22045,1.00190465588928
22047,0.871290771415405
22049,NA
22053,0.584982913227005
22055,0.615063097081299
22057,NA
22059,NA
22061,NA
22063,NA
22065,0.817317339479217
22067,0.718901878927917
22069,0.867381589232483
22071,NA
22073,0.655256598233566
22075,NA
22077,1.00325386991669
22079,0.837095017592163
22081,0.770248197789917
22083,0.800706408141937
22085,NA
22089,NA
22091,NA
22093,NA
22095,NA
22097,0.741339295226288
22099,0.607200250612717
22101,0.92532768
22103,NA
22105,NA
22107,0.898421428059234
22109,NA
22111,NA
22113,0.514202340752335
22115,NA
22117,0.680388
22119,NA
22121,0.948561213034241
22123,0.850871993861236
22125,0.735737024633484
22127,NA
23001,NA
23003,NA
23005,NA
23007,NA
23009,NA
23011,NA
23013,NA
23015,NA
23017,NA
23019,NA
23021,NA
23023,NA
23025,NA
23027,NA
23029,NA
23031,NA
24001,NA
24003,0.969599523368988
24005,0.996226493629608
24009,0.894647193233795
24011,0.897994455243072
24013,0.945098869427338
24015,0.970530874694824
24017,0.836572366943817
24019,0.989082900657501
24021,1.00903451880264
24023,NA
24025,1.03746568107391
24027,0.961533100878143
24029,1.02946978626984
24031,1.02348128315491
24033,0.880326785219269
24035,0.973055535749054
24037,0.869051119387817
24039,1.05498642995239
24041,0.991266326061401
24043,1.00426256637497
24045,0.977674865639648
24047,1.02956224571396
25003,NA
25005,NA
25007,NA
25009,NA
25011,NA
25013,NA
25015,NA
25017,NA
25023,NA
25027,NA
26001,NA
26003,NA
26005,1.0079809465947
26007,0.708196180970581
26009,NA
26011,0.838306256208801
26013,NA
26015,1.00029945023727
26017,0.897113032190094
26019,NA
26021,0.955657846956024
26023,1.02608110049164
26025,0.988929499478149
26027,0.97538814036087
26029,NA
26031,NA
26033,NA
26035,0.48987936
26037,0.925259021054687
26039,NA
26041,NA
26043,NA
26045,1.01065138678558
26047,NA
26049,0.782709398391418
26051,0.828373168642273
26053,NA
26055,NA
26057,0.946033940932922
26059,0.970503518396301
26061,NA
26063,1.0126490540979
26065,1.00161649768723
26067,1.07169262384598
26069,0.833095270661316
26071,NA
26073,0.964842330538177
26075,0.915976264166107
26077,1.03404828935059
26079,NA
26081,0.988363002618255
26083,NA
26085,NA
26087,0.876258907089538
26089,NA
26091,0.974017920295257
26093,0.949684466804352
26095,NA
26097,NA
26099,0.824921153292541
26101,NA
26103,NA
26105,0.903613994391174
26107,0.780682237840118
26109,NA
26111,0.90530328475708
26113,NA
26115,0.965038228282471
26117,0.863584496930542
26119,0.93908859374414
26121,0.819373707767334
26123,0.747723962878113
26125,0.634235007078735
26127,0.737211911523743
26129,0.81136269
26131,NA
26133,NA
26135,NA
26137,NA
26139,0.969062519748077
26141,0.781901368428772
26143,NA
26145,0.835093180217895
26147,0.819230584665985
26149,1.09776337532471
26151,0.94900164944046
26153,NA
26155,0.83754072108078
26157,0.898836228101196
26159,0.934273847137146
26161,0.919618025986175
26163,0.715061864403259
26165,NA
27001,0.847057468623962
27003,0.668216376459808
27005,0.755508348160324
27007,0.793408003782806
27009,0.819198902577057
27011,0.959549501036224
27013,1.17976439059052
27015,1.1641724424411
27017,NA
27019,1.14866148173965
27021,0.993026265236206
27023,1.09520548354858
27025,0.830133895110931
27027,0.845509527785339
27029,0.701221127713928
27033,1.12827746623718
27035,NA
27037,1.08419270465164
27039,1.20377174869751
27041,0.908942208858642
27043,1.17697143536377
27045,1.17677487144775
27047,1.16308505985535
27049,1.17209950526825
27051,0.998959986541443
27053,1.00082642667603
27055,1.15941845934677
27057,0.909308017161369
27059,0.710165253078003
27061,NA
27063,1.14688762217133
27065,0.717622690795593
27067,1.0695489524559
27069,0.687940611595192
27071,0.727614937871704
27073,0.989234822416534
27075,NA
27077,0.439336243085976
27079,1.15435139284607
27081,1.02513453968674
27083,1.09237044703278
27085,1.05543003110687
27087,0.741376687358551
27089,0.692148145705261
27091,1.15529484773346
27093,0.977761718859405
27095,0.842928553591614
27097,0.827870814602508
27099,1.15252131530563
27101,1.1150037783786
27103,1.15401790901215
27105,1.14172172866302
27107,0.770659420403213
27109,1.19319572755463
27111,0.874136752180939
27113,0.648065053874817
27115,0.812534615833435
27117,1.06842621085937
27119,0.752645786640167
27121,1.00784838707352
27123,NA
27125,0.717669880843124
27127,1.11036884968781
27129,1.11481770017853
27131,1.16478662681442
27133,1.20082001965973
27135,0.641664616554069
27137,NA
27139,1.15852861830566
27141,0.897627273501892
27143,1.13183472806747
27145,0.936629317877045
27147,1.15750488539993
27149,1.04185115008362
27151,0.998992317498932
27153,0.89763216164505
27155,0.957026206931763
27157,1.20569118841614
27159,0.867341437245941
27161,1.20708703446411
27163,0.934881196761627
27165,1.18135770031891
27167,0.877872608593903
27169,1.23097150551727
27171,0.976345420474396
27173,1.03166976214783
28001,NA
28003,0.767850420819855
28005,NA
28007,NA
28009,0.718480071105499
28011,1.04415707322021
28013,0.749570378928909
28015,0.791578730839386
28017,0.68905968275856
28019,NA
28021,NA
28023,NA
28025,0.6956290573349
28027,0.933773154200897
28029,NA
28031,NA
28033,0.819117041319427
28035,NA
28037,NA
28039,0.346379352533112
28041,NA
28043,0.709616420583229
28045,NA
28047,NA
28049,0.872084701031647
28051,0.903851514890747
28053,0.808044657356491
28055,0.854546017426147
28057,0.649186952807373
28059,NA
28061,NA
28063,0.909185153899383
28065,NA
28067,NA
28069,NA
28071,0.631526017174072
28073,NA
28075,NA
28077,NA
28079,NA
28081,0.66142745504303
28083,0.969075773969879
28085,NA
28087,0.773109773029861
28089,0.791811769820099
28091,NA
28093,0.750338994019699
28095,0.687368181913757
28097,0.665722999521789
28099,NA
28101,NA
28103,0.848419339914093
28105,0.526693203298645
28107,0.757404225298614
28109,NA
28111,NA
28113,NA
28115,0.670523770365143
28117,0.631317245877533
28119,0.762755007414627
28121,0.820745832911041
28123,NA
28125,0.953333245056457
28127,NA
28129,NA
28131,NA
28133,0.936506811492767
28135,0.84451367027298
28137,0.749905536843719
28139,0.829281532717895
28141,0.64569071403717
28143,0.793785909158401
28145,0.710050104863205
28147,NA
28149,0.877052715583649
28151,1.07111048492798
28153,NA
28155,NA
28157,0.931057241301269
28159,NA
28161,0.721092770646057
28163,0.833316872252197
29001,1.04401323203766
29003,1.03219784598892
29005,1.11963985772964
29007,1.02961504631165
29009,0.6577084
29011,0.679417106624069
29013,0.771968953955231
29015,0.775688830898437
29017,0.916220307957611
29019,0.970153146676636
29021,1.03997592859451
29023,1.03174494438507
29025,0.841326851829834
29027,1.01087907043777
29029,NA
29031,1.05085201251465
29033,1.03195095582733
29035,NA
29037,0.786432251478424
29039,0.747155355032501
29041,0.997718856713104
29043,NA
29045,1.06486350718475
29047,0.967373982069702
29049,0.990984024979553
29051,1.01504709926697
29053,0.959658813759765
29055,NA
29057,0.7401502608918
29059,NA
29061,0.876288097523193
29063,0.873218257104187
29065,NA
29067,NA
29069,0.798618513493347
29071,1.01431665495071
29073,0.941286135067291
29075,0.965515112068329
29077,0.73481904
29079,0.942633523611145
29081,0.973032003449249
29083,0.756350133995819
29085,0.735827018377075
29087,1.11643031158371
29089,1.04720249022659
29091,NA
29093,NA
29095,0.897142265881653
29097,0.721630881669311
29099,0.955596498596497
29101,0.833732044312134
29103,1.09246026774475
29105,0.878834508651581
29107,1.11055747145264
29109,0.717822386583862
29111,1.08940362963806
29113,1.03708400793488
29115,0.898046477198486
29117,0.886985578209076
29119,NA
29121,1.02901920328964
29123,NA
29125,0.823542290297699
29127,1.05692254991882
29129,0.939336276390533
29131,0.969876944959259
29133,1.01468520364166
29135,0.915706637650146
29137,1.00917555687302
29139,1.06752879103348
29141,0.890978170282593
29143,0.972014491030121
29145,0.60163808874855
29147,1.08390705540802
29149,NA
29151,1.04317911582855
29153,NA
29155,0.881707750548248
29157,1.05733772197876
29159,0.862293767589416
29161,0.88256038979187
29163,1.04666607491318
29165,1.01645440865952
29167,0.774611432236938
29169,0.65317248
29171,1.02858301653992
29173,1.03612618277176
29175,0.984124956545563
29177,0.960336708374176
29179,NA
29181,0.940406771090546
29183,1.12256491394379
29185,0.743913092933731
29186,1.0656978310318
29187,0.949731948410156
29189,1.11281402866913
29195,1.13372637025696
29197,1.00448438425537
29199,1.10840144560516
29201,0.992171039169922
29203,NA
29205,1.0761578863855
29207,1.04252605990265
29209,NA
29211,0.937054179707489
29213,NA
29215,NA
29217,0.680733262961197
29219,1.01402155818085
29221,NA
29223,0.816594707540436
29225,NA
29227,0.997301919730682
29229,NA
30001,NA
30003,NA
30005,NA
30007,NA
30009,NA
30011,NA
30013,NA
30015,NA
30017,NA
30019,NA
30021,NA
30023,NA
30025,NA
30027,NA
30029,NA
30031,NA
30033,NA
30035,NA
30037,NA
30039,NA
30041,NA
30043,NA
30045,NA
30047,NA
30049,NA
30051,NA
30053,NA
30055,NA
30057,NA
30059,NA
30061,NA
30063,NA
30065,NA
30067,NA
30069,NA
30071,NA
30073,NA
30075,NA
30077,NA
30079,NA
30081,NA
30083,NA
30085,NA
30087,NA
30089,NA
30091,NA
30093,NA
30095,NA
30097,NA
30099,NA
30101,NA
30103,NA
30105,NA
30107,NA
30109,NA
30111,NA
31001,1.37099279020447
31003,1.2400558210968
31005,NA
31007,NA
31009,NA
31011,1.16925278911835
31013,NA
31015,0.543137042329941
31017,1.36754925340393
31019,1.2767192826178
31021,1.08245788101593
31023,1.09666403625427
31025,1.06886813360718
31027,1.08439787689056
31029,1.4739919015271
31031,1.11829327378281
31033,0.692278594240723
31035,1.34530943055969
31037,1.09399270495056
31039,1.12815348908417
31041,1.07072784281189
31043,1.09263312632935
31045,NA
31047,1.30700339720917
31049,1.00470626269684
31051,1.05393759015915
31053,1.15576613394653
31055,1.08371350224213
31057,1.30616864943466
31059,1.29332538637299
31061,1.32267516484314
31063,1.20212874428894
31065,1.17595321351501
31067,0.972122116695404
31069,0.770788884388779
31071,1.07357627197479
31073,1.37661688873566
31075,NA
31077,1.11593828753143
31079,1.36838141435577
31081,1.49221386103027
31083,1.3315719141507
31085,1.25175116646179
31087,1.17455650230896
31089,1.33117231493622
31091,NA
31093,1.18826287302704
31095,1.05014886393585
31097,0.921414647863617
31099,1.4546026534378
31101,1.27449215807922
31103,1.01622171574203
31105,NA
31107,1.02326283073944
31109,1.00484391799911
31111,1.3094392843927
31113,0.951906261969147
31115,1.10160444361191
31117,0.968872470472412
31119,1.09288391835388
31121,1.32586230339478
31123,NA
31125,0.981618714706879
31127,1.03279013321121
31129,1.0875771684584
31131,0.936804521040039
31133,0.937681462574158
31135,1.12821085771652
31137,1.53605752901337
31139,1.12600261957886
31141,1.16543891274963
31143,1.24287720541809
31145,1.24213533236359
31147,1.04791355500183
31149,1.31933707350952
31151,1.06082725058289
31153,1.08660515470276
31155,1.15165325894501
31157,NA
31159,1.19173151671509
31161,1.01604604539368
31163,1.09491994677551
31165,NA
31167,1.07306965270569
31169,1.18095813571075
31171,NA
31173,1.10237347397858
31175,1.10657758855133
31177,1.07368666614593
31179,1.08921420327621
31181,1.15964690433807
31183,1.27617803972229
31185,1.3880848013443
32001,NA
32003,NA
32005,NA
32007,NA
32009,NA
32011,NA
32013,NA
32015,NA
32017,NA
32019,NA
32021,NA
32023,NA
32027,NA
32029,NA
32031,NA
32033,NA
32510,NA
33001,NA
33003,NA
33005,NA
33007,NA
33009,NA
33011,NA
33013,NA
33015,NA
33017,NA
33019,NA
34001,NA
34005,0.867782693822021
34007,NA
34009,NA
34011,0.846178468013611
34015,0.81535083516098
34019,0.934130317411499
34021,0.86535973210022
34023,0.900785161058807
34025,0.883750111927032
34027,NA
34029,NA
34033,0.901919763972626
34035,0.805283302028656
34037,NA
34041,1.11867283593613
35001,NA
35003,NA
35005,NA
35006,NA
35007,NA
35009,NA
35011,NA
35013,NA
35015,NA
35017,NA
35019,NA
35021,NA
35023,NA
35025,NA
35027,NA
35029,NA
35031,NA
35033,NA
35035,NA
35037,NA
35039,NA
35041,NA
35043,NA
35045,NA
35047,NA
35049,NA
35051,NA
35053,NA
35055,NA
35057,NA
35059,NA
35061,NA
36001,0.7484268
36003,0.7484268
36007,NA
36009,0.932010636855011
36011,0.990791795505524
36013,1.10855723462082
36015,0.86409276
36017,0.944680937513122
36019,1.23612047653351
36021,1.09102548093155
36023,1.04961191222443
36025,0.97975872
36027,1.22621036756561
36029,0.979760934804687
36031,1.04099364
36033,0.501440147328644
36035,NA
36037,0.883673147464142
36039,NA
36043,0.955216162126694
36045,0.911538582866211
36049,NA
36051,0.940924767188415
36053,0.882438030484466
36055,0.967308818363037
36057,0.924289083678436
36063,0.891521204055328
36065,1.17148143633514
36067,0.961372596750946
36069,0.951306586296844
36071,NA
36073,0.930451708508758
36075,0.978666769379577
36077,0.842169152434387
36079,NA
36083,1.16346348
36089,0.7484268
36091,1.09996060346063
36093,NA
36095,NA
36097,0.753718712434387
36099,0.92569410905365
36101,1.11646269445068
36103,NA
36105,NA
36107,0.8845044
36109,0.858384767089691
36111,NA
36113,NA
36115,1.23331664107874
36117,1.04176318080994
36119,NA
36121,0.940118015929413
36123,0.890024368104553
37001,0.739582323543701
37003,0.8618738977211
37005,NA
37007,0.793434347846374
37009,NA
37011,NA
37013,0.870466457447357
37015,0.833379916321564
37017,0.697062087877197
37019,0.624526948859406
37021,NA
37023,0.849366151614838
37025,0.739065352658157
37027,0.811386741394653
37029,0.962741562337341
37031,0.842211865288849
37033,0.613199096692505
37035,0.781886607101593
37037,0.752676300765686
37039,0.971694841073913
37041,0.935134913020477
37043,0.902785536315918
37045,0.679064005330658
37047,0.677653096880493
37049,0.787946061830749
37051,0.668070493504181
37053,0.994314156858826
37057,0.850347785928345
37059,0.797285884546356
37061,0.725469536165466
37063,0.606525608992691
37065,0.762910307615967
37067,0.783401481598358
37069,0.6859362155159
37071,0.611015102447166
37073,0.9393519357518
37077,0.480278830548248
37079,0.788132347668762
37081,0.839735194553375
37083,0.839788574806976
37085,0.650356078989258
37087,NA
37089,NA
37091,0.802528067694244
37093,0.65715593167839
37095,0.88801008975708
37097,0.825578439841461
37101,0.731236645327453
37103,0.749376856043548
37105,0.621471677702484
37107,0.763307216188812
37109,0.670575204013061
37111,0.777586278298645
37115,NA
37117,0.822603464006042
37119,0.803710747442627
37121,NA
37123,0.708799808684997
37125,0.65254550426445
37127,0.687803581369629
37129,0.698963679384613
37131,0.816186292365112
37133,0.761778248266907
37135,0.722753839555359
37137,0.898508514871673
37139,0.947473295780792
37141,0.782139795614014
37143,0.991129700297241
37145,0.665059129119873
37147,0.766854372972717
37149,0.669920504286804
37151,0.846340287181091
37153,0.757023218331299
37155,0.693062860041199
37157,0.704197401286468
37159,0.87832312236145
37161,0.590484596215515
37163,0.751827442262878
37165,0.732732477694855
37167,0.856772960281524
37169,0.592882541891403
37171,0.786710434407806
37173,NA
37175,NA
37177,0.978229232983246
37179,0.838558259454651
37181,0.695720820326767
37183,0.588709265878448
37185,0.662742101679306
37187,0.93001046923584
37189,NA
37191,0.821192313311615
37193,0.648182970595474
37195,0.815662698694458
37197,0.853359029190521
37199,NA
38001,NA
38003,0.872050120663147
38005,0.700168623976211
38007,NA
38009,0.522008190606537
38011,NA
38013,0.45359199567421
38015,0.578128213841324
38017,0.87719757765274
38019,0.594940922753506
38021,0.877145218285675
38023,NA
38025,NA
38027,0.781433454601898
38029,0.601523334180679
38031,0.799488732749176
38033,NA
38035,0.722590912985535
38037,0.48987936
38039,0.801276296421509
38041,0.615070762381897
38043,0.586560671738891
38045,0.903468171996612
38047,0.614580715215836
38049,0.713901967727783
38051,0.679939835136642
38053,NA
38055,0.552657985024658
38057,NA
38059,0.597545146989212
38061,0.448199664341354
38063,0.690988885786133
38065,0.4762716
38067,0.728819480164795
38069,0.656041065615875
38071,0.628881825879364
38073,0.931488029464569
38075,0.533162598044243
38077,0.87964677096756
38079,0.576353724870491
38081,0.894350071994018
38083,0.732156654430847
38085,1.02814188973755
38087,NA
38089,NA
38091,0.826468462565765
38093,0.795305139726105
38095,0.582819944485931
38097,0.824975312188415
38099,0.756361956380997
38101,0.53684389542572
38103,0.771720496127197
38105,0.362873591348419
39001,1.03153066203155
39003,1.1386854390744
39005,1.00478169582993
39007,0.982215595918579
39009,1.07921430820267
39011,1.14587600147873
39013,NA
39015,1.09294233382751
39017,1.15716146955124
39019,0.90842162593811
39021,1.14678419252274
39023,1.22379311588715
39025,1.01224772456726
39027,1.2486818624408
39029,0.985916880614624
39031,1.13186788957672
39033,1.1339446063829
39035,NA
39037,1.19675114659821
39039,0.996796676062927
39041,1.12259015925659
39043,1.03066771875519
39045,1.17306327406738
39047,1.21313004253815
39049,1.09931965628723
39051,1.08356460853638
39053,1.03881603710999
39055,0.912169383465637
39057,1.24816560531067
39059,0.941420201693848
39061,1.04090712419189
39063,1.06667588359085
39065,1.09520023203903
39067,NA
39069,1.1378805825116
39071,1.11376309843246
39073,1.02333936262329
39075,1.0885693577005
39077,0.974006560769653
39079,1.00793616601242
39081,NA
39083,1.0973884504187
39085,NA
39087,0.97888977252655
39089,1.14620191517944
39091,1.07972033916428
39093,0.862767753095703
39095,1.05686979257904
39097,1.24928501604858
39099,1.01624701296432
39101,1.0964542873291
39103,0.946994690330353
39105,0.982397818974243
39107,1.17513162479492
39109,1.19342266717087
39111,NA
39113,1.14513687097534
39115,0.961416789025726
39117,1.11472938484161
39119,1.12890858175415
39121,NA
39123,0.954213162734375
39125,1.02892547206314
39127,1.03734905776459
39129,1.17774312176575
39131,1.07324874042847
39133,0.97797311158493
39135,1.21657474730209
39137,1.10456668432037
39139,1.0419447082785
39141,1.20395831138611
39143,1.06113157858948
39145,1.02511684720398
39147,0.970873901222381
39149,1.11271663782394
39151,1.05637111546112
39153,0.865068883256531
39155,0.997253938063507
39157,1.07052331944153
39159,1.11089636252457
39161,1.19266846561371
39163,NA
39165,1.07760071051727
39167,1.03680531456223
39169,1.14010159038254
39171,1.00558872393951
39173,1.0662063017392
39175,1.04884444779388
40001,NA
40003,0.524553952866364
40005,NA
40007,0.651083413927368
40009,0.18143679567421
40011,0.604939464936104
40013,0.574024868556061
40015,0.590905634047241
40017,0.506669660236435
40019,NA
40021,NA
40023,0.639176065035248
40025,0.446032144868774
40027,0.429400423782806
40029,NA
40031,0.117933921081448
40033,0.292058121776283
40035,0.481510608017731
40037,0.56245408
40039,0.686738284539368
40041,0.517421330098724
40043,0.828129401701355
40045,0.43544832
40047,0.440206688364353
40049,0.550374630401764
40051,0.606786155674591
40053,0.487962988348217
40055,NA
40057,NA
40059,0.427672460850677
40061,0.518375616765289
40063,0.458579809368896
40065,0.325135626201153
40067,NA
40069,NA
40071,0.512968915156708
40073,0.651849545149307
40075,0.191156626099548
40077,NA
40079,0.585292773919525
40081,0.49041934841629
40083,0.325988093494606
40085,NA
40087,0.612116959127617
40089,0.590155113737717
40091,0.429877027473736
40093,0.709778091376098
40095,0.127005758918552
40097,0.456591081302452
40099,NA
40101,0.641492811299438
40103,0.500490229710388
40105,0.488738614463806
40107,0.473795958802643
40109,0.734358239502869
40111,0.43834698889267
40113,0.606615481614151
40115,0.552871268985748
40117,0.506680461735077
40119,0.475579433737884
40121,0.430912391348419
40123,NA
40125,0.701572788519134
40127,NA
40129,NA
40131,0.526744831607132
40133,0.32658624
40135,0.736442768686523
40137,NA
40139,0.866346972638092
40141,0.347285020559864
40143,0.533788304160309
40145,0.60184472743042
40147,0.572810117397613
40149,0.7151201950914
40151,0.13267566
40153,0.16329312
41001,NA
41003,NA
41005,NA
41007,NA
41009,NA
41011,NA
41013,NA
41015,NA
41017,NA
41019,NA
41021,NA
41023,NA
41025,NA
41027,NA
41029,NA
41031,NA
41033,NA
41035,NA
41037,NA
41039,NA
41041,NA
41043,NA
41045,NA
41047,NA
41049,NA
41051,NA
41053,NA
41055,NA
41057,NA
41059,NA
41061,NA
41063,NA
41065,NA
41067,NA
41069,NA
41071,NA
42001,1.00090599526474
42003,0.89811216
42005,0.937088050646362
42007,0.86437625067421
42009,1.04017844047234
42011,1.11427483943741
42013,1.0514889072876
42015,0.957205121622925
42017,0.961164586793518
42019,0.939699296721344
42021,0.861824782696838
42023,NA
42025,0.710951474135742
42027,1.04914857681412
42029,1.16931039134338
42031,1.01157570437622
42033,NA
42035,1.07026056228073
42037,0.992422653094635
42039,1.05291031875687
42041,1.00773801885712
42043,0.975656650822906
42045,NA
42047,NA
42049,0.996522213313293
42051,0.96486615699173
42053,NA
42055,1.08251865837112
42057,0.902000102552032
42059,NA
42061,1.03599436728653
42063,0.941129238649292
42065,1.00130434865158
42067,0.93103376091095
42069,NA
42071,1.15755397446945
42073,1.12196196797394
42075,1.07462089844818
42077,0.951165954850769
42079,0.986768784473877
42081,1.03591957437042
42083,NA
42085,1.03649019803436
42087,1.09982797126617
42089,0.879333419362183
42091,0.954959828764648
42093,0.967952876644897
42095,0.985025525546875
42097,1.01616711561554
42099,0.916597798057327
42101,NA
42103,1.04235439523621
42105,NA
42107,0.969580749438629
42109,0.946433816997986
42111,0.960132764659729
42113,NA
42115,NA
42117,0.852104970439819
42119,1.06874932144791
42121,1.09684845335083
42123,0.889040328651581
42125,0.903641653495025
42127,NA
42129,1.08711610841385
42131,1.07954899460632
42133,1.04087857397522
44001,NA
44003,NA
44005,NA
44007,NA
44009,NA
45001,NA
45003,0.480686826121902
45005,0.600574684019012
45007,0.570442032652893
45009,0.620363751938095
45011,0.563166844810867
45013,NA
45015,0.491846828969498
45017,0.645723562359192
45019,0.432337981531219
45021,0.594205511348419
45023,0.903555284763794
45025,0.64425049835701
45027,0.663845035481567
45029,0.54324515680954
45031,0.587581181930771
45033,0.600204392034531
45035,0.581485952914963
45037,0.469731887368469
45039,NA
45041,0.581583079886932
45043,0.531267929964371
45045,0.708769913147507
45047,NA
45049,0.657779991831207
45051,0.62488211355484
45053,0.631400084763794
45055,0.592369282534027
45057,0.650742524340271
45059,NA
45061,0.6381730786203
45063,0.600356975639496
45065,NA
45067,0.572041221130447
45069,0.594067782507706
45071,0.571861679199676
45073,0.534806571429863
45075,0.616798889694061
45077,NA
45079,0.576239399853607
45081,0.416959043952942
45083,0.722377660170135
45085,0.650298381596832
45087,NA
45089,0.620927320237884
45091,0.474230434702263
46003,0.692551369932098
46005,0.749299761806946
46007,0.480981983452835
46009,0.754848219567108
46011,0.93749672536911
46013,0.978014396928558
46015,0.629036645917969
46017,0.558927784340324
46019,NA
46021,0.606032607311783
46023,0.662813818958435
46025,0.882291282370758
46027,0.973948759558258
46029,0.854497352284088
46031,0.376028031008057
46033,0.21772416
46035,0.807340647945404
46037,0.861067302190552
46039,0.90232295359314
46041,0.636424455713196
46043,0.778988258317413
46045,0.883871701243744
46047,NA
46049,0.829759048069153
46051,0.851794511923065
46053,0.57433568524826
46055,0.410047166269684
46057,0.971125186387024
46059,0.661419884909821
46061,0.884702054015198
46063,NA
46065,0.637362503362579
46067,0.888550346372375
46069,0.621858325500488
46071,0.320115884928932
46073,0.712597368172302
46075,0.471037852143402
46077,0.879818003054962
46079,0.970137573831177
46081,NA
46083,1.0091858003447
46085,0.746196102358551
46087,0.967838234547577
46089,0.681262744032593
46091,0.882794847631836
46093,0.286869280896149
46095,0.322249702168465
46097,0.81765369563797
46099,1.06294861819763
46101,1.0523855571228
46103,0.22512729736837
46105,0.525713126269684
46107,0.686051143115387
46109,0.957444441651306
46111,0.837407244492035
46113,0.343775001768036
46115,0.865476069907379
46117,0.315226013617706
46119,0.797783722460937
46121,0.482354332672485
46123,0.448039493300018
46125,0.929924091853027
46127,1.01929538015976
46129,0.592361446364708
46135,0.887293176513214
46137,NA
47001,NA
47003,0.969694361997833
47005,0.888284327565613
47007,0.853495210263428
47009,0.872235074157715
47011,NA
47013,NA
47015,1.12077386368439
47017,0.970073941454315
47019,NA
47021,0.921123063635559
47023,0.809339033338928
47025,NA
47027,NA
47029,0.892003815187683
47031,1.01207732303162
47033,0.856219328322296
47035,NA
47037,0.73481904
47039,0.836082488483581
47041,0.978746234149322
47043,0.673908121701355
47045,0.944940882910156
47047,0.841751921298218
47049,NA
47051,0.972905413518829
47053,0.942963001763153
47055,1.00090204149231
47057,NA
47059,0.715289385405731
47061,0.914913426115112
47063,0.729439910979462
47065,NA
47067,NA
47069,0.869726574256439
47071,0.805672683726196
47073,NA
47075,0.788982573121338
47077,0.856974057625885
47079,1.00623483264603
47081,0.89048928675415
47083,NA
47085,0.997374376719971
47087,NA
47089,0.838624089333038
47091,NA
47093,0.93310351319458
47095,1.02239108880539
47097,0.850435512957764
47099,1.07709161689606
47101,NA
47103,0.868686463908234
47105,0.935592789283295
47107,0.928646218760986
47109,0.841356223946686
47111,0.897059176099548
47113,0.860664406723785
47115,0.821823601860199
47117,0.869562168266296
47119,0.961498632980194
47121,0.591289565248871
47123,0.829281809568481
47125,1.03430361480347
47127,0.865535999407654
47129,NA
47131,1.05790863979645
47133,0.821055514515838
47135,0.786078877660217
47137,NA
47139,0.87939700848114
47141,NA
47143,0.779822469693909
47145,NA
47147,0.98806536228363
47149,0.887823501113739
47151,NA
47153,0.708251516481445
47155,NA
47157,0.792493921012268
47159,1.06322853836444
47161,0.878823209687042
47163,NA
47165,0.927210082301178
47167,0.812042418749542
47169,0.755986663782806
47171,NA
47173,NA
47175,NA
47177,1.05872223445587
47179,NA
47181,0.771415841090851
47183,1.00044052291397
47185,0.863234298242493
47187,0.901288267786102
47189,0.905369625078735
48001,NA
48003,NA
48005,NA
48007,NA
48009,NA
48011,0.8164656
48013,NA
48015,NA
48017,0.944599725124054
48019,NA
48021,NA
48023,NA
48025,NA
48027,NA
48029,NA
48031,NA
48033,NA
48035,NA
48037,0.644535719347382
48039,0.663402286507797
48041,0.519569015822296
48045,NA
48047,NA
48049,NA
48051,0.784209129161133
48053,NA
48055,NA
48057,0.63267128316124
48059,NA
48061,NA
48063,NA
48065,1.03698974031036
48067,NA
48069,1.00786228670325
48071,0.520571242628448
48073,NA
48075,NA
48077,NA
48079,0.784164377994232
48081,NA
48083,NA
48085,0.380587671912323
48087,NA
48089,0.46104996978981
48091,NA
48093,NA
48095,NA
48097,0.440043139962158
48099,NA
48101,NA
48107,0.8164656
48109,NA
48111,1.03710946088562
48113,0.807545465469513
48115,NA
48117,0.924296714372711
48119,0.519454966358261
48121,0.16329312
48123,NA
48125,NA
48127,NA
48129,NA
48131,NA
48133,NA
48135,NA
48137,NA
48139,0.710908596901245
48141,NA
48143,NA
48145,0.639160435954513
48147,0.555726290653229
48149,NA
48151,NA
48153,1.06885614251617
48155,NA
48157,0.501266895097122
48159,NA
48161,NA
48163,NA
48165,0.388793145638008
48167,NA
48169,NA
48171,NA
48173,NA
48175,0.59874144
48177,NA
48179,1.06035235666061
48181,0.560150103469086
48183,NA
48185,NA
48187,NA
48189,0.836996614512024
48191,NA
48193,NA
48195,1.14568186865692
48197,NA
48199,NA
48201,0.511861132143402
48203,NA
48205,1.11584671227887
48207,NA
48209,NA
48211,NA
48213,NA
48215,0.848483837449036
48217,NA
48219,NA
48221,NA
48223,0.715667381622925
48225,NA
48227,NA
48229,NA
48231,0.594994007771912
48233,0.961899434764404
48235,NA
48237,NA
48239,0.579777079695892
48241,NA
48245,0.484371465176468
48247,NA
48249,NA
48251,NA
48253,NA
48255,NA
48257,0.611399801476593
48259,NA
48261,NA
48263,NA
48265,NA
48267,NA
48269,NA
48271,NA
48273,NA
48275,NA
48277,0.5610801570578
48279,1.10072607889275
48281,NA
48283,NA
48285,NA
48287,NA
48289,NA
48291,0.468042328803558
48293,NA
48295,0.593793168355408
48297,NA
48299,NA
48303,0.594794314146538
48305,NA
48307,NA
48309,0.537000136486473
48311,NA
48313,NA
48315,NA
48317,NA
48319,NA
48321,0.678673490276031
48323,NA
48325,NA
48327,NA
48329,NA
48331,NA
48333,NA
48335,NA
48337,NA
48339,NA
48341,1.24325494035754
48343,NA
48345,NA
48347,NA
48349,0.751666730497742
48351,NA
48353,NA
48355,NA
48357,1.33591760319183
48359,NA
48361,NA
48363,NA
48365,NA
48367,NA
48369,0.828286103458786
48371,NA
48373,NA
48375,NA
48377,NA
48379,NA
48381,NA
48383,NA
48385,NA
48387,0.659724659559479
48389,NA
48391,NA
48393,0.929258837198181
48395,0.843590621004089
48397,NA
48399,NA
48401,NA
48403,NA
48405,NA
48407,NA
48409,NA
48411,NA
48413,NA
48415,NA
48417,NA
48419,NA
48421,1.18136386370508
48423,NA
48425,NA
48427,NA
48429,NA
48431,NA
48433,NA
48435,NA
48437,0.880174664473877
48439,NA
48441,NA
48445,NA
48447,NA
48449,NA
48451,NA
48453,NA
48455,NA
48457,NA
48459,NA
48461,NA
48463,NA
48465,NA
48467,NA
48469,0.67551084434967
48471,NA
48473,NA
48477,NA
48479,NA
48481,0.646715312100983
48483,NA
48485,0.35380176
48487,0.345741540692596
48489,NA
48491,NA
48493,NA
48497,NA
48499,NA
48501,NA
48503,NA
48505,NA
48507,NA
49001,NA
49003,NA
49005,NA
49007,NA
49009,NA
49011,NA
49013,NA
49015,NA
49017,NA
49019,NA
49021,NA
49023,NA
49025,NA
49027,NA
49029,NA
49031,NA
49033,NA
49035,NA
49037,NA
49039,NA
49041,NA
49043,NA
49045,NA
49047,NA
49049,NA
49051,NA
49053,NA
49055,NA
49057,NA
50001,NA
50003,NA
50005,NA
50007,NA
50009,NA
50011,NA
50013,NA
50015,NA
50017,NA
50019,NA
50021,NA
50023,NA
50025,NA
50027,NA
51001,0.893842622173157
51003,0.892622256138763
51005,1.06140528
51007,0.915944867579346
51009,NA
51011,0.832562817771911
51015,0.85315429818222
51017,NA
51019,NA
51021,NA
51023,0.94744029
51025,0.652046424848022
51027,NA
51029,0.8164656
51031,0.736655294769134
51033,0.868483722763519
51035,NA
51036,0.825842849454193
51037,0.730147539346802
51041,0.797817922159881
51043,1.06941540665451
51045,NA
51047,1.07490879710281
51049,NA
51051,NA
51053,0.839354127024994
51057,0.861670620178375
51059,NA
51061,1.03292132578262
51063,NA
51065,0.87089664
51067,0.69637173498642
51069,0.977166758298645
51071,NA
51073,0.906384914041595
51075,0.853556190065613
51077,NA
51079,NA
51081,0.76182503169014
51083,0.571878190741653
51085,0.868126758539276
51087,0.79228089313797
51089,NA
51091,NA
51093,0.919660522551117
51095,0.872349941196136
51097,0.867899602633514
51099,0.893115474109192
51101,0.945749096286316
51103,0.826485895501099
51105,NA
51107,1.01489775567902
51109,0.91258631093132
51111,0.603040432133713
51113,1.06706737627411
51115,0.695700301372559
51117,0.731419115818329
51119,0.937805059057617
51121,NA
51125,NA
51127,0.793561950011749
51131,0.899352805339813
51133,0.910447159992218
51135,0.700043647565613
51137,1.03282727444763
51139,1.18387512
51141,NA
51143,0.641462980648804
51145,0.931283938673248
51147,NA
51149,0.852517325545044
51153,0.876924979318771
51155,NA
51157,NA
51159,0.902012084991455
51161,NA
51163,NA
51165,1.15138314794052
51167,NA
51169,NA
51171,0.957904013623962
51173,NA
51175,0.896010197881012
51177,0.871820291418915
51179,0.941851386099548
51181,0.813048061199798
51183,0.86698930060379
51185,NA
51187,NA
51191,NA
51193,0.808781430304108
51195,NA
51197,NA
51199,NA
51515,NA
51520,NA
51530,NA
51540,NA
51550,0.946824972269592
51570,NA
51590,NA
51595,NA
51620,NA
51630,NA
51640,NA
51660,NA
51680,NA
51690,NA
51700,NA
51730,NA
51750,NA
51770,NA
51775,NA
51790,NA
51800,0.836722281536102
51810,0.900797844276275
51820,NA
51830,NA
51840,NA
53001,NA
53003,NA
53005,NA
53007,NA
53009,NA
53011,NA
53013,NA
53015,NA
53017,NA
53019,NA
53021,NA
53023,NA
53025,NA
53027,NA
53029,NA
53031,NA
53033,NA
53035,NA
53037,NA
53039,NA
53041,NA
53043,NA
53045,NA
53047,NA
53049,NA
53051,NA
53053,NA
53055,NA
53057,NA
53059,NA
53061,NA
53063,NA
53065,NA
53067,NA
53069,NA
53071,NA
53073,NA
53075,NA
53077,NA
54001,NA
54003,1.10374052756561
54005,NA
54007,NA
54009,NA
54011,NA
54013,NA
54015,NA
54017,NA
54019,NA
54021,NA
54023,NA
54025,NA
54027,NA
54029,NA
54031,1.360776
54033,NA
54035,NA
54037,1.09060649352448
54039,NA
54041,NA
54043,NA
54045,NA
54047,NA
54049,NA
54051,NA
54053,1.10317450654266
54055,NA
54057,NA
54061,NA
54063,NA
54065,NA
54067,NA
54069,NA
54071,NA
54073,NA
54075,NA
54077,NA
54079,NA
54081,NA
54083,NA
54085,NA
54087,NA
54089,NA
54091,NA
54093,NA
54095,NA
54097,NA
54099,NA
54101,NA
54103,NA
54105,NA
54107,NA
54109,NA
55001,0.956500415759582
55003,NA
55005,0.980255095797424
55007,NA
55009,1.02766767929016
55011,0.980182517686005
55013,0.77891895050354
55015,1.03955440627426
55017,0.933310640690765
55019,0.941353669307098
55021,1.09720123886154
55023,1.10610965050003
55025,1.13838025456131
55027,1.04611966702393
55029,0.893328216481323
55031,NA
55033,0.884021702351837
55035,0.928561467875366
55037,NA
55039,1.03779218308212
55041,NA
55043,1.27872086909622
55045,1.03364581781128
55047,0.97679109800827
55049,1.14981927089004
55051,NA
55053,0.949594317332306
55055,1.06002127796616
55057,0.93512981723938
55059,0.897195827818451
55061,0.931282026673889
55063,1.05572934119659
55065,1.24161154835815
55067,0.759986289591522
55069,0.874962398492432
55071,0.939822235684662
55073,0.869335514152222
55075,0.854845647624359
55077,0.796607280502319
55078,NA
55079,0.650513801633224
55081,0.929999109710235
55083,0.924004368805542
55085,NA
55087,1.00341997161667
55089,0.956535731512451
55091,1.01321581050522
55093,1.03016015646378
55095,0.890929669520569
55097,1.00794685071472
55099,NA
55101,0.857915782197113
55103,1.14473142329224
55105,1.03872116387482
55107,0.823502960211334
55109,0.975764380307159
55111,1.0673194054747
55113,0.643533647837105
55115,0.960161254315338
55117,0.931962906083679
55119,0.930861075357971
55121,0.995451727264862
55123,1.03893127616638
55125,NA
55127,0.951806128572845
55129,0.762159800283813
55131,0.966650225425415
55133,0.902741421905365
55135,0.956545317463989
55137,0.97956926768341
55139,0.949701181658478
55141,0.989945073943176
56001,NA
56003,NA
56005,NA
56007,NA
56009,NA
56011,NA
56013,NA
56015,NA
56017,NA
56019,NA
56021,NA
56023,NA
56025,NA
56027,NA
56029,NA
56031,NA
56033,NA
56035,NA
56037,NA
56039,NA
56041,NA
56043,NA
56045,NA
