1001,4625
1003,8960
1005,2300
1007,NA
1009,NA
1011,NA
1013,1150
1015,1000
1017,600
1019,2333.33333333333
1021,NA
1023,NA
1025,NA
1027,NA
1029,NA
1031,8000
1033,5250
1035,NA
1037,NA
1039,4900
1041,NA
1043,1950
1045,2533.33333333333
1047,5975
1049,2800
1051,1200
1053,4380
1055,NA
1057,NA
1059,1000
1061,4033.33333333333
1063,NA
1065,NA
1067,4200
1069,4140
1071,2200
1073,NA
1075,NA
1077,5280
1079,3675
1081,700
1083,12100
1085,8225
1087,1700
1089,9000
1091,NA
1093,900
1095,1350
1097,NA
1099,1600
1101,1800
1103,2475
1105,NA
1107,1200
1109,2500
1111,NA
1113,1375
1115,NA
1117,NA
1119,NA
1121,3350
1123,NA
1125,1400
1127,NA
1129,1900
1131,NA
1133,NA
4001,NA
4003,3000
4005,NA
4007,NA
4009,1000
4011,NA
4012,8500
4013,18525
4015,NA
4017,NA
4019,5350
4021,24375
4023,NA
4025,NA
4027,42820
5001,67683.3333333333
5003,8000
5005,NA
5007,NA
5009,NA
5011,NA
5013,NA
5015,NA
5017,19900
5019,NA
5021,21266.6666666667
5023,NA
5025,NA
5027,NA
5029,9900
5031,13350
5033,6733.33333333333
5035,52300
5037,28883.3333333333
5039,NA
5041,18500
5043,6100
5045,5400
5047,NA
5049,NA
5051,NA
5053,NA
5055,13166.6666666667
5057,NA
5059,NA
5061,NA
5063,10066.6666666667
5065,NA
5067,35366.6666666667
5069,32483.3333333333
5071,1750
5073,17883.3333333333
5075,19766.6666666667
5077,34366.6666666667
5079,13366.6666666667
5081,16000
5083,3200
5085,31266.6666666667
5087,NA
5089,NA
5091,14650
5093,41166.6666666667
5095,28083.3333333333
5097,NA
5099,NA
5101,NA
5103,NA
5105,1666.66666666667
5107,36583.3333333333
5109,NA
5111,28550
5113,NA
5115,5600
5117,27733.3333333333
5119,15300
5121,5216.66666666667
5123,41466.6666666667
5125,NA
5127,NA
5129,NA
5131,1400
5133,NA
5135,NA
5137,NA
5139,NA
5141,NA
5143,NA
5145,14266.6666666667
5147,34883.3333333333
5149,3900
6001,1800
6003,NA
6005,NA
6007,2250
6009,NA
6011,26166.6666666667
6013,3000
6015,NA
6017,NA
6019,68750
6021,10666.6666666667
6023,NA
6025,46250
6027,NA
6029,65916.6666666667
6031,85416.6666666667
6033,NA
6035,3916.66666666667
6037,NA
6039,27166.6666666667
6041,NA
6043,NA
6045,NA
6047,31250
6049,8166.66666666667
6051,NA
6053,2833.33333333333
6055,NA
6057,NA
6059,NA
6061,3500
6063,NA
6065,29666.6666666667
6067,12833.3333333333
6069,2500
6071,NA
6073,1375
6077,32083.3333333333
6079,3400
6081,NA
6083,500
6085,NA
6087,NA
6089,1000
6091,NA
6093,10416.6666666667
6095,24333.3333333333
6097,1666.66666666667
6099,6750
6101,13916.6666666667
6103,2000
6107,94750
6109,NA
6111,NA
6113,43500
6115,900
8001,160100
8003,4650
8005,75600
8007,NA
8009,202833.333333333
8011,7450
8013,6000
8015,NA
8017,155583.333333333
8021,1100
8023,2800
8025,3980
8027,NA
8029,483.333333333333
8031,NA
8033,18633.3333333333
8035,2460
8037,NA
8039,28800
8041,1080
8043,NA
8045,1066.66666666667
8049,NA
8051,NA
8055,NA
8057,NA
8059,NA
8061,197966.666666667
8063,286900
8065,NA
8067,3333.33333333333
8069,10250
8071,2700
8073,123783.333333333
8075,155660
8077,3533.33333333333
8081,13516.6666666667
8083,7983.33333333333
8085,1016.66666666667
8087,72800
8089,4983.33333333333
8091,NA
8093,NA
8095,114260
8097,NA
8099,130800
8101,2566.66666666667
8103,883.333333333333
8105,4766.66666666667
8107,7366.66666666667
8109,7466.66666666667
8113,1480
8115,84866.6666666667
8119,NA
8121,270116.666666667
8123,146216.666666667
8125,146533.333333333
9001,NA
9003,NA
9005,NA
9007,NA
9009,NA
9011,NA
9013,NA
9015,NA
10001,21666.6666666667
10003,10800
10005,22866.6666666667
12001,NA
12003,NA
12005,NA
12007,NA
12009,NA
12011,NA
12013,NA
12015,NA
12017,NA
12019,NA
12021,NA
12023,NA
12027,NA
12029,NA
12031,NA
12033,NA
12035,NA
12039,NA
12041,NA
12043,NA
12045,NA
12047,NA
12049,NA
12051,NA
12053,NA
12055,NA
12057,NA
12059,NA
12061,NA
12063,NA
12065,NA
12067,NA
12069,NA
12071,NA
12073,NA
12075,NA
12077,NA
12079,NA
12081,NA
12083,NA
12085,NA
12089,NA
12091,NA
12093,NA
12095,NA
12097,NA
12099,NA
12101,NA
12105,NA
12107,NA
12109,NA
12111,NA
12113,NA
12115,NA
12117,NA
12119,NA
12121,NA
12123,NA
12125,NA
12127,NA
12129,NA
12131,NA
12133,NA
13001,1533.33333333333
13003,1880
13005,1000
13007,2800
13009,NA
13011,NA
13013,NA
13015,1780
13017,1583.33333333333
13019,3116.66666666667
13021,1200
13023,3240
13025,NA
13027,3933.33333333333
13029,NA
13031,9416.66666666667
13033,7250
13035,NA
13037,7716.66666666667
13039,NA
13043,1840
13045,500
13047,NA
13049,NA
13051,NA
13053,NA
13055,750
13057,NA
13059,NA
13061,4100
13063,NA
13065,NA
13067,NA
13069,2566.66666666667
13071,1620
13073,NA
13075,1900
13077,720
13079,1533.33333333333
13081,3600
13083,NA
13085,NA
13087,8233.33333333333
13089,NA
13091,3140
13093,7133.33333333333
13095,1833.33333333333
13097,NA
13099,8816.66666666667
13101,NA
13103,NA
13105,1200
13107,1933.33333333333
13109,1350
13111,NA
13113,NA
13115,800
13117,NA
13119,1500
13121,NA
13123,NA
13125,1000
13127,NA
13129,1360
13131,2233.33333333333
13133,1000
13135,NA
13137,NA
13139,800
13141,NA
13143,NA
13145,NA
13147,3483.33333333333
13149,900
13151,833.333333333333
13153,7150
13155,3083.33333333333
13157,1933.33333333333
13159,NA
13161,700
13163,14083.3333333333
13165,3450
13167,4166.66666666667
13169,NA
13171,3300
13173,NA
13175,9583.33333333333
13177,7366.66666666667
13179,NA
13181,NA
13183,NA
13185,2100
13187,500
13189,NA
13191,NA
13193,6500
13195,2500
13197,2333.33333333333
13199,1766.66666666667
13201,6683.33333333333
13205,4520
13207,2266.66666666667
13209,1625
13211,1633.33333333333
13213,1000
13215,NA
13217,1250
13219,1033.33333333333
13221,1733.33333333333
13223,NA
13225,2750
13227,NA
13229,1350
13231,1300
13233,900
13235,6116.66666666667
13237,1800
13239,NA
13243,12250
13245,1200
13247,NA
13249,1050
13251,2916.66666666667
13253,6400
13255,1566.66666666667
13257,NA
13259,1675
13261,11833.3333333333
13263,NA
13265,NA
13267,2600
13269,1266.66666666667
13271,1116.66666666667
13273,10466.6666666667
13275,1525
13277,1700
13279,2266.66666666667
13283,1300
13285,NA
13287,4566.66666666667
13289,933.333333333333
13291,NA
13293,1520
13295,1475
13297,1533.33333333333
13299,600
13301,1020
13303,7700
13305,550
13307,4866.66666666667
13309,1775
13311,NA
13313,NA
13315,3000
13317,3500
13319,666.666666666667
13321,8100
16001,7650
16003,NA
16005,33100
16007,8000
16009,33283.3333333333
16011,122616.666666667
16013,1450
16015,NA
16017,NA
16019,56433.3333333333
16021,18683.3333333333
16023,5350
16025,2225
16027,28983.3333333333
16029,31616.6666666667
16031,90883.3333333333
16033,11316.6666666667
16035,9233.33333333333
16037,NA
16039,12133.3333333333
16041,19933.3333333333
16043,29233.3333333333
16045,2816.66666666667
16047,7033.33333333333
16049,67000
16051,31733.3333333333
16053,13950
16055,14516.6666666667
16057,99933.3333333333
16059,1000
16061,77416.6666666667
16063,10066.6666666667
16065,34750
16067,35883.3333333333
16069,101600
16071,39300
16073,7833.33333333333
16075,6566.66666666667
16077,107750
16079,NA
16081,6333.33333333333
16083,36633.3333333333
16085,NA
16087,9450
17001,14350
17003,5566.66666666667
17005,23883.3333333333
17007,2250
17009,3116.66666666667
17011,3033.33333333333
17013,2216.66666666667
17015,NA
17017,3350
17019,2866.66666666667
17021,3720
17023,6100
17025,15716.6666666667
17027,36950
17029,1800
17031,NA
17033,6933.33333333333
17035,3066.66666666667
17037,4083.33333333333
17039,NA
17041,1500
17043,NA
17045,2466.66666666667
17047,6683.33333333333
17049,13983.3333333333
17051,22133.3333333333
17053,3133.33333333333
17055,12383.3333333333
17057,3350
17059,8233.33333333333
17061,5466.66666666667
17063,1400
17065,15766.6666666667
17067,6266.66666666667
17069,NA
17071,1480
17073,1266.66666666667
17075,6066.66666666667
17077,14683.3333333333
17079,8500
17081,17883.3333333333
17083,5033.33333333333
17085,1100
17087,1800
17089,4233.33333333333
17091,8300
17093,2783.33333333333
17095,1600
17097,1750
17099,3016.66666666667
17101,12700
17103,2280
17105,8600
17107,1360
17109,1400
17111,5516.66666666667
17113,1850
17115,NA
17117,10666.6666666667
17119,29083.3333333333
17121,18650
17123,1566.66666666667
17125,6166.66666666667
17127,3533.33333333333
17129,2166.66666666667
17131,1250
17133,34500
17135,14300
17137,3720
17139,1400
17141,4233.33333333333
17143,2550
17145,23166.6666666667
17147,1800
17149,8666.66666666667
17151,NA
17153,6066.66666666667
17155,NA
17157,40600
17159,14133.3333333333
17161,NA
17163,33783.3333333333
17165,4460
17167,1375
17169,5216.66666666667
17171,2266.66666666667
17173,13766.6666666667
17175,NA
17177,2800
17179,3650
17181,2700
17183,3783.33333333333
17185,8866.66666666667
17187,NA
17189,64416.6666666667
17191,17633.3333333333
17193,22833.3333333333
17195,2950
17197,9483.33333333333
17199,2300
17201,4316.66666666667
17203,2716.66666666667
18001,11683.3333333333
18003,23483.3333333333
18005,5500
18007,NA
18009,NA
18011,2883.33333333333
18013,NA
18015,4483.33333333333
18017,3183.33333333333
18019,5000
18021,3400
18023,3150
18025,NA
18027,5900
18029,1200
18031,6366.66666666667
18033,9200
18035,3033.33333333333
18037,8500
18039,2266.66666666667
18041,NA
18043,NA
18045,2200
18047,3216.66666666667
18049,2400
18051,24216.6666666667
18053,4800
18055,3300
18057,2550
18059,3266.66666666667
18061,4050
18063,4066.66666666667
18065,3116.66666666667
18067,2400
18069,6916.66666666667
18071,6683.33333333333
18073,NA
18075,11066.6666666667
18077,3800
18079,2850
18081,2933.33333333333
18083,20783.3333333333
18085,4683.33333333333
18087,2783.33333333333
18089,2700
18091,4160
18093,NA
18095,2600
18097,NA
18099,3416.66666666667
18101,NA
18103,5283.33333333333
18105,NA
18107,3066.66666666667
18109,NA
18111,NA
18113,4466.66666666667
18115,NA
18117,2300
18119,1850
18121,3200
18123,NA
18125,NA
18127,2683.33333333333
18129,34666.6666666667
18131,1616.66666666667
18133,5100
18135,7200
18137,3333.33333333333
18139,4966.66666666667
18141,3050
18143,NA
18145,4166.66666666667
18147,8133.33333333333
18149,NA
18151,3933.33333333333
18153,4816.66666666667
18155,NA
18157,4933.33333333333
18159,1866.66666666667
18161,NA
18163,9166.66666666667
18165,NA
18167,6100
18169,9950
18171,3900
18173,5666.66666666667
18175,3716.66666666667
18177,4166.66666666667
18179,6300
18181,2433.33333333333
18183,10066.6666666667
19001,NA
19003,NA
19005,NA
19007,600
19009,NA
19011,NA
19013,NA
19015,NA
19017,NA
19019,NA
19021,NA
19023,NA
19025,NA
19027,NA
19029,NA
19031,NA
19033,NA
19035,NA
19037,NA
19039,250
19041,NA
19043,190
19045,NA
19047,NA
19049,NA
19051,967.5
19053,575
19055,340
19057,484
19059,NA
19061,NA
19063,NA
19065,NA
19067,NA
19069,NA
19071,NA
19073,NA
19075,NA
19077,NA
19079,NA
19081,NA
19083,NA
19085,563.333333333333
19087,335
19089,NA
19091,NA
19093,NA
19095,345
19097,NA
19099,NA
19101,1906.66666666667
19103,865
19105,NA
19107,355
19109,NA
19111,1900
19113,NA
19115,462.5
19117,NA
19119,NA
19121,NA
19123,200
19125,NA
19127,NA
19129,330
19131,NA
19133,NA
19135,853.333333333333
19137,NA
19139,380
19141,NA
19143,NA
19145,526.666666666667
19147,NA
19149,NA
19151,NA
19153,NA
19155,650
19157,NA
19159,270
19161,NA
19163,NA
19165,NA
19167,NA
19169,NA
19171,NA
19173,NA
19175,NA
19177,1251.66666666667
19179,540
19181,NA
19183,500
19185,1350
19187,NA
19189,NA
19191,NA
19193,NA
19195,NA
19197,NA
20001,33150
20003,30550
20005,10050
20007,132233.333333333
20009,171716.666666667
20011,10600
20013,12283.3333333333
20015,56483.3333333333
20017,11483.3333333333
20019,5300
20021,67600
20023,144866.666666667
20025,79200
20027,89950
20029,115766.666666667
20031,28016.6666666667
20033,74650
20035,93150
20037,33433.3333333333
20039,121833.333333333
20041,150800
20043,2966.66666666667
20045,7700
20047,106416.666666667
20049,5683.33333333333
20051,115800
20053,98383.3333333333
20055,173516.666666667
20057,193316.666666667
20059,18716.6666666667
20061,15500
20063,124483.333333333
20065,94166.6666666667
20067,89250
20069,135566.666666667
20071,187916.666666667
20073,7116.66666666667
20075,141633.333333333
20077,250883.333333333
20079,116800
20081,99916.6666666667
20083,115833.333333333
20085,10516.6666666667
20087,6416.66666666667
20089,132983.333333333
20091,6100
20093,110533.333333333
20095,204966.666666667
20097,74666.6666666667
20099,53116.6666666667
20101,115683.333333333
20103,5966.66666666667
20105,105366.666666667
20107,14300
20109,145450
20111,21966.6666666667
20113,217050
20115,131466.666666667
20117,82766.6666666667
20119,97100
20121,9300
20123,182066.666666667
20125,36266.6666666667
20127,34166.6666666667
20129,82166.6666666667
20131,28616.6666666667
20133,35000
20135,161916.666666667
20137,110916.666666667
20139,16066.6666666667
20141,126433.333333333
20143,121933.333333333
20145,138466.666666667
20147,107716.666666667
20149,11616.6666666667
20151,162883.333333333
20153,160900
20155,244850
20157,97316.6666666667
20159,155683.333333333
20161,26583.3333333333
20163,114283.333333333
20165,132466.666666667
20167,98200
20169,144733.333333333
20171,150666.666666667
20173,199333.333333333
20175,72750
20177,6316.66666666667
20179,118483.333333333
20181,180833.333333333
20183,146033.333333333
20185,140683.333333333
20187,122300
20189,92750
20191,377333.333333333
20193,205500
20195,99183.3333333333
20197,7983.33333333333
20199,98650
20201,89683.3333333333
20203,149383.333333333
20205,39500
20207,17100
20209,550
21001,NA
21003,2350
21005,NA
21007,12700
21009,8116.66666666667
21011,NA
21013,NA
21015,NA
21017,5216.66666666667
21019,NA
21021,NA
21023,NA
21027,5600
21029,1033.33333333333
21031,1683.33333333333
21033,7966.66666666667
21035,24116.6666666667
21037,NA
21039,5316.66666666667
21041,NA
21043,NA
21045,4800
21047,49633.3333333333
21049,5000
21051,NA
21053,NA
21055,1966.66666666667
21057,NA
21059,11050
21061,1000
21063,NA
21065,NA
21067,3820
21069,5300
21073,NA
21075,14316.6666666667
21077,NA
21079,NA
21081,NA
21083,21916.6666666667
21085,3060
21087,3950
21089,NA
21091,2550
21093,5000
21095,NA
21097,2650
21099,3300
21101,5566.66666666667
21103,3500
21105,16816.6666666667
21107,3100
21109,NA
21111,NA
21113,NA
21117,NA
21121,NA
21123,5300
21125,NA
21127,NA
21129,NA
21135,3100
21137,4700
21139,1683.33333333333
21141,43116.6666666667
21143,1933.33333333333
21145,4666.66666666667
21147,NA
21149,8250
21151,NA
21153,NA
21155,5950
21157,3666.66666666667
21159,NA
21161,2550
21163,4916.66666666667
21165,NA
21167,3300
21169,4050
21171,NA
21173,6700
21175,NA
21177,2700
21179,6433.33333333333
21181,3500
21183,1966.66666666667
21185,1550
21187,2233.33333333333
21189,NA
21191,NA
21195,NA
21197,NA
21199,4760
21201,NA
21203,NA
21205,NA
21207,3600
21209,NA
21211,7566.66666666667
21213,26016.6666666667
21215,2320
21217,4040
21219,31150
21221,12516.6666666667
21223,1900
21225,11333.3333333333
21227,16316.6666666667
21229,3580
21231,2100
21233,2516.66666666667
21235,NA
21237,NA
21239,2900
22001,1500
22003,NA
22005,NA
22007,NA
22009,8650
22011,1700
22013,NA
22015,4533.33333333333
22017,3466.66666666667
22019,NA
22021,1900
22023,NA
22025,8166.66666666667
22027,NA
22029,6933.33333333333
22031,1600
22033,NA
22035,6800
22037,NA
22039,3500
22041,21450
22043,1800
22045,NA
22047,2575
22049,NA
22053,3283.33333333333
22055,NA
22057,NA
22059,NA
22061,NA
22063,NA
22065,4216.66666666667
22067,10033.3333333333
22069,3283.33333333333
22071,NA
22073,4550
22075,NA
22077,19783.3333333333
22079,3033.33333333333
22081,3440
22083,20883.3333333333
22085,NA
22089,NA
22091,NA
22093,NA
22095,NA
22097,7433.33333333333
22099,2066.66666666667
22101,NA
22103,NA
22105,NA
22107,6783.33333333333
22109,NA
22111,NA
22113,NA
22115,NA
22117,NA
22119,NA
22121,1850
22123,13916.6666666667
22125,1100
22127,NA
23001,NA
23003,NA
23005,NA
23007,NA
23009,NA
23011,NA
23013,NA
23015,NA
23017,NA
23019,NA
23021,NA
23023,NA
23025,NA
23027,NA
23029,NA
23031,NA
24001,NA
24003,2220
24005,3150
24009,2183.33333333333
24011,19883.3333333333
24013,9066.66666666667
24015,6966.66666666667
24017,3350
24019,14433.3333333333
24021,14350
24023,NA
24025,3216.66666666667
24027,2066.66666666667
24029,16016.6666666667
24031,5116.66666666667
24033,1940
24035,28533.3333333333
24037,5750
24039,4983.33333333333
24041,17066.6666666667
24043,5066.66666666667
24045,4966.66666666667
24047,8933.33333333333
25003,NA
25005,NA
25007,NA
25009,NA
25011,NA
25013,NA
25015,NA
25017,NA
25023,NA
25027,NA
26001,1212.5
26003,NA
26005,9416.66666666667
26007,3500
26009,NA
26011,6600
26013,NA
26015,8750
26017,10366.6666666667
26019,NA
26021,4450
26023,7450
26025,13333.3333333333
26027,5300
26029,NA
26031,NA
26033,NA
26035,1050
26037,23300
26039,NA
26041,700
26043,NA
26045,18683.3333333333
26047,NA
26049,11000
26051,1866.66666666667
26053,NA
26055,1320
26057,18683.3333333333
26059,13916.6666666667
26061,NA
26063,44550
26065,17416.6666666667
26067,14816.6666666667
26069,1775
26071,NA
26073,17400
26075,10716.6666666667
26077,5050
26079,NA
26081,6316.66666666667
26083,NA
26085,NA
26087,10666.6666666667
26089,NA
26091,35450
26093,7700
26095,NA
26097,NA
26099,4400
26101,NA
26103,NA
26105,4000
26107,1740
26109,NA
26111,4333.33333333333
26113,812.5
26115,23683.3333333333
26117,16150
26119,1040
26121,2083.33333333333
26123,1700
26125,1366.66666666667
26127,2133.33333333333
26129,1191.66666666667
26131,NA
26133,500
26135,NA
26137,NA
26139,5350
26141,2575
26143,NA
26145,28316.6666666667
26147,13416.6666666667
26149,3250
26151,48433.3333333333
26153,NA
26155,29033.3333333333
26157,25900
26159,1560
26161,14600
26163,700
26165,NA
27001,2900
27003,1600
27005,62433.3333333333
27007,5366.66666666667
27009,1100
27011,33300
27013,NA
27015,2233.33333333333
27017,NA
27019,1616.66666666667
27021,NA
27023,3100
27025,NA
27027,157816.666666667
27029,5216.66666666667
27033,1466.66666666667
27035,NA
27037,1900
27039,NA
27041,17816.6666666667
27043,NA
27045,NA
27047,NA
27049,1000
27051,45116.6666666667
27053,NA
27055,NA
27057,2433.33333333333
27059,1200
27061,NA
27063,NA
27065,1880
27067,5366.66666666667
27069,156683.333333333
27071,1433.33333333333
27073,13300
27075,NA
27077,13816.6666666667
27079,1683.33333333333
27081,11383.3333333333
27083,4050
27085,3350
27087,35166.6666666667
27089,223616.666666667
27091,NA
27093,4666.66666666667
27095,NA
27097,1100
27099,NA
27101,1000
27103,1200
27105,NA
27107,166750
27109,NA
27111,63066.6666666667
27113,66550
27115,NA
27117,1400
27119,315000
27121,11433.3333333333
27123,NA
27125,54783.3333333333
27127,2933.33333333333
27129,5483.33333333333
27131,NA
27133,NA
27135,113050
27137,NA
27139,1200
27141,NA
27143,2500
27145,6266.66666666667
27147,1000
27149,22483.3333333333
27151,9883.33333333333
27153,5333.33333333333
27155,45366.6666666667
27157,NA
27159,1000
27161,NA
27163,NA
27165,NA
27167,144916.666666667
27169,NA
27171,3516.66666666667
27173,12116.6666666667
28001,NA
28003,NA
28005,NA
28007,NA
28009,NA
28011,27250
28013,NA
28015,NA
28017,3233.33333333333
28019,NA
28021,1766.66666666667
28023,NA
28025,NA
28027,16400
28029,NA
28031,NA
28033,7750
28035,NA
28037,NA
28039,NA
28041,NA
28043,NA
28045,NA
28047,NA
28049,NA
28051,NA
28053,5816.66666666667
28055,3750
28057,NA
28059,NA
28061,NA
28063,NA
28065,NA
28067,NA
28069,NA
28071,NA
28073,NA
28075,NA
28077,NA
28079,NA
28081,NA
28083,6683.33333333333
28085,NA
28087,1950
28089,NA
28091,NA
28093,3020
28095,2000
28097,NA
28099,NA
28101,NA
28103,1600
28105,NA
28107,4960
28109,NA
28111,NA
28113,NA
28115,NA
28117,NA
28119,6820
28121,NA
28123,NA
28125,4316.66666666667
28127,NA
28129,NA
28131,NA
28133,20416.6666666667
28135,10500
28137,2883.33333333333
28139,NA
28141,NA
28143,5460
28145,NA
28147,NA
28149,2300
28151,15116.6666666667
28153,NA
28155,NA
28157,NA
28159,NA
28161,NA
28163,5000
29001,2700
29003,1800
29005,950
29007,18533.3333333333
29009,1250
29011,44616.6666666667
29013,31566.6666666667
29015,6450
29017,5200
29019,8216.66666666667
29021,3300
29023,19766.6666666667
29025,3716.66666666667
29027,9483.33333333333
29029,NA
29031,18050
29033,11333.3333333333
29035,NA
29037,12283.3333333333
29039,1200
29041,14500
29043,800
29045,4000
29047,1800
29049,2100
29051,2516.66666666667
29053,18050
29055,NA
29057,20600
29059,900
29061,4300
29063,3116.66666666667
29065,NA
29067,NA
29069,35200
29071,5116.66666666667
29073,2433.33333333333
29075,2433.33333333333
29077,1733.33333333333
29079,4300
29081,2516.66666666667
29083,16216.6666666667
29085,1200
29087,1133.33333333333
29089,7500
29091,700
29093,NA
29095,8116.66666666667
29097,27250
29099,1283.33333333333
29101,9700
29103,4933.33333333333
29105,1100
29107,8166.66666666667
29109,7716.66666666667
29111,6150
29113,11450
29115,5350
29117,10466.6666666667
29119,NA
29121,8233.33333333333
29123,NA
29125,866.666666666667
29127,8950
29129,933.333333333333
29131,1475
29133,55900
29135,4700
29137,9550
29139,11266.6666666667
29141,1616.66666666667
29143,39483.3333333333
29145,5016.66666666667
29147,2300
29149,NA
29151,2650
29153,NA
29155,34550
29157,13566.6666666667
29159,21916.6666666667
29161,600
29163,11400
29165,3450
29167,1933.33333333333
29169,NA
29171,775
29173,11066.6666666667
29175,6800
29177,6500
29179,NA
29181,1283.33333333333
29183,6850
29185,13483.3333333333
29186,4666.66666666667
29187,900
29189,1383.33333333333
29195,10150
29197,1060
29199,3350
29201,46966.6666666667
29203,NA
29205,12133.3333333333
29207,51433.3333333333
29209,NA
29211,966.666666666667
29213,600
29215,NA
29217,27666.6666666667
29219,3950
29221,NA
29223,1033.33333333333
29225,1233.33333333333
29227,650
29229,NA
30001,7616.66666666667
30003,114916.666666667
30005,185316.666666667
30007,38666.6666666667
30009,7283.33333333333
30011,46433.3333333333
30013,142550
30015,567500
30017,29083.3333333333
30019,273316.666666667
30021,166900
30023,NA
30025,44750
30027,181916.666666667
30029,22150
30031,50700
30033,96150
30035,128233.333333333
30037,27816.6666666667
30039,NA
30041,478550
30043,2140
30045,83083.3333333333
30047,11950
30049,13466.6666666667
30051,269716.666666667
30053,NA
30055,229416.666666667
30057,9000
30059,10633.3333333333
30061,800
30063,2266.66666666667
30065,38516.6666666667
30067,9683.33333333333
30069,23566.6666666667
30071,121583.333333333
30073,175816.666666667
30075,20083.3333333333
30077,NA
30079,32433.3333333333
30081,1266.66666666667
30083,156866.666666667
30085,340666.666666667
30087,46666.6666666667
30089,900
30091,340733.333333333
30093,NA
30095,35433.3333333333
30097,2450
30099,142150
30101,236866.666666667
30103,5750
30105,300783.333333333
30107,47000
30109,40050
30111,93116.6666666667
31001,10933.3333333333
31003,850
31005,NA
31007,53166.6666666667
31009,NA
31011,1200
31013,114166.666666667
31015,1750
31017,600
31019,8233.33333333333
31021,NA
31023,1683.33333333333
31025,1983.33333333333
31027,NA
31029,56333.3333333333
31031,1933.33333333333
31033,201500
31035,5183.33333333333
31037,800
31039,NA
31041,11733.3333333333
31043,NA
31045,39833.3333333333
31047,5533.33333333333
31049,92166.6666666667
31051,NA
31053,NA
31055,650
31057,43833.3333333333
31059,5066.66666666667
31061,18416.6666666667
31063,54166.6666666667
31065,73833.3333333333
31067,31166.6666666667
31069,47666.6666666667
31071,NA
31073,18500
31075,NA
31077,2100
31079,3266.66666666667
31081,2466.66666666667
31083,34333.3333333333
31085,45166.6666666667
31087,83666.6666666667
31089,5016.66666666667
31091,NA
31093,2366.66666666667
31095,23250
31097,5333.33333333333
31099,10833.3333333333
31101,50000
31103,2000
31105,109833.333333333
31107,1233.33333333333
31109,9083.33333333333
31111,32500
31113,2750
31115,NA
31117,500
31119,633.333333333333
31121,3000
31123,30666.6666666667
31125,3683.33333333333
31127,4016.66666666667
31129,42166.6666666667
31131,5250
31133,10116.6666666667
31135,120333.333333333
31137,5816.66666666667
31139,766.666666666667
31141,1266.66666666667
31143,1680
31145,76500
31147,4566.66666666667
31149,NA
31151,14216.6666666667
31153,1100
31155,2833.33333333333
31157,14500
31159,2733.33333333333
31161,51166.6666666667
31163,2516.66666666667
31165,2833.33333333333
31167,700
31169,28500
31171,NA
31173,NA
31175,1916.66666666667
31177,700
31179,500
31181,34500
31183,NA
31185,1500
32001,NA
32003,NA
32005,NA
32007,NA
32009,NA
32011,NA
32013,5700
32015,NA
32017,NA
32019,950
32021,NA
32023,NA
32027,3825
32029,NA
32031,NA
32033,NA
32510,NA
33001,NA
33003,NA
33005,NA
33007,NA
33009,NA
33011,NA
33013,NA
33015,NA
33017,NA
33019,NA
34001,NA
34005,3333.33333333333
34007,NA
34009,NA
34011,6600
34015,4000
34019,3683.33333333333
34021,1066.66666666667
34023,1125
34025,1500
34027,NA
34029,NA
34033,7733.33333333333
34035,1750
34037,NA
34041,1466.66666666667
35001,NA
35003,NA
35005,2200
35006,NA
35007,1050
35009,201666.666666667
35011,1625
35013,1800
35015,NA
35017,NA
35019,2100
35021,NA
35023,900
35025,19766.6666666667
35027,NA
35029,3080
35031,NA
35033,NA
35035,NA
35037,79250
35039,600
35041,119500
35043,250
35045,13650
35047,NA
35049,1150
35051,NA
35053,NA
35055,NA
35057,1833.33333333333
35059,27300
35061,NA
36001,NA
36003,450
36007,NA
36009,433.333333333333
36011,7866.66666666667
36013,550
36015,NA
36017,NA
36019,NA
36021,580
36023,350
36025,NA
36027,NA
36029,1866.66666666667
36031,400
36033,NA
36035,NA
36037,11683.3333333333
36039,NA
36043,NA
36045,950
36049,NA
36051,16116.6666666667
36053,866.666666666667
36055,13283.3333333333
36057,333.333333333333
36063,9233.33333333333
36065,1533.33333333333
36067,4583.33333333333
36069,11483.3333333333
36071,NA
36073,13216.6666666667
36075,400
36077,NA
36079,NA
36083,650
36089,NA
36091,NA
36093,NA
36095,NA
36097,625
36099,8266.66666666667
36101,2100
36103,600
36105,NA
36107,NA
36109,1650
36111,400
36113,NA
36115,366.666666666667
36117,5083.33333333333
36119,NA
36121,2650
36123,3850
37001,3566.66666666667
37003,1583.33333333333
37005,NA
37007,4066.66666666667
37009,NA
37011,NA
37013,34166.6666666667
37015,3916.66666666667
37017,6100
37019,1280
37021,NA
37023,300
37025,3750
37027,503.333333333333
37029,10633.3333333333
37031,4833.33333333333
37033,2666.66666666667
37035,4000
37037,1633.33333333333
37039,NA
37041,2566.66666666667
37043,NA
37045,6516.66666666667
37047,12000
37049,4333.33333333333
37051,5416.66666666667
37053,8950
37057,2500
37059,4066.66666666667
37061,24000
37063,833.333333333333
37065,5250
37067,1550
37069,5966.66666666667
37071,1333.33333333333
37073,2316.66666666667
37077,5850
37079,5783.33333333333
37081,7266.66666666667
37083,19016.6666666667
37085,5200
37087,600
37089,NA
37091,5133.33333333333
37093,4966.66666666667
37095,9250
37097,7966.66666666667
37101,10000
37103,5466.66666666667
37105,2891.66666666667
37107,12716.6666666667
37109,4100
37111,NA
37115,NA
37117,4166.66666666667
37119,2150
37121,NA
37123,516.666666666667
37125,1683.33333333333
37127,16250
37129,NA
37131,6333.33333333333
37133,4183.33333333333
37135,2783.33333333333
37137,9416.66666666667
37139,17166.6666666667
37141,4366.66666666667
37143,9916.66666666667
37145,6533.33333333333
37147,14166.6666666667
37149,400
37151,5675
37153,900
37155,42583.3333333333
37157,6150
37159,8983.33333333333
37161,704.166666666667
37163,25266.6666666667
37165,4666.66666666667
37167,8983.33333333333
37169,1116.66666666667
37171,2150
37173,NA
37175,NA
37177,17666.6666666667
37179,34166.6666666667
37181,3066.66666666667
37183,4200
37185,2983.33333333333
37187,16666.6666666667
37189,NA
37191,26300
37193,500
37195,6733.33333333333
37197,5325
37199,NA
38001,163733.333333333
38003,231566.666666667
38005,173866.666666667
38007,24020
38009,245900
38011,128250
38013,221380
38015,124233.333333333
38017,290820
38019,366500
38021,74060
38023,271640
38025,155100
38027,52420
38029,153150
38031,90240
38033,70616.6666666667
38035,240660
38037,151816.666666667
38039,83120
38041,314016.666666667
38043,57783.3333333333
38045,139000
38047,84066.6666666667
38049,166116.666666667
38051,90666.6666666667
38053,187566.666666667
38055,384433.333333333
38057,94966.6666666667
38059,201700
38061,315680
38063,121716.666666667
38065,65700
38067,252875
38069,132216.666666667
38071,174000
38073,81150
38075,202433.333333333
38077,149125
38079,88700
38081,82933.3333333333
38083,102250
38085,35500
38087,139620
38089,245150
38091,126175
38093,232350
38095,199350
38097,130320
38099,258500
38101,390783.333333333
38103,218600
38105,409400
39001,3266.66666666667
39003,19666.6666666667
39005,9216.66666666667
39007,5600
39009,1500
39011,23733.3333333333
39013,NA
39015,3000
39017,6100
39019,2016.66666666667
39021,7350
39023,5616.66666666667
39025,2433.33333333333
39027,7983.33333333333
39029,6083.33333333333
39031,2583.33333333333
39033,26683.3333333333
39035,NA
39037,22916.6666666667
39039,22883.3333333333
39041,12533.3333333333
39043,8000
39045,12650
39047,10866.6666666667
39049,5216.66666666667
39051,17900
39053,NA
39055,1300
39057,5933.33333333333
39059,NA
39061,NA
39063,39933.3333333333
39065,21850
39067,NA
39069,36650
39071,10550
39073,NA
39075,3066.66666666667
39077,23950
39079,1133.33333333333
39081,NA
39083,6166.66666666667
39085,NA
39087,NA
39089,8050
39091,12033.3333333333
39093,11900
39095,7316.66666666667
39097,10550
39099,3966.66666666667
39101,17216.6666666667
39103,7133.33333333333
39105,1000
39107,25616.6666666667
39109,9283.33333333333
39111,NA
39113,4750
39115,NA
39117,13200
39119,2483.33333333333
39121,NA
39123,14466.6666666667
39125,42950
39127,2900
39129,24666.6666666667
39131,1200
39133,4283.33333333333
39135,8366.66666666667
39137,48966.6666666667
39139,9216.66666666667
39141,16450
39143,20200
39145,1480
39147,41983.3333333333
39149,16783.3333333333
39151,7050
39153,NA
39155,4700
39157,2783.33333333333
39159,18350
39161,21550
39163,NA
39165,4716.66666666667
39167,1883.33333333333
39169,11716.6666666667
39171,21133.3333333333
39173,51583.3333333333
39175,28400
40001,2300
40003,269166.666666667
40005,3033.33333333333
40007,160000
40009,80833.3333333333
40011,2e+05
40013,24083.3333333333
40015,250833.333333333
40017,217500
40019,10666.6666666667
40021,1625
40023,3850
40025,155000
40027,10666.6666666667
40029,2000
40031,87500
40033,166666.666666667
40035,12000
40037,4166.66666666667
40039,216666.666666667
40041,4083.33333333333
40043,168333.333333333
40045,74166.6666666667
40047,356666.666666667
40049,30666.6666666667
40051,103333.333333333
40053,363333.333333333
40055,95000
40057,78333.3333333333
40059,104166.666666667
40061,2825
40063,8633.33333333333
40065,200833.333333333
40067,63166.6666666667
40069,5666.66666666667
40071,206666.666666667
40073,249166.666666667
40075,276666.666666667
40077,NA
40079,8350
40081,11333.3333333333
40083,90833.3333333333
40085,15500
40087,31666.6666666667
40089,7516.66666666667
40091,2200
40093,138333.333333333
40095,5000
40097,10583.3333333333
40099,5740
40101,14083.3333333333
40103,143333.333333333
40105,7000
40107,5250
40109,17750
40111,8133.33333333333
40113,30333.3333333333
40115,28750
40117,19166.6666666667
40119,27750
40121,3383.33333333333
40123,5000
40125,15166.6666666667
40127,NA
40129,63333.3333333333
40131,11666.6666666667
40133,3750
40135,4383.33333333333
40137,54333.3333333333
40139,238333.333333333
40141,177500
40143,3333.33333333333
40145,18833.3333333333
40147,9250
40149,267500
40151,203333.333333333
40153,107500
41001,7766.66666666667
41003,3400
41005,1600
41007,NA
41009,200
41011,NA
41013,3116.66666666667
41015,NA
41017,800
41019,800
41021,107016.666666667
41023,775
41025,466.666666666667
41027,NA
41029,760
41031,10850
41033,300
41035,10083.3333333333
41037,600
41039,2640
41041,NA
41043,5766.66666666667
41045,34883.3333333333
41047,6000
41049,194350
41051,1066.66666666667
41053,9033.33333333333
41055,113766.666666667
41057,NA
41059,303216.666666667
41061,36850
41063,13666.6666666667
41065,80600
41067,16316.6666666667
41069,533.333333333333
41071,9416.66666666667
42001,13016.6666666667
42003,500
42005,1583.33333333333
42007,880
42009,1133.33333333333
42011,9950
42013,NA
42015,NA
42017,3166.66666666667
42019,2300
42021,2416.66666666667
42023,NA
42025,600
42027,3383.33333333333
42029,5550
42031,800
42033,NA
42035,950
42037,4433.33333333333
42039,1300
42041,7000
42043,4916.66666666667
42045,NA
42047,NA
42049,2266.66666666667
42051,680
42053,NA
42055,8300
42057,1750
42059,NA
42061,1216.66666666667
42063,1583.33333333333
42065,NA
42067,1916.66666666667
42069,800
42071,10266.6666666667
42073,2416.66666666667
42075,5933.33333333333
42077,7616.66666666667
42079,1300
42081,1783.33333333333
42083,NA
42085,3066.66666666667
42087,1416.66666666667
42089,733.333333333333
42091,1766.66666666667
42093,1333.33333333333
42095,5400
42097,4483.33333333333
42099,3650
42101,NA
42103,NA
42105,700
42107,4850
42109,2416.66666666667
42111,NA
42113,NA
42115,NA
42117,NA
42119,2016.66666666667
42121,NA
42123,NA
42125,780
42127,NA
42129,2216.66666666667
42131,NA
42133,22183.3333333333
44001,NA
44003,NA
44005,NA
44007,NA
44009,NA
45001,600
45003,2050
45005,9750
45007,3950
45009,2516.66666666667
45011,2360
45013,NA
45015,1033.33333333333
45017,3380
45019,NA
45021,450
45023,1300
45025,3200
45027,14466.6666666667
45029,1416.66666666667
45031,17100
45033,20650
45035,1075
45037,1075
45039,NA
45041,9433.33333333333
45043,1140
45045,500
45047,NA
45049,3166.66666666667
45051,10083.3333333333
45053,NA
45055,1600
45057,800
45059,1140
45061,20150
45063,1140
45065,NA
45067,5716.66666666667
45069,6133.33333333333
45071,4500
45073,1016.66666666667
45075,14850
45077,NA
45079,4233.33333333333
45081,1916.66666666667
45083,750
45085,16183.3333333333
45087,NA
45089,5116.66666666667
45091,1220
46003,19583.3333333333
46005,51266.6666666667
46007,68066.6666666667
46009,8583.33333333333
46011,14366.6666666667
46013,84666.6666666667
46015,40966.6666666667
46017,14116.6666666667
46019,16020
46021,48680
46023,53066.6666666667
46025,42733.3333333333
46027,740
46029,39420
46031,103900
46033,4980
46035,12883.3333333333
46037,72000
46039,17166.6666666667
46041,47100
46043,15683.3333333333
46045,94150
46047,11940
46049,69233.3333333333
46051,35866.6666666667
46053,22600
46055,154516.666666667
46057,13780
46059,106400
46061,8783.33333333333
46063,38733.3333333333
46065,108966.666666667
46067,12100
46069,65166.6666666667
46071,49200
46073,23150
46075,57800
46077,30383.3333333333
46079,3350
46081,800
46083,300
46085,117766.666666667
46087,1233.33333333333
46089,44260
46091,26240
46093,71833.3333333333
46095,27466.6666666667
46097,10933.3333333333
46099,820
46101,3260
46103,73266.6666666667
46105,105500
46107,146233.333333333
46109,73183.3333333333
46111,7100
46113,26183.3333333333
46115,97583.3333333333
46117,129100
46119,250533.333333333
46121,7780
46123,73400
46125,2316.66666666667
46127,500
46129,73316.6666666667
46135,2466.66666666667
46137,63433.3333333333
47001,NA
47003,4716.66666666667
47005,1350
47007,3000
47009,2683.33333333333
47011,NA
47013,NA
47015,2200
47017,7400
47019,NA
47021,NA
47023,1400
47025,NA
47027,NA
47029,NA
47031,7033.33333333333
47033,14883.3333333333
47035,1100
47037,NA
47039,900
47041,1300
47043,NA
47045,28166.6666666667
47047,8216.66666666667
47049,NA
47051,11966.6666666667
47053,48416.6666666667
47055,5166.66666666667
47057,900
47059,4400
47061,1020
47063,1400
47065,NA
47067,NA
47069,2916.66666666667
47071,3116.66666666667
47073,NA
47075,20500
47077,2750
47079,13466.6666666667
47081,1240
47083,NA
47085,1800
47087,NA
47089,1300
47091,NA
47093,NA
47095,9950
47097,9783.33333333333
47099,4400
47101,NA
47103,6783.33333333333
47105,2840
47107,3850
47109,1400
47111,2033.33333333333
47113,7550
47115,1700
47117,5080
47119,4066.66666666667
47121,NA
47123,4233.33333333333
47125,8533.33333333333
47127,NA
47129,NA
47131,35083.3333333333
47133,NA
47135,900
47137,NA
47139,3066.66666666667
47141,NA
47143,2133.33333333333
47145,NA
47147,27416.6666666667
47149,4733.33333333333
47151,NA
47153,600
47155,NA
47157,7283.33333333333
47159,1000
47161,NA
47163,600
47165,5366.66666666667
47167,12900
47169,NA
47171,NA
47173,NA
47175,NA
47177,3650
47179,NA
47181,NA
47183,29416.6666666667
47185,1700
47187,3850
47189,1000
48001,2083.33333333333
48003,4916.66666666667
48005,NA
48007,NA
48009,82616.6666666667
48011,54650
48013,4350
48015,NA
48017,72300
48019,NA
48021,1400
48023,123566.666666667
48025,2380
48027,20933.3333333333
48029,8700
48031,NA
48033,8333.33333333333
48035,9800
48037,10433.3333333333
48039,2566.66666666667
48041,1700
48045,41900
48047,NA
48049,14916.6666666667
48051,1883.33333333333
48053,1100
48055,1960
48057,NA
48059,41250
48061,NA
48063,NA
48065,94416.6666666667
48067,NA
48069,178666.666666667
48071,2875
48073,NA
48075,43750
48077,76666.6666666667
48079,25900
48081,14333.3333333333
48083,52950
48085,45266.6666666667
48087,27983.3333333333
48089,2000
48091,NA
48093,14750
48095,57683.3333333333
48097,37900
48099,13850
48101,23933.3333333333
48107,28266.6666666667
48109,2200
48111,134333.333333333
48113,6183.33333333333
48115,18066.6666666667
48117,191333.333333333
48119,10833.3333333333
48121,41166.6666666667
48123,1266.66666666667
48125,25350
48127,1400
48129,13650
48131,1400
48133,18233.3333333333
48135,NA
48137,2100
48139,41583.3333333333
48141,1500
48143,6366.66666666667
48145,20000
48147,60516.6666666667
48149,NA
48151,74100
48153,80416.6666666667
48155,85133.3333333333
48157,1700
48159,1300
48161,NA
48163,8533.33333333333
48165,73166.6666666667
48167,NA
48169,4233.33333333333
48171,5833.33333333333
48173,36433.3333333333
48175,NA
48177,NA
48179,53950
48181,46400
48183,NA
48185,NA
48187,11183.3333333333
48189,60166.6666666667
48191,15316.6666666667
48193,8583.33333333333
48195,214333.333333333
48197,90433.3333333333
48199,1800
48201,NA
48203,NA
48205,93250
48207,154683.333333333
48209,3660
48211,15283.3333333333
48213,2575
48215,NA
48217,47233.3333333333
48219,16733.3333333333
48221,4350
48223,3250
48225,1540
48227,19750
48229,1100
48231,26916.6666666667
48233,73500
48235,2100
48237,8550
48239,1000
48241,NA
48245,NA
48247,NA
48249,2750
48251,21383.3333333333
48253,154916.666666667
48255,5350
48257,18450
48259,NA
48261,NA
48263,17216.6666666667
48265,NA
48267,1350
48269,15633.3333333333
48271,1180
48273,1000
48275,179616.666666667
48277,21833.3333333333
48279,60000
48281,2283.33333333333
48283,1566.66666666667
48285,NA
48287,NA
48289,NA
48291,3000
48293,6733.33333333333
48295,37550
48297,2700
48299,1400
48303,23683.3333333333
48305,13533.3333333333
48307,45833.3333333333
48309,35083.3333333333
48311,1920
48313,NA
48315,NA
48317,19050
48319,5633.33333333333
48321,NA
48323,NA
48325,19050
48327,4100
48329,10633.3333333333
48331,8583.33333333333
48333,3925
48335,28816.6666666667
48337,23850
48339,NA
48341,115250
48343,NA
48345,11850
48347,NA
48349,21983.3333333333
48351,NA
48353,22100
48355,NA
48357,186500
48359,41866.6666666667
48361,NA
48363,8516.66666666667
48365,NA
48367,4633.33333333333
48369,167833.333333333
48371,5233.33333333333
48373,NA
48375,18750
48377,NA
48379,1750
48381,97616.6666666667
48383,23383.3333333333
48385,NA
48387,8333.33333333333
48389,4516.66666666667
48391,NA
48393,14100
48395,1666.66666666667
48397,5983.33333333333
48399,109050
48401,NA
48403,NA
48405,NA
48407,NA
48409,NA
48411,16216.6666666667
48413,13516.6666666667
48415,40600
48417,24950
48419,NA
48421,162500
48423,NA
48425,NA
48427,NA
48429,9716.66666666667
48431,7550
48433,43233.3333333333
48435,1360
48437,147833.333333333
48439,7816.66666666667
48441,93533.3333333333
48445,23233.3333333333
48447,72683.3333333333
48449,NA
48451,64983.3333333333
48453,5900
48455,NA
48457,NA
48459,NA
48461,12666.6666666667
48463,20733.3333333333
48465,NA
48467,1740
48469,1300
48471,NA
48473,NA
48477,2050
48479,NA
48481,2125
48483,22200
48485,104100
48487,148550
48489,NA
48491,12483.3333333333
48493,4433.33333333333
48497,10216.6666666667
48499,1600
48501,33583.3333333333
48503,79000
48505,NA
48507,14483.3333333333
49001,NA
49003,65666.6666666667
49005,18783.3333333333
49007,NA
49009,NA
49011,3640
49013,NA
49015,NA
49017,NA
49019,NA
49021,1000
49023,5600
49025,NA
49027,3933.33333333333
49029,600
49031,NA
49033,500
49035,8066.66666666667
49037,26900
49039,2600
49041,NA
49043,2100
49045,2680
49047,1000
49049,17716.6666666667
49051,NA
49053,NA
49055,NA
49057,2466.66666666667
50001,NA
50003,NA
50005,NA
50007,NA
50009,NA
50011,NA
50013,NA
50015,NA
50017,NA
50019,NA
50021,NA
50023,NA
50025,NA
50027,NA
51001,14716.6666666667
51003,1200
51005,NA
51007,1500
51009,NA
51011,1360
51015,2366.66666666667
51017,NA
51019,800
51021,NA
51023,600
51025,1380
51027,NA
51029,NA
51031,1566.66666666667
51033,6816.66666666667
51035,NA
51036,6050
51037,2083.33333333333
51041,866.666666666667
51043,800
51045,NA
51047,1366.66666666667
51049,NA
51051,NA
51053,2350
51057,9400
51059,NA
51061,1550
51063,NA
51065,NA
51067,2266.66666666667
51069,650
51071,NA
51073,1340
51075,2250
51077,NA
51079,NA
51081,780
51083,4300
51085,7783.33333333333
51087,2416.66666666667
51089,NA
51091,NA
51093,6683.33333333333
51095,1033.33333333333
51097,3983.33333333333
51099,1550
51101,5866.66666666667
51103,2933.33333333333
51105,NA
51107,2883.33333333333
51109,1333.33333333333
51111,1225
51113,1150
51115,NA
51117,2883.33333333333
51119,2533.33333333333
51121,NA
51125,NA
51127,2850
51131,10100
51133,10550
51135,NA
51137,1216.66666666667
51139,NA
51141,NA
51143,9166.66666666667
51145,1000
51147,966.666666666667
51149,3200
51153,800
51155,600
51157,NA
51159,5933.33333333333
51161,NA
51163,NA
51165,1583.33333333333
51167,NA
51169,NA
51171,860
51173,NA
51175,8333.33333333333
51177,700
51179,NA
51181,6416.66666666667
51183,4450
51185,NA
51187,NA
51191,NA
51193,8483.33333333333
51195,NA
51197,NA
51199,NA
51515,NA
51520,NA
51530,NA
51540,NA
51550,6833.33333333333
51570,NA
51590,NA
51595,NA
51620,NA
51630,NA
51640,NA
51660,NA
51680,NA
51690,NA
51700,NA
51730,NA
51750,NA
51770,NA
51775,NA
51790,NA
51800,4983.33333333333
51810,4600
51820,NA
51830,NA
51840,NA
53001,304800
53003,25350
53005,119616.666666667
53007,NA
53009,NA
53011,NA
53013,90800
53015,NA
53017,184283.333333333
53019,NA
53021,87750
53023,75933.3333333333
53025,184066.666666667
53027,NA
53029,NA
53031,NA
53033,NA
53035,NA
53037,NA
53039,46800
53041,NA
53043,389733.333333333
53045,NA
53047,10666.6666666667
53049,NA
53051,NA
53053,NA
53055,NA
53057,5750
53059,NA
53061,650
53063,132733.333333333
53065,6983.33333333333
53067,NA
53069,NA
53071,218916.666666667
53073,NA
53075,482466.666666667
53077,26700
54001,NA
54003,1350
54005,NA
54007,NA
54009,NA
54011,NA
54013,NA
54015,NA
54017,NA
54019,NA
54021,NA
54023,NA
54025,NA
54027,NA
54029,NA
54031,NA
54033,NA
54035,NA
54037,5650
54039,NA
54041,NA
54043,NA
54045,NA
54047,NA
54049,NA
54051,NA
54053,750
54055,NA
54057,NA
54061,NA
54063,NA
54065,NA
54067,NA
54069,NA
54071,NA
54073,NA
54075,NA
54077,NA
54079,NA
54081,NA
54083,NA
54085,NA
54087,NA
54089,NA
54091,NA
54093,NA
54095,NA
54097,NA
54099,NA
54101,NA
54103,NA
54105,NA
54107,NA
54109,NA
55001,1433.33333333333
55003,NA
55005,2783.33333333333
55007,NA
55009,8950
55011,NA
55013,800
55015,8150
55017,NA
55019,750
55021,6183.33333333333
55023,NA
55025,8050
55027,9883.33333333333
55029,8066.66666666667
55031,NA
55033,925
55035,NA
55037,NA
55039,12300
55041,NA
55043,950
55045,4550
55047,3050
55049,1133.33333333333
55051,NA
55053,NA
55055,4950
55057,2025
55059,4200
55061,7083.33333333333
55063,NA
55065,1350
55067,2183.33333333333
55069,NA
55071,12066.6666666667
55073,1283.33333333333
55075,1016.66666666667
55077,1000
55078,NA
55079,500
55081,650
55083,4000
55085,NA
55087,6933.33333333333
55089,4100
55091,NA
55093,600
55095,1280
55097,NA
55099,NA
55101,8233.33333333333
55103,NA
55105,7583.33333333333
55107,NA
55109,1675
55111,2083.33333333333
55113,NA
55115,2766.66666666667
55117,10816.6666666667
55119,NA
55121,1033.33333333333
55123,950
55125,NA
55127,6200
55129,800
55131,4816.66666666667
55133,2000
55135,1700
55137,1383.33333333333
55139,7300
55141,NA
56001,NA
56003,650
56005,9150
56007,NA
56009,NA
56011,6625
56013,600
56015,33900
56017,NA
56019,NA
56021,80833.3333333333
56023,NA
56025,4400
56027,5300
56029,NA
56031,12550
56033,2400
56035,NA
56037,NA
56039,NA
56041,NA
56043,NA
56045,1750
