1001,1069.42659639284
1003,6595.87566886805
1005,698.486048102173
1007,NA
1009,NA
1011,NA
1013,12.1335861081448
1015,914.441472
1017,254.011526921265
1019,723.86400521402
1021,NA
1023,NA
1025,NA
1027,NA
1029,NA
1031,61.915308
1033,862.522666788711
1035,NA
1037,NA
1039,107.787782065063
1041,NA
1043,994.122448209961
1045,215.922300022957
1047,548.930166362846
1049,1470.07465261023
1051,127.196743646393
1053,2935.1838965246
1055,NA
1057,NA
1059,408.2328
1061,1278.57621466507
1063,NA
1065,NA
1067,1922.56116442873
1069,2435.18003377083
1071,1469.63808
1073,NA
1075,NA
1077,3440.95147702068
1079,1131.00862278962
1081,248.827617361084
1083,6797.60016441801
1085,593.241918825245
1087,281.760676425659
1089,9102.36712988294
1091,NA
1093,136.077594809052
1095,517.811080353607
1097,NA
1099,625.049775891855
1101,374.969368209961
1103,1958.41789069615
1105,NA
1107,381.01728
1109,230.197938485973
1111,NA
1113,285.144427342163
1115,NA
1117,NA
1119,NA
1121,2878.52149098111
1123,NA
1125,760.603586803619
1127,NA
1129,1062.27752156284
1131,NA
1133,NA
4001,NA
4003,7609.36384394153
4005,NA
4007,NA
4009,2680.72872
4011,NA
4012,22015.994800181
4013,45712.1788839247
4015,NA
4017,NA
4019,13034.4193659368
4021,61659.7509823678
4023,NA
4025,NA
4027,114848.720392206
5001,113069.064916371
5003,7768.39795508853
5005,NA
5007,NA
5009,NA
5011,NA
5013,NA
5015,NA
5017,20009.8919923965
5019,NA
5021,26313.8100455136
5023,NA
5025,NA
5027,NA
5029,8758.77463736487
5031,14181.2745862076
5033,3207.14815267548
5035,65328.1635351286
5037,35539.9870369463
5039,NA
5041,21409.3085131644
5043,5889.0108976637
5045,3382.86323316705
5047,NA
5049,NA
5051,NA
5053,NA
5055,16126.2556505117
5057,NA
5059,NA
5061,NA
5063,9307.40362965491
5065,NA
5067,38801.8286545619
5069,36472.5048986811
5071,1263.82071
5073,8321.35051605789
5075,21830.520855927
5077,45205.24776686
5079,14666.0620271759
5081,6275.7044590697
5083,2709.21433220632
5085,41707.9086193973
5087,NA
5089,NA
5091,7450.51532131512
5093,48887.2636742359
5095,34781.6432707355
5097,NA
5099,NA
5101,NA
5103,NA
5105,1171.02335243439
5107,36181.6444739861
5109,NA
5111,34221.7762037326
5113,NA
5115,3938.74616345936
5117,41624.5048039428
5119,15007.0126286816
5121,5899.10880649625
5123,56429.6131241762
5125,NA
5127,NA
5129,NA
5131,1399.65533208325
5133,NA
5135,NA
5137,NA
5139,NA
5141,NA
5143,NA
5145,14953.3541246688
5147,40810.1215875344
5149,3047.23102831494
6001,437.262691460632
6003,NA
6005,NA
6007,2478.88029730316
6009,NA
6011,46644.6351342919
6013,1738.97451191675
6015,NA
6017,NA
6019,102467.459413882
6021,11557.8859864127
6023,NA
6025,111997.264407312
6027,NA
6029,44533.3080441731
6031,95032.1536737206
6033,NA
6035,1356.00250153484
6037,NA
6039,9935.44632919472
6041,NA
6043,NA
6045,NA
6047,7425.15184954503
6049,7390.61748063528
6051,NA
6053,753.610710425339
6055,NA
6057,NA
6059,NA
6061,2892.91905638878
6063,NA
6065,19574.0133168123
6067,15200.9415500329
6069,1108.21598997285
6071,NA
6073,1686.22822539368
6077,36263.1749107381
6079,1339.3664614067
6081,NA
6083,580.59776
6085,NA
6087,NA
6089,683.109552
6091,NA
6093,15091.1099531235
6095,41442.829305098
6097,901.136095131225
6099,1597.68330147964
6101,21061.296397964
6103,856.608481618103
6107,20928.9670096996
6109,NA
6111,NA
6113,83710.8816898162
6115,1223.337624
8001,90204.660808649
8003,9955.22189891742
8005,32045.7329216459
8007,NA
8009,86993.8683479932
8011,4710.00495655652
8013,5753.80219391979
8015,NA
8017,55622.4650759925
8021,2312.90520455505
8023,5747.05059646081
8025,1731.51187563728
8027,NA
8029,923.383704398193
8031,NA
8033,6987.01475535667
8035,1766.47182982266
8037,NA
8039,17642.7848140163
8041,456.624586452489
8043,NA
8045,276.642524935745
8049,NA
8051,NA
8055,NA
8057,NA
8059,NA
8061,59043.3808946665
8063,157409.03654703
8065,NA
8067,715.170503114583
8069,7153.65027171689
8071,1253.91564421159
8073,76643.8444686754
8075,112158.202993712
8077,7934.2807475816
8081,7497.28343946912
8083,3347.42702001298
8085,1364.90871480664
8087,52300.0649791797
8089,6319.49991179294
8091,NA
8093,NA
8095,86195.5521925415
8097,NA
8099,60984.2190221048
8101,873.840147440536
8103,424.722475971588
8105,11787.2511598502
8107,4338.87770953114
8109,17931.144269146
8113,663.419324584982
8115,71702.8929767861
8119,NA
8121,168447.296849766
8123,92118.9424002927
8125,100307.114882412
9001,NA
9003,NA
9005,NA
9007,NA
9009,NA
9011,NA
9013,NA
9015,NA
10001,34760.5570790919
10003,16155.7172973823
10005,34293.0501118392
12001,NA
12003,NA
12005,NA
12007,NA
12009,NA
12011,NA
12013,NA
12015,NA
12017,NA
12019,NA
12021,NA
12023,NA
12027,NA
12029,NA
12031,NA
12033,NA
12035,NA
12039,NA
12041,NA
12043,NA
12045,NA
12047,NA
12049,NA
12051,NA
12053,NA
12055,NA
12057,NA
12059,NA
12061,NA
12063,NA
12065,NA
12067,NA
12069,NA
12071,NA
12073,NA
12075,NA
12077,NA
12079,NA
12081,NA
12083,NA
12085,NA
12089,NA
12091,NA
12093,NA
12095,NA
12097,NA
12099,NA
12101,NA
12105,NA
12107,NA
12109,NA
12111,NA
12113,NA
12115,NA
12117,NA
12119,NA
12121,NA
12123,NA
12125,NA
12127,NA
12129,NA
12131,NA
12133,NA
13001,43.698993653305
13003,127.822355200681
13005,216.363384
13007,1106.97467015579
13009,NA
13011,NA
13013,NA
13015,870.274569191675
13017,1238.33242619934
13019,638.512995769714
13021,730.913412751633
13023,635.950546513852
13025,NA
13027,890.301637427002
13029,NA
13031,5273.6707406282
13033,5970.38207092523
13035,NA
13037,5745.60671770134
13039,NA
13043,1272.58144676744
13045,27.21552
13047,NA
13049,NA
13051,NA
13053,NA
13055,136.952383180996
13057,NA
13059,NA
13061,3763.75045291454
13063,NA
13065,NA
13067,NA
13069,430.112137642895
13071,495.519765203732
13073,NA
13075,70.6959071531845
13077,274.876752
13079,501.975148973755
13081,766.546308348373
13083,NA
13085,NA
13087,3566.56129554577
13089,NA
13091,976.567095430682
13093,4534.13386643397
13095,990.040127131225
13097,NA
13099,8953.11147556045
13101,NA
13103,NA
13105,265.718507797287
13107,1490.64794912799
13109,586.267662162895
13111,NA
13113,NA
13115,166.128072162895
13117,NA
13119,443.303767636673
13121,NA
13123,NA
13125,1046.09655
13127,NA
13129,911.99934460426
13131,794.759718549644
13133,10.886208
13135,NA
13137,NA
13139,98.65626
13141,NA
13143,NA
13145,NA
13147,955.954710378693
13149,13.60776
13151,420.414984524887
13153,5237.61040849057
13155,746.654886172195
13157,599.149311856048
13159,NA
13161,839.793161875122
13163,14590.0149692628
13165,1768.74553585657
13167,2150.26073509601
13169,NA
13171,2089.51326592267
13173,NA
13175,6557.12333662712
13177,4984.61215644415
13179,NA
13181,NA
13183,NA
13185,31.1034521701355
13187,163.29312
13189,NA
13191,NA
13193,4653.49693501196
13195,401.428919567421
13197,1689.04521817255
13199,164.98377904599
13201,2537.42805576946
13205,914.047795657745
13207,128.545811678371
13209,355.890316710812
13211,429.525191474018
13213,870.89664
13215,NA
13217,572.995998341644
13219,299.145723528809
13221,316.447115901627
13223,NA
13225,1947.30643013817
13227,NA
13229,433.575435194727
13231,224.150047243439
13233,145.149446921265
13235,3835.43016878303
13237,518.390839221725
13239,NA
13243,12012.7125064333
13245,283.495008651581
13247,NA
13249,642.944049526131
13251,1388.67199711128
13253,3499.98070781175
13255,1323.32558030658
13257,NA
13259,748.88646497715
13261,11760.1603229722
13263,NA
13265,NA
13267,2126.21253374116
13269,611.588639530945
13271,260.54540362896
13273,8594.89481646831
13275,840.27918
13277,342.785956510406
13279,503.344381028839
13283,453.903278686615
13285,NA
13287,1051.79705237164
13289,896.969355387573
13291,NA
13293,177.098934410358
13295,885.011249401153
13297,472.589282597145
13299,362.873586157471
13301,411.673619165973
13303,5420.68868156934
13305,289.845288
13307,2511.65287819528
13309,845.774611356216
13311,NA
13313,NA
13315,1691.39631553835
13317,32.2547104584618
13319,311.466503782806
13321,1094.0522120374
16001,20909.7632125707
16003,NA
16005,40257.7752272596
16007,4211.41282571037
16009,56653.7655263799
16011,329357.001350717
16013,2414.83503672478
16015,NA
16017,NA
16019,82756.9596873824
16021,35112.2369644945
16023,10376.5437205139
16025,1015.18770778635
16027,84800.6490215297
16029,44078.1058915472
16031,210401.154649354
16033,25096.9708834078
16035,13344.3840850646
16037,NA
16039,27339.3472384228
16041,19339.7672684099
16043,54966.9673019664
16045,7513.08150504266
16047,17562.8625625207
16049,116236.919393725
16051,71493.019800207
16053,39957.278722037
16055,23596.228274981
16057,189218.600227932
16059,2122.81056
16061,132106.048332231
16063,21483.4247891363
16065,73741.2628821461
16067,90333.7624002578
16069,185811.251160981
16071,24858.1725643828
16073,17288.4862421792
16075,15677.0118173655
16077,173627.139250764
16079,NA
16081,6814.65159272258
16083,103593.829580299
16085,NA
16087,18541.4307523279
17001,22141.3142459589
17003,7682.22253996942
17005,34851.8424344856
17007,4153.91993156561
17009,4960.71355908984
17011,5295.83272866052
17013,2998.80607836334
17015,NA
17017,4384.1112859823
17019,5871.95200823584
17021,6323.72080939427
17023,9884.03970967962
17025,21621.848209903
17027,52305.2582085687
17029,2539.98131782515
17031,NA
17033,11292.1813548858
17035,4486.19000061072
17037,7766.79793692438
17039,NA
17041,1571.57924487543
17043,NA
17045,3803.69140075345
17047,9075.57109458289
17049,20606.6236148041
17051,31880.99409524
17053,5706.28534607394
17055,17645.4978390182
17057,5054.29887148999
17059,12440.4900874514
17061,8032.89182729629
17063,2398.27046315295
17065,22643.2626909633
17067,10975.7757137975
17069,NA
17071,1845.87538721085
17073,1992.58411061798
17075,11949.981004839
17077,20091.9615454855
17079,12556.7158116511
17081,25077.3539620482
17083,7610.75342105405
17085,1311.29328355408
17087,1332.42638856764
17089,7945.60152967667
17091,16312.574947648
17093,5433.37285071149
17095,2825.48295924921
17097,2877.05134342682
17099,5938.45253986456
17101,17744.22580332
17103,3724.25898134561
17105,17622.8308807081
17107,2434.88459405229
17109,2281.18668208972
17111,9499.64367072525
17113,3416.62740807251
17115,NA
17117,16418.1452482264
17119,42086.6279824336
17121,27112.3664320052
17123,2253.77094374597
17125,9331.33151087994
17127,3720.7797287431
17129,3920.50754170367
17131,1428.70138296652
17133,49494.9171041682
17135,22725.7965363275
17137,6782.09116191537
17139,2122.60617505493
17141,8150.9697217132
17143,4105.71852461963
17145,28576.6896832635
17147,3055.99360890729
17149,12675.8262618559
17151,NA
17153,7140.42073763356
17155,NA
17157,55140.4294762086
17159,20053.7029660558
17161,NA
17163,48381.0327694036
17165,6258.94991702798
17167,2130.91238216405
17169,8295.68602031991
17171,3545.13122389618
17173,21875.6919844027
17175,NA
17177,4209.37700406152
17179,6461.53757889206
17181,2937.84269168771
17183,7518.39394248736
17185,12382.3604603183
17187,NA
17189,90528.9072563038
17191,25173.9931336673
17193,32506.3544456879
17195,4816.04621285767
17197,17688.5860682681
17199,1790.84730715613
17201,7400.85748822201
17203,4874.78154062399
18001,20563.939359008
18003,42358.760866546
18005,8647.30037345853
18007,NA
18009,NA
18011,5849.39648574719
18013,NA
18015,8772.81218021448
18017,5486.55848527191
18019,7672.2183225661
18021,5405.15497586194
18023,6008.84999611652
18025,NA
18027,8152.45069066476
18029,1131.71200539368
18031,10640.9317665852
18033,14203.0611631151
18035,5597.91522783484
18037,10058.3223046785
18039,3355.27184177811
18041,NA
18043,NA
18045,3619.66416
18047,4563.22442018378
18049,4037.01314800323
18051,37326.3764146428
18053,8429.04932699622
18055,4146.82060354156
18057,4670.43269514172
18059,6042.58541489767
18061,3906.46474215356
18063,7367.31095248343
18065,5958.61811333346
18067,4548.52534458938
18069,12186.7328114567
18071,9015.64047133304
18073,NA
18075,19306.3390352524
18077,5739.37880717706
18079,4978.58454645364
18081,5167.65823526041
18083,30150.4785193838
18085,7839.70884178183
18087,4091.44240577759
18089,5077.28114531433
18091,5885.4459141245
18093,NA
18095,5130.30925881262
18097,NA
18099,5046.80180088071
18101,NA
18103,9232.86262508682
18105,NA
18107,5755.87122050882
18109,NA
18111,NA
18113,6630.96754893283
18115,NA
18117,3886.376256
18119,2652.61255659509
18121,5416.738965
18123,NA
18125,NA
18127,4479.33738279538
18129,53376.1846414969
18131,2464.33161386832
18133,8733.51375171423
18135,13202.8870362168
18137,4616.85744096529
18139,9281.20891659601
18141,5092.63474587305
18143,NA
18145,7303.28169300375
18147,10979.337481371
18149,NA
18151,6060.55553380472
18153,7374.54727482898
18155,NA
18157,8741.64562168359
18159,4012.21772086084
18161,NA
18163,13816.9597730002
18165,NA
18167,8635.17216701147
18169,17461.3433560052
18171,6669.26755559216
18173,7203.23714670709
18175,3271.42672995032
18177,7110.0572975629
18179,11407.0611889955
18181,4342.72691809073
18183,17201.6103345166
19001,NA
19003,NA
19005,NA
19007,751.148352
19009,NA
19011,NA
19013,NA
19015,NA
19017,NA
19019,NA
19021,NA
19023,NA
19025,NA
19027,NA
19029,NA
19031,NA
19033,NA
19035,NA
19037,NA
19039,250.818242286621
19041,NA
19043,16.6874108790665
19045,NA
19047,NA
19049,NA
19051,1005.51260568774
19053,493.362955696069
19055,182.504072851318
19057,651.858678553956
19059,NA
19061,NA
19063,NA
19065,NA
19067,NA
19069,NA
19071,NA
19073,NA
19075,NA
19077,NA
19079,NA
19081,NA
19083,NA
19085,511.316261467029
19087,456.085535261948
19089,NA
19091,NA
19093,NA
19095,226.569204
19097,NA
19099,NA
19101,2337.30346219293
19103,802.182908465501
19105,NA
19107,482.118186043945
19109,NA
19111,2526.32672629912
19113,NA
19115,593.029248650555
19117,NA
19119,NA
19121,NA
19123,183.70476
19125,NA
19127,NA
19129,303.726226855041
19131,NA
19133,NA
19135,1114.31664526014
19137,NA
19139,424.523356378601
19141,NA
19143,NA
19145,516.437314178052
19147,NA
19149,NA
19151,NA
19153,NA
19155,167.413130133252
19157,NA
19159,188.996672434387
19161,NA
19163,NA
19165,NA
19167,NA
19169,NA
19171,NA
19173,NA
19175,NA
19177,1425.55357207881
19179,106.846112863953
19181,NA
19183,738.624230527643
19185,1503.42316785265
19187,NA
19189,NA
19191,NA
19193,NA
19195,NA
19197,NA
20001,33099.0329322595
20003,35736.2930995171
20005,11705.5186861921
20007,110355.602771668
20009,170414.911748073
20011,10817.3146072294
20013,16775.2071591988
20015,51822.3349081449
20017,10684.4320368879
20019,4045.18558004407
20021,80828.5968978775
20023,75960.0239847019
20025,45563.9255283895
20027,108287.439834477
20029,134306.27600756
20031,31793.2245433013
20033,49951.5026532173
20035,80769.6563347157
20037,34363.1022186141
20039,99524.869724819
20041,175362.852485272
20043,3380.3546398287
20045,8906.9541153212
20047,94605.6805780571
20049,4440.93604017001
20051,100054.650566136
20053,105832.829538241
20055,140589.11461294
20057,145121.155469046
20059,20560.2779866497
20061,18733.9233330421
20063,92546.4869319482
20065,71481.9623168617
20067,76662.6416778427
20069,119285.279527739
20071,88921.5822801844
20073,6909.45474922131
20075,80378.391262004
20077,219351.065030498
20079,132729.565295546
20081,81316.3514400123
20083,88065.2825830022
20085,12751.9169168149
20087,8360.50721955224
20089,138636.97600153
20091,7174.59336837677
20093,83818.0061932475
20095,192374.65148682
20097,61564.0445895854
20099,54134.2047451483
20101,73814.3835203559
20103,6080.97489447543
20105,116949.667958654
20107,14849.5856680619
20109,85011.1944899594
20111,21702.4409087323
20113,255905.503817694
20115,139618.357920739
20117,103671.364088928
20119,69268.4341173357
20121,10034.9126064255
20123,204963.89888785
20125,33741.3584097631
20127,34137.430762335
20129,57022.7009421255
20131,37612.0220142188
20133,34170.9932031397
20135,121013.3118144
20137,83825.020078692
20139,18629.1112068267
20141,121596.844563494
20143,136165.993730618
20145,130674.299645348
20147,85779.4020402486
20149,13948.6718649178
20151,160901.929078706
20153,117087.813461229
20155,242219.574795207
20157,109836.366212737
20159,183983.220951392
20161,29849.5503989068
20163,84201.7603921853
20165,116728.177743033
20167,96112.0986459897
20169,166781.888035005
20171,111323.420905133
20173,190804.666852871
20175,47313.3001289579
20177,7275.16570436078
20179,89812.0365626426
20181,112637.58264799
20183,131980.108322404
20185,146486.283375978
20187,104787.746754526
20189,78717.179260314
20191,359618.286380776
20193,148828.867299676
20195,81549.4388617913
20197,8495.06589092471
20199,58908.667405202
20201,110149.669616697
20203,108073.530627103
20205,40202.6795451367
20207,17232.6411021609
20209,617.468312680542
21001,NA
21003,495.858551418503
21005,NA
21007,14488.6778560293
21009,1353.12915062825
21011,NA
21013,NA
21015,NA
21017,629.209729011085
21019,NA
21021,NA
21023,NA
21027,2142.52434359319
21029,546.561865328606
21031,668.856210174759
21033,9575.73078545746
21035,28289.8320802711
21037,NA
21039,4935.94953026453
21041,NA
21043,NA
21045,206.667855
21047,75159.5167337873
21049,459.942288
21051,NA
21053,NA
21055,1331.18530614996
21057,NA
21059,12784.2371965229
21061,265.35132
21063,NA
21065,NA
21067,203.351327904584
21069,80.2921623779526
21073,NA
21075,20298.8091561103
21077,NA
21079,NA
21081,NA
21083,27626.6279089078
21085,443.226326125616
21087,101.240852068531
21089,NA
21091,2281.63174882199
21093,2458.91818998145
21095,NA
21097,304.395289503181
21099,130.634496
21101,7030.08308467294
21103,274.240953728403
21105,21966.9207203909
21107,3524.35391272101
21109,NA
21111,NA
21113,NA
21117,NA
21121,NA
21123,1749.30814539698
21125,NA
21127,NA
21129,NA
21135,173.828165525848
21137,486.199074853477
21139,1364.34509719284
21141,66352.6426483563
21143,1297.1310463354
21145,4984.63615765964
21147,NA
21149,11362.2431073082
21151,NA
21153,NA
21155,963.896060210102
21157,4041.49626567523
21159,NA
21161,244.706398775024
21163,4764.49592259616
21165,NA
21167,246.99102864093
21169,110.594745931458
21171,NA
21173,363.834931648819
21175,NA
21177,2522.59419503473
21179,2275.05120505482
21181,106.918115212669
21183,791.311763819366
21185,1472.55789162585
21187,315.592032586426
21189,NA
21191,NA
21195,NA
21197,NA
21199,164.810021562149
21201,NA
21203,NA
21205,NA
21207,308.737093551956
21209,NA
21211,3325.1702556432
21213,39330.9845303383
21215,451.743317754126
21217,284.085023795718
21219,47344.4860505918
21221,17773.4261430348
21223,480.843808190552
21225,14807.4719944022
21227,21473.072885464
21229,180.476729232568
21231,600.434598487686
21233,2865.85201049286
21235,NA
21237,NA
21239,129.039102105789
22001,1909.08866281055
22003,NA
22005,NA
22007,NA
22009,9450.47132628027
22011,1615.79551568024
22013,NA
22015,4374.96279211116
22017,3181.61136465216
22019,NA
22021,1496.8536103819
22023,NA
22025,8280.91901597363
22027,NA
22029,5947.76523381822
22031,1786.0185
22033,NA
22035,8610.26388518835
22037,NA
22039,3848.09606526742
22041,23474.6320179715
22043,1747.70558085631
22045,NA
22047,3012.08721177237
22049,NA
22053,3848.96334610034
22055,NA
22057,NA
22059,NA
22061,NA
22063,NA
22065,4844.52416114764
22067,9393.8639456559
22069,3223.69869770901
22071,NA
22073,3704.18926185507
22075,NA
22077,26449.6452472528
22079,3433.44143007837
22081,3614.65743619907
22083,21886.4107272136
22085,NA
22089,NA
22091,NA
22093,NA
22095,NA
22097,7376.33137440836
22099,2232.86054703351
22101,NA
22103,NA
22105,NA
22107,8007.70849268573
22109,NA
22111,NA
22113,NA
22115,NA
22117,NA
22119,NA
22121,2029.72108613411
22123,15932.7305174702
22125,1360.776
22127,NA
23001,NA
23003,NA
23005,NA
23007,NA
23009,NA
23011,NA
23013,NA
23015,NA
23017,NA
23019,NA
23021,NA
23023,NA
23025,NA
23027,NA
23029,NA
23031,NA
24001,NA
24003,2504.0869763012
24005,3326.17910350415
24009,2399.90859153058
24011,28015.0205854149
24013,10702.2376001325
24015,9141.25616800168
24017,3709.27279404437
24019,19894.5282822934
24021,17133.3721328821
24023,NA
24025,4163.2698160697
24027,2672.77780303424
24029,23309.953261654
24031,6857.39864082709
24033,1414.31831847345
24035,43711.405802904
24037,6470.44209212823
24039,7047.45128541794
24041,24851.4777877381
24043,5908.11451727316
24045,5870.03429364242
24047,11125.018775571
25003,NA
25005,NA
25007,NA
25009,NA
25011,NA
25013,NA
25015,NA
25017,NA
25023,NA
25027,NA
26001,1690.2048553006
26003,NA
26005,12147.4111032828
26007,4876.17014668308
26009,NA
26011,12245.5697606912
26013,NA
26015,14438.1854966422
26017,20228.2842620731
26019,NA
26021,5940.65563204196
26023,10183.0373397739
26025,19420.3797888759
26027,3737.78104293885
26029,NA
26031,NA
26033,NA
26035,1592.10788885431
26037,42021.8552130203
26039,NA
26041,723.155227916748
26043,NA
26045,32348.7031322747
26047,NA
26049,18102.7776012935
26051,2452.41017155106
26053,NA
26055,1495.09705155275
26057,33935.5404798295
26059,21631.9603419344
26061,NA
26063,94265.706258997
26065,32061.0717128611
26067,25061.89517557
26069,2560.96497854636
26071,NA
26073,31741.9260278839
26075,15264.9678299081
26077,6741.19746116214
26079,NA
26081,8553.93536145151
26083,NA
26085,NA
26087,17917.9709361642
26089,NA
26091,67228.7275548526
26093,13449.7093849867
26095,NA
26097,NA
26099,7409.35895891455
26101,NA
26103,NA
26105,5670.70497768494
26107,2061.66036250843
26109,NA
26111,8402.12750394031
26113,864.788619621963
26115,43001.2024863311
26117,23622.5867451615
26119,1618.98323769448
26121,2497.68026978545
26123,1840.3292877851
26125,1762.96091935565
26127,3019.56788936633
26129,2136.09743632837
26131,NA
26133,544.3104
26135,NA
26137,NA
26139,6756.18879753821
26141,3169.24159828246
26143,NA
26145,54242.232631075
26147,22695.0747244204
26149,4764.35668578491
26151,91345.7435073289
26153,NA
26155,46741.1980335745
26157,50689.3413925346
26159,1402.68981833637
26161,23358.4235813606
26163,793.138024282349
26165,NA
27001,2394.4966332215
27003,1266.882456
27005,74230.1874606091
27007,5258.11464462967
27009,1012.417344
27011,44999.3421749602
27013,NA
27015,2561.15240639304
27017,NA
27019,1709.936016459
27021,NA
27023,4172.8564216673
27025,NA
27027,200872.840702237
27029,4891.54763460248
27033,1622.26698377718
27035,NA
27037,1912.60844426245
27039,NA
27041,21455.8415267727
27043,NA
27045,NA
27047,NA
27049,1066.84840476379
27051,60508.9790357355
27053,NA
27055,NA
27057,2356.53237537994
27059,562.454062696838
27061,NA
27063,NA
27065,2113.16942383462
27067,6734.67071725024
27069,161613.592505269
27071,1134.4324465307
27073,18076.700842157
27075,NA
27077,13152.6149512681
27079,1916.47404843283
27081,16284.4970034665
27083,5314.17524621197
27085,4075.47325216547
27087,40103.8690784952
27089,243669.221916594
27091,NA
27093,4998.46294021428
27095,NA
27097,856.051825066223
27099,NA
27101,1212.451416
27103,1380.45809112236
27105,NA
27107,194155.143922812
27109,NA
27111,76513.1355076542
27113,70681.3320409006
27115,NA
27117,2031.26745671082
27119,390867.55184747
27121,13487.6425646197
27123,NA
27125,65283.9385244969
27127,3636.34187894566
27129,7121.75804497494
27131,NA
27133,NA
27135,96621.1797734576
27137,NA
27139,1278.789246
27141,NA
27143,2919.19539624747
27145,7189.51226679703
27147,1143.05184
27149,30019.3607720345
27151,13741.1304649943
27153,5433.29784929228
27155,58987.4073692984
27157,NA
27159,1387.99152
27161,NA
27163,NA
27165,NA
27167,174143.255733872
27169,NA
27171,3980.00693382928
27173,16801.6093250534
28001,NA
28003,NA
28005,NA
28007,NA
28009,NA
28011,35642.3105359416
28013,NA
28015,NA
28017,2795.0796397168
28019,NA
28021,1407.05981520502
28023,NA
28025,NA
28027,20364.9751155363
28029,NA
28031,NA
28033,9473.40779517517
28035,NA
28037,NA
28039,NA
28041,NA
28043,NA
28045,NA
28047,NA
28049,NA
28051,NA
28053,6575.05460474538
28055,4359.17284474847
28057,NA
28059,NA
28061,NA
28063,NA
28065,NA
28067,NA
28069,NA
28071,NA
28073,NA
28075,NA
28077,NA
28079,NA
28081,NA
28083,6860.51692577284
28085,NA
28087,1686.40744894627
28089,NA
28091,NA
28093,2441.10347699806
28095,1415.20704
28097,NA
28099,NA
28101,NA
28103,1500.97037859479
28105,NA
28107,4937.86526295381
28109,NA
28111,NA
28113,NA
28115,NA
28117,NA
28119,7790.0490388968
28121,NA
28123,NA
28125,4989.85132019034
28127,NA
28129,NA
28131,NA
28133,23445.8376640681
28135,12037.5238213387
28137,2681.9495255347
28139,NA
28141,NA
28143,5933.01135686157
28145,NA
28147,NA
28149,2494.83478129486
28151,17288.3021131803
28153,NA
28155,NA
28157,NA
28159,NA
28161,NA
28163,5414.13061374396
29001,3389.63879827338
29003,1828.4238495946
29005,1252.88588357648
29007,24872.2682770012
29009,381.82726521991
29011,52979.6953346394
29013,40888.8967363123
29015,7021.47522895181
29017,4163.09433692128
29019,9376.05705352853
29021,3207.96869109366
29023,20677.9320825154
29025,4164.07360675775
29027,10341.3558518522
29029,NA
29031,18836.6145190308
29033,13237.8615257501
29035,NA
29037,14499.4079151079
29039,936.385764457141
29041,18853.1599509801
29043,134.716824
29045,5593.82285188888
29047,2018.81661897281
29049,2078.38300894022
29051,1971.2196971129
29053,21407.7052558484
29055,NA
29057,23009.436455497
29059,117.933921730316
29061,5021.86960608823
29063,3762.22584642755
29065,NA
29067,NA
29069,27942.9218355938
29071,4446.67408348111
29073,1736.23975500896
29075,2852.28077227609
29077,385.243002760986
29079,5187.12275037244
29081,2885.82679843657
29083,18145.1551498983
29085,428.392452326996
29087,1289.91776228439
29089,7489.54554561929
29091,447.112121701355
29093,NA
29095,10407.0788572619
29097,25054.3345019993
29099,804.672214056106
29101,11287.0389227344
29103,6460.17556917663
29105,350.643886285614
29107,9580.85456134005
29109,4796.38517881784
29111,8699.63289985965
29113,13993.4668607268
29115,6357.54107007568
29117,13240.8289972043
29119,NA
29121,11008.2789952034
29123,NA
29125,298.564330377075
29127,12755.4900577567
29129,728.987140879639
29131,512.158716242752
29133,82856.7791887591
29135,4548.20537106406
29137,13324.5940957521
29139,13413.9034577737
29141,1369.87306800964
29143,47683.4267601014
29145,2329.94631152371
29147,2378.56925290216
29149,NA
29151,968.810588310348
29153,NA
29155,35370.9569100946
29157,14377.3521674505
29159,24922.9861104268
29161,163.29312
29163,15147.2589686707
29165,4080.83630481854
29167,925.888116427536
29169,NA
29171,859.313845645248
29173,15326.6075556439
29175,8693.43061445257
29177,8077.22164836893
29179,NA
29181,750.713607468796
29183,7462.3420599682
29185,14172.4650482953
29186,4656.34046911044
29187,406.288841701355
29189,1420.38285168054
29195,11410.818414813
29197,1063.63435841158
29199,4221.55832429349
29201,54329.86003235
29203,NA
29205,17184.5239036464
29207,60177.1860823386
29209,NA
29211,1189.16703935565
29213,204.1164
29215,NA
29217,34774.3899618762
29219,3988.3163255853
29221,NA
29223,697.67031131134
29225,287.00811973468
29227,544.3104
29229,NA
30001,9833.83573516595
30003,89009.7775595441
30005,126103.150630633
30007,37608.4183556909
30009,3931.97335543881
30011,13964.0189601366
30013,107951.777370721
30015,394245.42742505
30017,11228.0486679205
30019,166906.283264416
30021,99135.7992501626
30023,NA
30025,20913.1922934449
30027,146486.434240514
30029,32940.120595573
30031,67760.8997160324
30033,51295.8917069815
30035,74483.7448876826
30037,9553.61152498729
30039,NA
30041,292947.371045153
30043,1739.61604982009
30045,55511.5300010963
30047,15193.0634084346
30049,9914.18244532834
30051,127098.28474301
30053,NA
30055,150338.216496584
30057,10720.5386437358
30059,6896.60823230009
30061,1224.6984103819
30063,1805.30696841991
30065,12184.2736848294
30067,7241.66611642546
30069,8026.3992902209
30071,80404.5921613757
30073,123896.682805389
30075,6548.77509581264
30077,NA
30079,16869.9364433097
30081,1273.11288326913
30083,113627.717592986
30085,255166.3668758
30087,28685.7778835751
30089,567.884743718921
30091,235679.654217741
30093,NA
30095,13131.914906496
30097,959.479455242508
30099,104077.282470371
30101,126374.65267781
30103,8027.68907286279
30105,221586.239398696
30107,15682.2845704416
30109,20407.0569011995
30111,47293.6689480628
31001,11845.0421623801
31003,330.849998138283
31005,NA
31007,35285.9738913143
31009,NA
31011,1198.02804898288
31013,119069.533022215
31015,1210.09165407602
31017,1224.6984
31019,8540.77855125873
31021,NA
31023,1916.36174399265
31025,2490.83696885748
31027,NA
31029,58271.7584155426
31031,2077.54801719113
31033,156966.145567078
31035,5898.11596492496
31037,1066.848384
31039,NA
31041,10442.028335075
31043,NA
31045,29963.0909933965
31047,5580.97392204178
31049,78560.3670862177
31051,NA
31053,NA
31055,672.563538
31057,33977.6607581061
31059,5462.68143987056
31061,19373.1911238674
31063,54902.9014809062
31065,78795.6301391915
31067,36978.6484761871
31069,44551.5399322304
31071,NA
31073,20510.7885989698
31075,NA
31077,1836.76135033667
31079,3597.17162448029
31081,3507.7994416001
31083,40456.2361407933
31085,35170.6382339619
31087,64725.3545656576
31089,4254.38158960663
31091,NA
31093,1958.3022709702
31095,27240.4508832128
31097,6097.95491609262
31099,12004.7419849854
31101,48617.6009341064
31103,2544.10684905121
31105,64514.8030679412
31107,1284.77658634247
31109,11438.711268805
31111,25790.2933972878
31113,2182.84773179332
31115,NA
31117,476.2716
31119,662.433322434387
31121,3487.61734084334
31123,27285.2673712789
31125,4007.96790171698
31127,5008.00908842453
31129,45310.054593117
31131,6457.46276565515
31133,13499.2030906706
31135,106699.511667929
31137,6343.08073139313
31139,890.379487811767
31141,1451.63120917767
31143,2126.73842198408
31145,69555.4431956655
31147,5467.16367248584
31149,NA
31151,15301.322483634
31153,1197.48288
31155,3477.31200966873
31157,12937.9887527853
31159,3132.41362695235
31161,41049.0179315655
31163,2200.37086764294
31165,1688.09814173343
31167,811.022480427154
31169,30740.8629285633
31171,NA
31173,NA
31175,1827.74861447614
31177,706.82594290968
31179,383.194529905518
31181,37732.5460427516
31183,NA
31185,1955.88868669684
32001,NA
32003,NA
32005,NA
32007,NA
32009,NA
32011,NA
32013,10132.775367658
32015,NA
32017,NA
32019,1279.12944
32021,NA
32023,NA
32027,4227.9793804942
32029,NA
32031,NA
32033,NA
32510,NA
33001,NA
33003,NA
33005,NA
33007,NA
33009,NA
33011,NA
33013,NA
33015,NA
33017,NA
33019,NA
34001,NA
34005,3637.66000005679
34007,NA
34009,NA
34011,6569.94034127588
34015,3753.84703438711
34019,3713.41425559921
34021,1027.04746130438
34023,1164.74915076183
34025,1349.76619551654
34027,NA
34029,NA
34033,8377.16877821011
34035,1679.13976721576
34037,NA
34041,1572.14638368262
35001,NA
35003,NA
35005,985.34223223529
35006,NA
35007,256.691839431015
35009,32896.1878007347
35011,54.7861591124182
35013,1509.77011945703
35015,NA
35017,NA
35019,81.7727396292
35021,NA
35023,1935.32579283984
35025,1015.23047049555
35027,NA
35029,3022.87318670986
35031,NA
35033,NA
35035,NA
35037,9747.27000668219
35039,123.377020539368
35041,13635.6797383468
35043,23.0787597141724
35045,21494.7543352828
35047,NA
35049,188.8540537202
35051,NA
35053,NA
35055,NA
35057,68.2155820764923
35059,9682.16345484732
35061,NA
36001,NA
36003,653.172474809051
36007,NA
36009,440.796919322174
36011,10530.0510339985
36013,593.103934979187
36015,NA
36017,NA
36019,NA
36021,607.696645270587
36023,451.777632
36025,NA
36027,NA
36029,2422.61778858853
36031,455.859970381897
36033,NA
36035,NA
36037,16901.2290423956
36039,NA
36043,NA
36045,1087.87036274565
36049,NA
36051,22749.5764807116
36053,1006.88144314423
36055,17452.926399145
36057,346.393096434387
36063,12131.1521130619
36065,1779.53566632135
36067,5475.58432876202
36069,15051.6491327211
36071,NA
36073,17817.446618184
36075,489.87936
36077,NA
36079,NA
36083,577.357826041626
36089,NA
36091,NA
36093,NA
36095,NA
36097,789.930462809051
36099,11900.0935155332
36101,2332.9955092709
36103,568.609966979187
36105,NA
36107,NA
36109,1628.44354716934
36111,420.026191134842
36113,NA
36115,305.267412539368
36117,6950.56928122867
36119,NA
36121,3646.44913408096
36123,4809.65604972171
37001,2574.23746210489
37003,367.309497560223
37005,NA
37007,3054.13550630113
37009,NA
37011,NA
37013,34870.5391460251
37015,988.297825934219
37017,3877.87840858951
37019,634.562246547693
37021,NA
37023,272.1552
37025,2282.17889901688
37027,353.746677115295
37029,10055.6868696487
37031,2974.82329723453
37033,951.772180634903
37035,3438.70330768481
37037,858.802825316986
37039,NA
37041,1119.07740894441
37043,NA
37045,4720.70722675754
37047,7947.15700517702
37049,2218.72943733743
37051,4148.55249861717
37053,8795.76686933856
37057,1444.98360095154
37059,2459.12134899751
37061,14153.3334442825
37063,345.410308
37065,3725.37188488353
37067,1004.48556346584
37069,4866.65079362982
37071,390.667220360077
37073,2013.15566297705
37077,1486.99541587352
37079,4885.41619785582
37081,6435.78909706821
37083,1231.39072803106
37085,3240.12575180838
37087,99.7902434606323
37089,NA
37091,698.997125747158
37093,4206.158616
37095,10435.2347573774
37097,4162.16490192059
37101,8250.12772322104
37103,4088.25017317517
37105,436.31711390789
37107,7439.06645689195
37109,2312.13512215616
37111,NA
37115,NA
37117,1790.87192522932
37119,1517.45711908501
37121,NA
37123,225.98961729834
37125,694.201942743561
37127,2164.17777072538
37129,NA
37131,1710.41548479648
37133,2275.52013198181
37135,1336.43962919604
37137,8417.19543103097
37139,18981.6217685699
37141,3064.04323954494
37143,11042.9209023974
37145,5269.4358298884
37147,11246.0863137135
37149,149.68536
37151,2816.94452208218
37153,513.424914026489
37155,37275.4421515413
37157,3386.71162069162
37159,6714.82745496381
37161,282.462786382179
37163,20386.9849949354
37165,2209.76201932234
37167,6555.48569014255
37169,501.745649354752
37171,1700.15200428142
37173,NA
37175,NA
37177,18894.1315355132
37179,38532.0062123067
37181,2469.43258245358
37183,2251.05829508778
37185,1842.45775272417
37187,16849.5484342375
37189,NA
37191,22964.7435535325
37193,179.622432
37195,4922.66063725267
37197,3676.18749449653
37199,NA
38001,85611.1500951895
38003,252184.75560493
38005,126993.857303063
38007,14333.7948562373
38009,195356.281735799
38011,71773.5156570458
38013,152008.657718748
38015,93600.8315383221
38017,334923.464350359
38019,342625.23913645
38021,80295.2042883002
38023,196085.148418296
38025,111715.442609199
38027,39793.6522189075
38029,115175.033908489
38031,73929.5993818642
38033,43902.8029766912
38035,251859.684403806
38037,80672.2114630047
38039,78136.2930403448
38041,250525.121957413
38043,42760.1237503274
38045,128404.816389373
38047,63213.0851396853
38049,122361.710543649
38051,73036.221143673
38053,134818.289310628
38055,319597.34021529
38057,69864.1465203672
38059,120069.90683625
38061,214009.835354125
38063,104970.062528316
38065,51987.7281492075
38067,271091.362713916
38069,107431.819680901
38071,114827.555175466
38073,95301.1020562833
38075,151024.069228671
38077,181138.73568168
38079,77174.6318474488
38081,86970.1243241074
38083,79543.6971208107
38085,15178.1192340425
38087,92737.9882863413
38089,191667.959260321
38091,130423.414325625
38093,201972.322591237
38095,165190.541750001
38097,146758.761087185
38099,267033.244495654
38101,329085.1756107
38103,180912.01162563
38105,297462.459065071
39001,3451.20992995073
39003,34896.453587663
39005,12861.6020061246
39007,7467.66626183249
39009,1134.34288190552
39011,43262.0833216974
39013,NA
39015,4179.43470131576
39017,8801.6465684429
39019,2758.75071060132
39021,12546.3752173253
39023,9352.24674209576
39025,2977.74488805798
39027,12691.2243851797
39029,8343.51700810318
39031,3551.2679078266
39033,47522.4841517552
39035,NA
39037,42989.8189941176
39039,35699.8125203023
39041,20555.5110720375
39043,13481.6559908072
39045,21673.3478053616
39047,18855.3624496591
39049,9378.22347857614
39051,34220.2410897277
39053,NA
39055,1850.02035127167
39057,8963.71417298761
39059,NA
39061,NA
39063,72822.1748571913
39065,35865.0485033108
39067,NA
39069,69106.8272137949
39071,15903.6205919658
39073,NA
39075,4602.52296807584
39077,41080.0998508162
39079,1046.5604304599
39081,NA
39083,8425.75557847488
39085,NA
39087,NA
39089,12160.0921699681
39091,20739.2742405899
39093,16560.3749683073
39095,13912.2177249338
39097,19991.5118577717
39099,5208.23774312854
39101,29530.8499934907
39103,9898.54854739389
39105,1238.30616
39107,48536.8066932415
39109,17036.1389368033
39111,NA
39113,7132.76175874551
39115,NA
39117,20843.4733123284
39119,2865.76554140329
39121,NA
39123,23752.1848215777
39125,71239.4756783997
39127,3732.82651689346
39129,42980.6349759905
39131,1591.98419893378
39133,5201.80721171652
39135,13046.1986818148
39137,86621.3542629458
39139,14140.3811488085
39141,25857.7009026831
39143,35120.5757525918
39145,1941.21729097009
39147,71332.099172067
39149,29739.4214869622
39151,9488.98229135577
39153,NA
39155,6713.63423585968
39157,3147.45580261273
39159,30402.615535976
39161,41491.4558818707
39163,NA
39165,6644.94391991516
39167,1850.1227254274
39169,18711.9733900645
39171,35558.3696199685
39173,97312.8528478832
39175,47203.0359521428
40001,305.92835438118
40003,192170.929387807
40005,76.7704451348419
40007,50052.1984905174
40009,22527.7356009476
40011,89209.8460453697
40013,1567.29094912365
40015,93175.1614149071
40017,101795.999654944
40019,197.705234719048
40021,40.5964840540724
40023,1046.98273985772
40025,74935.5370015637
40027,1886.74612753377
40029,81.476463
40031,22180.2678362906
40033,32738.4811405636
40035,7874.50989826553
40037,441.470674587746
40039,115366.448414961
40041,1628.30888531403
40043,64957.4357618698
40045,20558.733411276
40047,236588.023281865
40049,1518.90714565781
40051,30316.0664841712
40053,237781.182517052
40055,37755.18239869
40057,12198.6008518914
40059,30356.683917109
40061,273.350237125689
40063,927.104258327598
40065,91548.5376931549
40067,1668.38112807255
40069,297.151230048912
40071,148892.418091482
40073,123174.572726501
40075,139567.179042842
40077,NA
40079,3307.4416205249
40081,655.815979168243
40083,26592.3997376193
40085,902.750173628223
40087,2792.74843666107
40089,1141.21645904053
40091,660.248518833664
40093,63498.5589679642
40095,666.08994144115
40097,4163.7879540535
40099,180.973779680264
40101,3952.75184020092
40103,91359.7958011238
40105,1434.9177172431
40107,245.604946010046
40109,5562.86732055424
40111,1453.83255070769
40113,8063.25358982544
40115,22602.3633237708
40117,5375.71463523933
40119,3288.30693006069
40121,218.305125979931
40123,50.5973533496914
40125,4184.669695
40127,NA
40129,14435.565378371
40131,3314.31048687416
40133,469.253525027451
40135,2018.19105344493
40137,1629.89564579575
40139,154866.418691272
40141,79552.9999718609
40143,1067.62597207783
40145,8860.32825467789
40147,5628.89340597999
40149,123150.558793192
40151,129224.559252134
40153,33234.5824016998
41001,18496.4107046775
41003,7929.23756601914
41005,3299.39048710767
41007,NA
41009,398.707378381897
41011,NA
41013,5877.43784066315
41015,NA
41017,1772.41072442715
41019,1097.806038
41021,86171.5896946113
41023,763.055139404526
41025,630.19047610498
41027,NA
41029,1057.12147883097
41031,25858.3106695593
41033,496.68324
41035,19424.8479427737
41037,725.747182696838
41039,6644.25678506638
41041,NA
41043,13466.6926647892
41045,93427.1455909423
41047,14001.9514331517
41049,145559.379511189
41051,2454.38633622443
41053,20663.9324508929
41055,123738.085907069
41057,NA
41059,393572.696743916
41061,72284.8992028949
41063,19273.3452455512
41065,89375.8227239526
41067,37461.1670919973
41069,485.019448680542
41071,21539.3355297662
42001,15513.0542455774
42003,421.311363565613
42005,1757.99089417627
42007,764.457566017895
42009,1323.1853658667
42011,14186.0883949833
42013,NA
42015,NA
42017,4393.45042349271
42019,2425.05011997235
42021,3075.76837662845
42023,NA
42025,898.11216
42027,4582.57727626355
42029,8891.0756873764
42031,666.78024
42033,NA
42035,1133.4634141098
42037,5906.07777769159
42039,1361.17363011469
42041,8573.41922149823
42043,5676.13587949536
42045,NA
42047,NA
42049,2473.75518042554
42051,677.722805089526
42053,NA
42055,11746.4084812757
42057,1949.21264937616
42059,NA
42061,1384.11220307404
42063,1834.66923544696
42065,NA
42067,2183.73155392966
42069,987.608385785217
42071,15492.7847839261
42073,3008.37554171872
42075,7893.82833662652
42077,10226.1002570938
42079,1380.02965013293
42081,1745.91492943478
42083,NA
42085,3734.07316470004
42087,1910.84014419995
42089,796.845941280243
42091,2297.49384777316
42093,1502.16454418185
42095,7213.45712588425
42097,6183.81958373218
42099,3909.78475860455
42101,NA
42103,NA
42105,869.195677786423
42107,5762.51464136984
42109,2650.88526329532
42111,NA
42113,NA
42115,NA
42117,NA
42119,2478.60751642084
42121,NA
42123,NA
42125,715.455203333862
42127,NA
42129,2618.82383715488
42131,NA
42133,29326.3791676403
44001,NA
44003,NA
44005,NA
44007,NA
44009,NA
45001,301.525288704975
45003,1372.17325514816
45005,9414.34174083372
45007,2356.73889207452
45009,2323.41341720302
45011,1942.88037535166
45013,NA
45015,1209.43466168085
45017,4056.2327925787
45019,NA
45021,283.381604595474
45023,1035.3159509818
45025,3450.79807092715
45027,19464.0445127525
45029,787.026351639473
45031,18375.3250639674
45033,24631.9934480494
45035,880.437063459228
45037,661.939032316807
45039,NA
45041,10150.6973353268
45043,812.542027815747
45045,452.947898114172
45047,NA
45049,2687.48553453523
45051,10565.5857081983
45053,NA
45055,1578.83515439993
45057,664.398882
45059,514.178194536355
45061,24031.6874025358
45063,907.460262970569
45065,NA
45067,5824.92277109787
45069,7399.06703146106
45071,4008.35183291861
45073,902.465157896606
45075,17354.2432941549
45077,NA
45079,4827.16565017316
45081,1118.18846420708
45083,403.233562325432
45085,19136.8362933048
45087,NA
45089,5489.58546835506
45091,679.46611350357
46003,21182.1522968109
46005,53401.2061327155
46007,32987.1735505872
46009,7761.28028484801
46011,18699.5025931295
46013,98547.8891368598
46015,38724.5175820915
46017,8071.98012836471
46019,5418.969080044
46021,40968.9319221697
46023,60481.2064105992
46025,49456.0835354868
46027,944.378527388965
46029,47153.4308154823
46031,52989.4103575759
46033,2149.25496304507
46035,14431.5429089284
46037,91033.1079915651
46039,23546.9051490554
46041,21806.7757849836
46043,17497.6649139738
46045,100810.777681845
46047,6131.6342555
46049,80916.0154396098
46051,48296.1001815529
46053,17528.489162328
46055,85037.9708202459
46057,17893.5307830732
46059,87264.7439947642
46061,9045.92214531346
46063,12401.0526392946
46065,71428.1652233922
46067,13976.266016161
46069,47266.0222613928
46071,13847.4725508623
46073,16027.2649874473
46075,35235.3986563582
46077,37514.1921263979
46079,4030.01368863712
46081,208.4708832
46083,299.370730381897
46085,88997.4991201266
46087,1171.12552414313
46089,41053.5457108605
46091,27950.7917239301
46093,29673.1813930054
46095,16348.6677474381
46097,11760.0941072333
46099,863.639169730316
46101,3948.96815222571
46103,42669.1039846221
46105,45820.7471556996
46107,132523.914221474
46109,91539.8041645709
46111,7415.68971424055
46113,14248.6968874283
46115,123962.34055798
46117,61690.6038267921
46119,193745.249991179
46121,5323.42134739085
46123,58602.8481364404
46125,3005.80298032217
46127,489.87936
46129,66285.2368473224
46135,2347.45278702417
46137,32439.357140289
47001,NA
47003,1450.87326883987
47005,637.296768651581
47007,619.797333807587
47009,620.058610682907
47011,NA
47013,NA
47015,536.151068182831
47017,6026.51359816702
47019,NA
47021,NA
47023,899.960727698944
47025,NA
47027,NA
47029,NA
47031,3997.70072903166
47033,1653.73886567902
47035,247.413815822296
47037,NA
47039,655.894032
47041,454.289822665649
47043,NA
47045,27228.8745455328
47047,3801.97346154285
47049,NA
47051,11902.6324620777
47053,49184.5791350805
47055,250.24321842868
47057,740.866941408142
47059,168.241391644592
47061,693.874796365613
47063,303.258646979187
47065,NA
47067,NA
47069,1935.50460371204
47071,2646.45731675415
47073,NA
47075,3069.01823895071
47077,1159.95548978758
47079,12720.8280442888
47081,722.636842151678
47083,NA
47085,872.59761
47087,NA
47089,230.285165237732
47091,NA
47093,NA
47095,10500.1620786303
47097,7093.28837365233
47099,2306.06794762144
47101,NA
47103,3880.54099401018
47105,230.772644614609
47107,227.176430772034
47109,1018.69446627321
47111,313.129676756561
47113,4886.37178485498
47115,928.142151708221
47117,718.20944585105
47119,1141.05943587687
47121,NA
47123,307.678911349174
47125,8631.1771922926
47127,NA
47129,NA
47131,41721.7321584743
47133,NA
47135,317.514408651581
47137,NA
47139,964.151841385002
47141,NA
47143,220.143315026245
47145,NA
47147,36398.3767908072
47149,959.155501124847
47151,NA
47153,430.912391348419
47155,NA
47157,6459.94732317169
47159,479.32008182888
47161,NA
47163,612.3492
47165,3800.47280159335
47167,9985.68620171265
47169,NA
47171,NA
47173,NA
47175,NA
47177,876.802687926277
47179,NA
47181,NA
47183,32619.4955992871
47185,422.07930340052
47187,1047.6999479042
47189,609.627648
48001,824.768843942688
48003,386.935481775145
48005,NA
48007,NA
48009,5416.98632893027
48011,14390.2270252202
48013,1180.97848066004
48015,NA
48017,7399.93869661233
48019,NA
48021,52.1884004734135
48023,12256.7660264235
48025,480.883641452856
48027,12664.001319271
48029,4243.28939741685
48031,NA
48033,138.471494005414
48035,2707.74363276769
48037,1593.35974058675
48039,1385.39957906244
48041,211.320507319244
48045,4327.20168422755
48047,NA
48049,865.71033384379
48051,555.749267954124
48053,59.3793181332779
48055,351.591469188272
48057,NA
48059,3395.44261814749
48061,NA
48063,NA
48065,38844.8209609235
48067,NA
48069,36188.8411833385
48071,296.992309120449
48073,NA
48075,7494.98127371407
48077,4975.77744892033
48079,2235.10278804665
48081,559.33920777844
48083,11457.9512766928
48085,36517.5293897833
48087,2497.92680804399
48089,211.487266539368
48091,NA
48093,272.530166595811
48095,11952.5483603901
48097,15838.6715786044
48099,9490.91432777606
48101,1197.9514578357
48107,2167.15666031966
48109,642.286287572845
48111,70477.1018700175
48113,3813.12408088589
48115,504.740379506852
48117,51084.3844319311
48119,9331.80732533041
48121,16562.1369406036
48123,472.216767588974
48125,1247.24333900984
48127,437.392299062439
48129,2071.85829339144
48131,315.700032
48133,465.041278887965
48135,NA
48137,256.603476510406
48139,22993.1437673689
48141,171.108859476227
48143,85.925934133501
48145,5512.78552626025
48147,20858.6046377707
48149,NA
48151,1321.65336022607
48153,16164.9906560587
48155,18563.029998719
48157,475.471140170563
48159,73.3523059149322
48161,NA
48163,3473.71529273673
48165,8836.82084330829
48167,NA
48169,444.189801333355
48171,2145.86227573772
48173,1282.1835279451
48175,NA
48177,NA
48179,14493.27307829
48181,24937.1580529888
48183,NA
48185,NA
48187,6792.05569849724
48189,12292.9057686096
48191,519.626176600422
48193,1376.29134359229
48195,73943.3085050827
48197,17111.7182188822
48199,632.004840644348
48201,NA
48203,NA
48205,52811.92455698
48207,41993.4934840108
48209,959.498539418555
48211,2373.2208060641
48213,67.2762340945129
48215,NA
48217,34938.8415207603
48219,960.839269943735
48221,55.842254499836
48223,112.929085401516
48225,59.8768724274113
48227,341.182860573415
48229,1063.87938986755
48231,15654.0870488685
48233,23689.0583683981
48235,132.912882020035
48237,51.2979481170134
48239,236.775024
48241,NA
48245,NA
48247,NA
48249,734.456182318909
48251,4660.79530909056
48253,22361.9370720398
48255,1921.43377650073
48257,2707.16780106839
48259,NA
48261,NA
48263,449.828918035528
48265,NA
48267,44.6334527351131
48269,793.618858812584
48271,112.600776553912
48273,544.3104
48275,43535.5508302439
48277,16677.0903304533
48279,4669.74348004197
48281,573.141080593468
48283,428.415361712982
48285,NA
48287,NA
48289,NA
48291,1034.18973534299
48293,717.908747312382
48295,9742.58320386987
48297,138.043164864706
48299,746.482852083252
48303,1773.70277464838
48305,526.456551850365
48307,17834.1570511359
48309,25675.8817477995
48311,426.376479956742
48313,NA
48315,NA
48317,227.500505471102
48319,194.044364585022
48321,NA
48323,NA
48325,8459.35544255759
48327,693.811452778519
48329,273.979774486172
48331,3273.53727876326
48333,506.933737195885
48335,722.297879617691
48337,577.101719567287
48339,NA
48341,51320.8537125259
48343,NA
48345,233.888294559211
48347,NA
48349,2027.4563605276
48351,NA
48353,2477.61489816848
48355,NA
48357,73130.6659261724
48359,8670.15473549904
48361,NA
48363,134.940021320889
48365,NA
48367,60.4884643383212
48369,51234.7717509176
48371,816.641230334797
48373,NA
48375,4925.15653655907
48377,NA
48379,68.0387998377828
48381,14902.0673829714
48383,565.918718573894
48385,NA
48387,375.558605101147
48389,902.99719864633
48391,NA
48393,4352.99896723957
48395,118.717817675713
48397,3700.52661252345
48399,30834.0163783549
48401,NA
48403,NA
48405,NA
48407,NA
48409,NA
48411,4715.30116017499
48413,1528.93599184065
48415,726.925473903819
48417,4540.72431582859
48419,NA
48421,85177.5750970077
48423,NA
48425,NA
48427,NA
48429,286.334335756675
48431,246.444809518357
48433,5388.4903621146
48435,93.5836230924774
48437,20882.1517581659
48439,2378.75562612114
48441,22277.9908143645
48445,2128.61891254545
48447,12724.1853637608
48449,NA
48451,11349.9686143093
48453,1407.83626559997
48455,NA
48457,NA
48459,NA
48461,1665.56346555318
48463,8013.39089248968
48465,NA
48467,73.438345064193
48469,138.171099142639
48471,NA
48473,NA
48477,603.147766240723
48479,NA
48481,181.565616847321
48483,1599.93932273071
48485,34558.642620609
48487,47246.0388923787
48489,NA
48491,4064.84068948135
48493,1374.42133381546
48497,935.331409021583
48499,52.5754364029617
48501,3353.88002347358
48503,5000.6229483844
48505,NA
48507,5529.27580416557
49001,NA
49003,71513.5939290069
49005,19419.5212302207
49007,NA
49009,NA
49011,6803.00073222883
49013,NA
49015,NA
49017,NA
49019,NA
49021,1524.06916152759
49023,3428.80011392546
49025,NA
49027,3918.96758194835
49029,737.087017303161
49031,NA
49033,1211.09064
49035,4155.54427451437
49037,9870.88787479468
49039,981.014794569031
49041,NA
49043,846.705035665169
49045,2036.05157810599
49047,485.797032
49049,12620.7014403436
49051,NA
49053,NA
49055,NA
49057,4710.90195937622
50001,NA
50003,NA
50005,NA
50007,NA
50009,NA
50011,NA
50013,NA
50015,NA
50017,NA
50019,NA
50021,NA
50023,NA
50025,NA
50027,NA
51001,19469.7650296912
51003,449.05608
51005,NA
51007,1327.38361034187
51009,NA
51011,1217.48240229415
51015,2241.31860755417
51017,NA
51019,574.61034352362
51021,NA
51023,544.3104
51025,712.01661108479
51027,NA
51029,NA
51031,1026.98960775092
51033,11032.1872598341
51035,NA
51036,10112.1719549874
51037,974.495870821029
51041,834.000156801452
51043,789.649239022046
51045,NA
51047,1237.62794873773
51049,NA
51051,NA
51053,2322.18097356181
51057,13209.8229895192
51059,NA
51061,1223.45507699593
51063,NA
51065,NA
51067,320.073952663349
51069,627.738908796387
51071,NA
51073,1785.39788265725
51075,2541.51970801068
51077,NA
51079,NA
51081,729.32528480105
51083,2456.49253415738
51085,12109.6471779859
51087,3105.66060056384
51089,NA
51091,NA
51093,6980.09943823746
51095,1379.42619025919
51097,5681.10001813916
51099,2150.94731935818
51101,9016.42036981552
51103,4055.67633466711
51105,NA
51107,3122.17146425684
51109,859.702674939354
51111,357.109198782806
51113,937.333340265503
51115,NA
51117,987.261938855186
51119,3626.511034896
51121,NA
51125,NA
51127,3761.09384417892
51131,14288.1572450793
51133,16223.9710510985
51135,NA
51137,933.534209651123
51139,NA
51141,NA
51143,3574.86990692919
51145,800.136288
51147,531.509043465454
51149,5077.80898172021
51153,549.805700717346
51155,759.766582696838
51157,NA
51159,9852.17303754449
51161,NA
51163,NA
51165,1355.67886146956
51167,NA
51169,NA
51171,826.473138226099
51173,NA
51175,4085.70950583128
51177,845.608877348419
51179,NA
51181,8417.87230648917
51183,4685.66471503531
51185,NA
51187,NA
51191,NA
51193,13855.7400635167
51195,NA
51197,NA
51199,NA
51515,NA
51520,NA
51530,NA
51540,NA
51550,10303.8177120506
51570,NA
51590,NA
51595,NA
51620,NA
51630,NA
51640,NA
51660,NA
51680,NA
51690,NA
51700,NA
51730,NA
51750,NA
51770,NA
51775,NA
51790,NA
51800,6002.7322626087
51810,5509.5152300116
51820,NA
51830,NA
51840,NA
53001,392495.307479764
53003,28580.8949865635
53005,113342.526041349
53007,NA
53009,NA
53011,NA
53013,159620.208651172
53015,NA
53017,211759.954112662
53019,NA
53021,123249.540916714
53023,112940.428274557
53025,349722.628561853
53027,NA
53029,NA
53031,NA
53033,NA
53035,NA
53037,NA
53039,36612.1547398584
53041,NA
53043,582942.322039519
53045,NA
53047,12139.3355637561
53049,NA
53051,NA
53053,NA
53055,NA
53057,15199.8680861103
53059,NA
53061,1646.53892885431
53063,222238.445682263
53065,9447.44444095999
53067,NA
53069,NA
53071,412919.314824557
53073,NA
53075,912936.712523164
53077,41142.4575418281
54001,NA
54003,1177.67603913846
54005,NA
54007,NA
54009,NA
54011,NA
54013,NA
54015,NA
54017,NA
54019,NA
54021,NA
54023,NA
54025,NA
54027,NA
54029,NA
54031,NA
54033,NA
54035,NA
54037,5713.69182078961
54039,NA
54041,NA
54043,NA
54045,NA
54047,NA
54049,NA
54051,NA
54053,441.280226041626
54055,NA
54057,NA
54061,NA
54063,NA
54065,NA
54067,NA
54069,NA
54071,NA
54073,NA
54075,NA
54077,NA
54079,NA
54081,NA
54083,NA
54085,NA
54087,NA
54089,NA
54091,NA
54093,NA
54095,NA
54097,NA
54099,NA
54101,NA
54103,NA
54105,NA
54107,NA
54109,NA
55001,703.974775348419
55003,NA
55005,2939.00490093074
55007,NA
55009,13003.4034210459
55011,NA
55013,845.38209
55015,11882.6625994789
55017,NA
55019,525.512262518005
55021,9123.36551905533
55023,NA
55025,12854.6535772427
55027,15341.4068407686
55029,11829.9466540498
55031,NA
55033,940.72107956076
55035,NA
55037,NA
55039,18341.0986472115
55041,NA
55043,1028.01362918687
55045,6618.87601999747
55047,4526.03636833002
55049,1308.26912521207
55051,NA
55053,NA
55055,6827.25250164648
55057,1072.90710594026
55059,7226.1099157428
55061,10300.0939695811
55063,NA
55065,1544.51314632761
55067,3087.52913832626
55069,NA
55071,18306.7655633854
55073,1265.49089248453
55075,1050.89707167783
55077,931.203763608719
55078,NA
55079,762.03456
55081,714.310215062439
55083,4920.22860261807
55085,NA
55087,9773.66118232547
55089,6611.34294323917
55091,NA
55093,680.388
55095,1148.55960245435
55097,NA
55099,NA
55101,14521.497977358
55103,NA
55105,11698.5156018136
55107,NA
55109,2406.28288161122
55111,2695.31222085666
55113,NA
55115,3429.97327087884
55117,16517.6811992329
55119,NA
55121,1124.10174961328
55123,927.629655420273
55125,NA
55127,9147.53168731
55129,946.365690990051
55131,7382.76901395917
55133,2424.902832
55135,1519.6634062912
55137,988.77428016909
55139,10101.4536014976
55141,NA
56001,NA
56003,801.15687
56005,2193.17551031624
56007,NA
56009,NA
56011,1485.31168955553
56013,963.429408
56015,16950.7553108993
56017,NA
56019,NA
56021,49916.8976951946
56023,NA
56025,451.916957706242
56027,1379.0566310636
56029,NA
56031,5374.57199760242
56033,420.532123684719
56035,NA
56037,NA
56039,NA
56041,NA
56043,NA
56045,167.891297208092
