1001,0.535361912076301
1003,1.008335016
1005,0.482593206279297
1007,NA
1009,NA
1011,NA
1013,0.121335861081448
1015,1.06140528
1017,0.635028817303162
1019,0.664262015721893
1021,NA
1023,NA
1025,NA
1027,NA
1029,NA
1031,0.08845044
1033,0.37683028690567
1035,NA
1037,NA
1039,0.157205435162659
1041,NA
1043,0.795675955131225
1045,0.272530581276894
1047,0.351698455804539
1049,0.769893569492493
1051,0.320856652743988
1053,0.910790667547668
1055,NA
1057,NA
1059,0.680388
1061,0.654878312188415
1063,NA
1065,NA
1067,0.724216921363602
1069,0.791531449950256
1071,0.8164656
1073,NA
1075,NA
1077,0.880671715094604
1079,0.649097436198463
1081,0.62206904340271
1083,0.894192673784332
1085,0.238369232086916
1087,0.352200845532074
1089,1.18591690691382
1091,NA
1093,0.453591982696838
1095,0.666064044837341
1097,NA
1099,0.562454078918552
1101,0.468711710262451
1103,0.976588426076202
1105,NA
1107,0.5443104
1109,0.328854197837105
1111,NA
1113,0.471323328355408
1115,NA
1117,NA
1119,NA
1121,1.04999876766037
1123,NA
1125,0.926848653861236
1127,NA
1129,0.587924989263496
1131,NA
1133,NA
4001,NA
4003,2.49175653153931
4005,NA
4007,NA
4009,2.68072872
4011,NA
4012,2.60057466150879
4013,2.50781479989441
4015,NA
4017,NA
4019,2.41205264940399
4021,2.51186176715332
4023,NA
4025,NA
4027,2.69090895900586
5001,1.69356800161224
5003,1.12436383368109
5005,NA
5007,NA
5009,NA
5011,NA
5013,NA
5015,NA
5017,1.1130187562168
5019,NA
5021,1.2692624332077
5023,NA
5025,NA
5027,NA
5029,0.994982751023865
5031,1.13296520417725
5033,0.754453499844208
5035,1.30399282011871
5037,1.29137173830383
5039,NA
5041,1.22908309036743
5043,1.09787409133466
5045,0.965347463465698
5047,NA
5049,NA
5051,NA
5053,NA
5055,1.26337288687408
5057,NA
5059,NA
5061,NA
5063,1.05849390193512
5065,NA
5067,1.13995959198669
5069,1.22721173613495
5071,0.9695529
5073,0.702307861431122
5075,1.17415979272247
5077,1.36695270960388
5079,1.15861899271881
5081,0.635514789574661
5083,1.08499207784253
5085,1.34972324214813
5087,NA
5089,NA
5091,0.764005165167541
5093,1.21021814537842
5095,1.29419108085205
5097,NA
5099,NA
5101,NA
5103,NA
5105,0.960103072434387
5107,1.0768839356987
5109,NA
5111,1.24532406280609
5113,NA
5115,0.94826104124707
5117,1.48991324996429
5119,1.07531678315973
5121,1.21766167135406
5123,1.41732598517212
5125,NA
5127,NA
5129,NA
5131,1.16637944340271
5133,NA
5135,NA
5137,NA
5139,NA
5141,NA
5143,NA
5145,1.08551121421875
5147,1.21737997588287
5149,1.0110565576181
6001,0.650904523460632
6003,NA
6005,NA
6007,1.17548367492126
6009,NA
6011,1.90839023107361
6013,0.971615653154755
6015,NA
6017,NA
6019,1.88104808653686
6021,1.44163346661743
6023,NA
6025,2.57148164465393
6027,NA
6029,1.17658649192718
6031,1.53782942467285
6033,NA
6035,0.717524953887176
6037,NA
6039,0.785870807141724
6041,NA
6043,NA
6045,NA
6047,0.695655557126923
6049,1.3155979987085
6051,NA
6053,0.616561126950226
6055,NA
6057,NA
6059,NA
6061,1.06571440313484
6063,NA
6065,1.07310280556335
6067,1.51152188807892
6069,0.794693194381897
6071,NA
6073,1.31314881404526
6077,1.52568423171204
6079,0.677018461900452
6081,NA
6083,1.16119552
6085,NA
6087,NA
6089,1.159381152
6091,NA
6093,1.71443933470703
6095,1.82937442646332
6097,0.882992415131226
6099,0.69164679092308
6101,1.69609028348175
6103,0.853508935131225
6107,0.679684025195236
6109,NA
6111,NA
6113,2.02250077526916
6115,1.613880336
8001,0.652426272503509
8003,2.41391998930298
8005,0.502553605778961
8007,NA
8009,0.528743182394333
8011,0.759317262847442
8013,1.11140657219971
8015,NA
8017,0.444759090707245
8021,2.23581255984314
8023,2.27285098087646
8025,0.533121798486877
8027,NA
8029,2.16833173489593
8031,NA
8033,0.405316399692459
8035,0.730665710206604
8037,NA
8039,0.647957012933655
8041,0.606258107304977
8043,NA
8045,0.374383706368256
8049,NA
8051,NA
8055,NA
8057,NA
8059,NA
8061,0.393512535927191
8063,0.63248151073616
8065,NA
8067,0.271279678947306
8069,0.808981787938309
8071,0.5606199915867
8073,0.697841188683929
8075,0.768631736431274
8077,2.46635247952942
8081,0.609249403482437
8083,0.508299998730698
8085,1.56352441204224
8087,0.845606899597046
8089,1.40489906213379
8091,NA
8093,NA
8095,0.820041322573425
8097,NA
8099,0.577031690860443
8101,0.582217483004608
8103,0.550060482850952
8105,2.48002187339111
8107,0.645400116089325
8109,2.47455528554016
8113,0.478854906659912
8115,0.885871470890198
8119,NA
8121,0.68548461164917
8123,0.724857177275696
8125,0.773228174239044
9001,NA
9003,NA
9005,NA
9007,NA
9009,NA
9011,NA
9013,NA
9015,NA
10001,1.64649654995087
10003,1.56659193383759
10005,1.5526758314975
12001,NA
12003,NA
12005,NA
12007,NA
12009,NA
12011,NA
12013,NA
12015,NA
12017,NA
12019,NA
12021,NA
12023,NA
12027,NA
12029,NA
12031,NA
12033,NA
12035,NA
12039,NA
12041,NA
12043,NA
12045,NA
12047,NA
12049,NA
12051,NA
12053,NA
12055,NA
12057,NA
12059,NA
12061,NA
12063,NA
12065,NA
12067,NA
12069,NA
12071,NA
12073,NA
12075,NA
12077,NA
12079,NA
12081,NA
12083,NA
12085,NA
12089,NA
12091,NA
12093,NA
12095,NA
12097,NA
12099,NA
12101,NA
12105,NA
12107,NA
12109,NA
12111,NA
12113,NA
12115,NA
12117,NA
12119,NA
12121,NA
12123,NA
12125,NA
12127,NA
12129,NA
12131,NA
12133,NA
13001,0.173135768266525
13003,0.289138278220688
13005,0.36740952
13007,0.740488022932434
13009,NA
13011,NA
13013,NA
13015,0.894224222638916
13017,1.01249620661972
13019,0.497713526478195
13021,0.878701006108093
13023,0.454250283211029
13025,NA
13027,0.594058200881958
13029,NA
13031,0.839679305341339
13033,1.01533917663513
13035,NA
13037,0.978282760313721
13039,NA
13043,0.91950243913623
13045,0.2721552
13047,NA
13049,NA
13051,NA
13053,NA
13055,0.47594760046154
13057,NA
13059,NA
13061,1.04149994435156
13063,NA
13065,NA
13067,NA
13069,0.421760318750877
13071,0.633233470668732
13073,NA
13075,0.208984850429718
13077,0.631400064
13079,0.624948981622925
13081,0.517123300442963
13083,NA
13085,NA
13087,0.85825293862709
13089,NA
13091,0.582862079414795
13093,0.925271228435211
13095,0.919279775131225
13097,NA
13099,1.23450860916428
13101,NA
13103,NA
13105,0.422056546714935
13107,0.923355543502655
13109,0.68265596432579
13111,NA
13113,NA
13115,0.46833374432579
13117,NA
13119,0.621197474500275
13121,NA
13123,NA
13125,1.1056305
13127,NA
13129,0.972330254696228
13131,0.631638714828606
13133,0.10886208
13135,NA
13137,NA
13139,0.2721552
13141,NA
13143,NA
13145,NA
13147,0.556908979053192
13149,0.1360776
13151,0.637620753049774
13153,1.01024915749054
13155,0.598176811881561
13157,0.538506474035873
13159,NA
13161,1.39965526979187
13163,1.21905248218201
13165,0.777221787199097
13167,0.798451191920471
13169,NA
13171,1.02273328478119
13173,NA
13175,0.927718786601257
13177,0.927514176715088
13179,NA
13181,NA
13183,NA
13185,0.155517260850677
13187,0.5443104
13189,NA
13191,NA
13193,0.961023064234619
13195,0.39462504
13197,0.943734748726196
13199,0.340514718426437
13201,0.777552377079239
13205,0.513374459737518
13207,0.229393352717648
13209,0.502737475663033
13211,0.495362643239021
13213,1.0886208
13215,NA
13217,0.661903958159332
13219,0.550700284555054
13221,0.40022822766037
13223,NA
13225,0.933349252695923
13227,NA
13229,0.575313972481441
13231,0.416548654054298
13233,0.483831489737549
13235,0.930099632427673
13237,0.583189695746613
13239,NA
13243,1.20271372957703
13245,0.566990017303162
13247,NA
13249,0.773084908386612
13251,0.701321563915558
13253,0.999975976282348
13255,1.1970758058197
13257,NA
13259,0.739051765350494
13261,1.15062061491104
13263,NA
13265,NA
13267,1.05816534950226
13269,0.710138701376495
13271,0.532430607257919
13273,1.02176115855499
13275,0.850485
13277,0.529406667800903
13279,0.448612003008575
13283,0.673006004067078
13285,NA
13287,0.628106259243393
13289,1.17922140007568
13291,NA
13293,0.384295031748413
13295,0.82026695753128
13297,0.489717363475113
13299,0.907183965393677
13301,0.681100789900452
13303,0.933777575158691
13305,0.77564232
13307,0.751177764779281
13309,0.762732379205017
13311,NA
13313,NA
13315,0.797742861044769
13317,0.0903080053429871
13319,0.690971807565613
13321,0.486032084203567
16001,2.83884473404297
16003,NA
16005,1.33280017907837
16007,0.547961181093063
16009,1.77220547259369
16011,2.76110758116699
16013,1.82274957362503
16015,NA
16017,NA
16019,1.56059718428131
16021,1.95061337145508
16023,2.03928200432312
16025,0.451331908612747
16027,3.03917073806457
16029,1.43776461810425
16031,2.40264344966186
16033,2.33988716647949
16035,1.52362795859131
16037,NA
16039,2.39754725328857
16041,1.06587447900879
16043,1.94355888976532
16045,2.73909747509644
16047,2.63018673860596
16049,1.81289482612274
16051,2.35608161071655
16053,2.92888536920227
16055,1.6782899501178
16057,1.97886078280151
16059,2.12281056
16061,1.77593956408417
16063,2.27235721785644
16065,2.18151305847778
16067,2.57425703717163
16069,1.91050209925262
16071,0.720283908401337
16073,2.37250781350037
16075,2.54545436736877
16077,1.72558177484558
16079,NA
16081,1.12174698484238
16083,2.95942416902954
16085,NA
16087,2.15660287330688
17001,1.5812381776886
17003,1.42419402529541
17005,1.49744230546783
17007,1.89676970457947
17009,1.63061665988892
17011,1.80313693306763
17013,1.46189161027069
17015,NA
17017,1.38137743837982
17019,2.14345406236572
17021,1.75677988050073
17023,1.61265488802704
17025,1.40087280675934
17027,1.48261778714264
17029,1.60392455360669
17031,NA
17033,1.64625932360504
17035,1.53588922116028
17037,1.96723215842773
17039,NA
17041,1.4283837436377
17043,NA
17045,1.57357374224853
17047,1.40036421492981
17049,1.55186419209534
17051,1.48278176920532
17053,1.93834157126068
17055,1.44331531662384
17057,1.58207597947113
17059,1.51688472617279
17061,1.50678801990997
17063,1.84482343319458
17065,1.49482622315918
17067,1.77760765807709
17069,NA
17071,1.35079503112463
17073,1.69235356191071
17075,2.0070164700882
17077,1.40575131205627
17079,1.51256807183685
17081,1.42930447947388
17083,1.56862813529083
17085,1.31129328355408
17087,1.05517078475757
17089,1.89782836391693
17091,1.98222899893951
17093,2.02231680805481
17095,1.91894529808777
17097,1.66550957539703
17099,2.01368647552673
17101,1.44292445550598
17103,1.7267362487102
17105,2.07162043677795
17107,1.94678994028052
17109,1.77281950989014
17111,1.78141516688232
17113,1.95779269545593
17115,NA
17117,1.59199865053436
17119,1.4772739133139
17121,1.47854754713135
17123,1.53895362838654
17125,1.54606014068329
17127,1.21845293628342
17129,1.92275953782288
17131,1.23944012269684
17133,1.46496961778198
17135,1.62003216019684
17137,1.91362453436169
17139,1.62590300181274
17141,1.97182732445312
17143,1.68341412570343
17145,1.26487462827118
17147,1.85374802328918
17149,1.54772216126648
17151,NA
17153,1.27151751100388
17155,NA
17157,1.40465036379181
17159,1.45780804682495
17161,NA
17163,1.46700355252106
17165,1.47516708381555
17167,1.64716698690262
17169,1.64563931671783
17171,1.64538541012421
17173,1.60616786352264
17175,NA
17177,1.61040203368713
17179,1.80410108253632
17181,1.24633918738892
17183,2.03102559311768
17185,1.44689269337952
17187,NA
17189,1.44841774213531
17191,1.43703310964355
17193,1.47805989212738
17195,1.69836943862732
17197,1.92311933976562
17199,0.971422119022339
17201,1.77055443951813
17203,1.88434297187592
18001,1.85553606279846
18003,1.86845740637695
18005,1.65866402938385
18007,NA
18009,NA
18011,2.06127581081543
18013,NA
18015,2.02904081666077
18017,1.81293796290466
18019,1.63238687714172
18021,1.63225819352875
18023,1.97162172828674
18025,NA
18027,1.53014121468872
18029,1.13171200539368
18031,1.73760655510468
18033,1.5959587732251
18035,1.89918667940735
18037,1.33434237526733
18039,1.54420662601044
18041,NA
18043,NA
18045,1.80983208
18047,1.4930610411264
18049,1.75949285705383
18051,1.62035048646118
18053,1.83770127883972
18055,1.33768406565857
18057,1.9110374071637
18059,1.92611370379364
18061,1.25211646215836
18063,1.87159891649139
18065,1.95236249615387
18067,1.93327160648041
18069,1.80692279561768
18071,1.42789911668701
18073,NA
18075,1.79973180928589
18077,1.58501236060455
18079,1.78756483164459
18081,1.83753002944916
18083,1.51281943486572
18085,1.72023733001251
18087,1.51202859386383
18089,1.94582472147644
18091,1.52211474865869
18093,NA
18095,2.01211033053467
18097,NA
18099,1.55888538250214
18101,NA
18103,1.81251476217773
18105,NA
18107,1.94766617584564
18109,NA
18111,NA
18113,1.53210050358856
18115,NA
18117,1.85065536
18119,1.52193328694214
18121,1.805579655
18123,NA
18125,NA
18127,1.76893901634918
18129,1.61875120714203
18131,1.60234194415344
18133,1.7823497452478
18135,1.85369791333313
18137,1.41493519867935
18139,1.93892006786316
18141,1.72207717518768
18143,NA
18145,1.81902741266449
18147,1.44461803705597
18149,NA
18151,1.58401303380829
18153,1.53939861379395
18155,NA
18157,1.87595142297821
18159,2.22278850469727
18161,NA
18163,1.59127866597931
18165,NA
18167,1.48882278741577
18169,1.82730304768249
18171,1.80250474475464
18173,1.37753639604736
18175,1.07918654527985
18177,1.75551269730194
18179,1.89113489539124
18181,1.88060164766388
18183,1.78253606569214
19001,NA
19003,NA
19005,NA
19007,1.25191392
19009,NA
19011,NA
19013,NA
19015,NA
19017,NA
19019,NA
19021,NA
19023,NA
19025,NA
19027,NA
19029,NA
19031,NA
19033,NA
19035,NA
19037,NA
19039,1.04507600952759
19041,NA
19043,0.333748217581329
19045,NA
19047,NA
19049,NA
19051,1.15325124917862
19053,0.965243789842529
19055,0.912520364256592
19057,1.46949003414917
19059,NA
19061,NA
19063,NA
19065,NA
19067,NA
19069,NA
19071,NA
19073,NA
19075,NA
19077,NA
19079,NA
19081,NA
19083,NA
19085,0.93682182420166
19087,1.49624392310028
19089,NA
19091,NA
19093,NA
19095,0.9185238
19097,NA
19099,NA
19101,1.32100065137726
19103,1.21800417878677
19105,NA
19107,1.41536526010986
19109,NA
19111,1.44239922668655
19113,NA
19115,1.33724143348114
19117,NA
19119,NA
19121,NA
19123,1.2246984
19125,NA
19127,NA
19129,1.09695938391998
19131,NA
19133,NA
19135,1.3636188402417
19137,NA
19139,1.23896567000519
19141,NA
19143,NA
19145,1.21559839045288
19147,NA
19149,NA
19151,NA
19153,NA
19155,0.597904036190186
19157,NA
19159,0.755986689737549
19161,NA
19163,NA
19165,NA
19167,NA
19169,NA
19171,NA
19173,NA
19175,NA
19177,1.24490416698303
19179,0.534230564319763
19181,NA
19183,1.56769442208343
19185,1.21562659460632
19187,NA
19189,NA
19191,NA
19193,NA
19195,NA
19197,NA
20001,1.00033418633423
20003,1.16312823124359
20005,1.21279219830749
20007,0.928169326323547
20009,1.05150763796005
20011,1.06545747281372
20013,1.48010564492584
20015,0.996324334356995
20017,1.00090506954559
20019,0.824720843242035
20021,1.22300898851196
20023,0.599455651787758
20025,0.74604815167511
20027,1.24564579779327
20029,1.21906796851166
20031,1.14624648812378
20033,0.784446376270752
20035,0.950500829969635
20037,1.09844101039169
20039,0.866282496732101
20041,1.2000033623407
20043,1.26840319280792
20045,1.15646158261841
20047,0.955282377000427
20049,0.831688021829834
20051,0.914263986549988
20053,1.14099796336716
20055,0.914316112324371
20057,0.834611546714172
20059,1.13949144629745
20061,1.25053227119614
20063,0.824227114828338
20065,0.835653547432785
20067,0.938597976438904
20069,0.957457064307709
20071,0.551138439539413
20073,1.01924836746963
20075,0.665985635560455
20077,0.95742601378418
20079,1.1842510830957
20081,0.92789749365448
20083,0.827174950654755
20085,1.25810765591492
20087,1.37248203871887
20089,1.11295063713013
20091,1.16421287992981
20093,0.849021861956482
20095,0.995340026705017
20097,0.913245583018036
20099,1.07031711766449
20101,0.701592133453827
20103,1.0486972844043
20105,1.15553781872894
20107,1.06904118252655
20109,0.683105591306305
20111,1.04042253184753
20113,1.22391664315796
20115,1.10726628899017
20117,1.30812010865387
20119,0.801472782473297
20121,1.1016049886615
20123,1.17713470799683
20125,0.959539690143585
20127,1.03611093003479
20129,0.782343016921463
20131,1.37014605999054
20133,1.01392223803314
20135,0.809137486112366
20137,0.827855877648239
20139,1.15934540539841
20141,1.01838569239227
20143,1.1544345172345
20145,1.00699776364822
20147,0.906635593595581
20149,1.23498552755646
20151,1.06692568068359
20153,0.789403957016296
20155,1.05509952341675
20157,1.18986689341248
20159,1.2406893590564
20161,1.17329695326508
20163,0.812184771860199
20165,0.932837182930908
20167,1.03445029370453
20169,1.18962155188385
20171,0.845311917028046
20173,1.00629920905884
20175,0.779994791880493
20177,1.18353491388779
20179,0.839449056495438
20181,0.684923288434601
20183,0.997599992644348
20185,1.09824803688171
20187,0.922253630586929
20189,0.97383734450058
20191,1.00123159750854
20193,0.795541005610847
20195,0.869360768116608
20197,1.12282176207489
20199,0.678543123930588
20201,1.26033967724823
20203,0.827707239164123
20205,1.06028064370728
20207,1.03327938010605
20209,1.2245364078009
21001,NA
21003,0.533599020549545
21005,NA
21007,1.28722192105225
21009,0.515373855635681
21011,NA
21013,NA
21015,NA
21017,0.35782843065033
21019,NA
21021,NA
21023,NA
21027,0.698177025747833
21029,0.834196924029617
21031,0.716926126069794
21033,1.40125878838562
21035,1.30013103129547
21037,NA
21039,1.14215446343201
21041,NA
21043,NA
21045,0.22963095
21047,1.62679018681854
21049,0.35380176
21051,NA
21053,NA
21055,1.03045793522369
21057,NA
21059,1.39991417699921
21061,0.53070264
21063,NA
21065,NA
21067,0.263176779769592
21069,0.133820270629921
21073,NA
21075,1.46848541258545
21077,NA
21079,NA
21081,NA
21083,1.41242602395477
21085,0.436182470653473
21087,0.163514027301521
21089,NA
21091,1.23601349973679
21093,0.853762720602722
21095,NA
21097,0.434850413575973
21099,0.21772416
21101,1.41660925361145
21103,0.29900741070639
21105,1.39640601289001
21107,1.28933254340363
21109,NA
21111,NA
21113,NA
21117,NA
21121,NA
21123,0.537783610667305
21125,NA
21127,NA
21129,NA
21135,0.289713609209747
21137,0.368184048446274
21139,1.02556198833984
21141,1.69091767634674
21143,1.03902822578094
21145,1.24804135130707
21147,NA
21149,1.53887325520081
21151,NA
21153,NA
21155,0.448496069662819
21157,1.22092478808838
21159,NA
21161,0.407843997958374
21163,1.24664891398193
21165,NA
21167,0.294710789322109
21169,0.203440240027542
21171,NA
21173,0.279873024345245
21175,NA
21177,1.12271116891739
21179,0.71071395796196
21181,0.213836230425339
21183,0.728128993174515
21185,1.25031076477264
21187,0.433936343782806
21189,NA
21191,NA
21195,NA
21197,NA
21199,0.222037049167969
21201,NA
21203,NA
21205,NA
21207,0.359044570387497
21209,NA
21211,0.813442867438507
21213,1.60237475094788
21215,0.521921081299988
21217,0.332071559388565
21219,1.6161093258194
21221,1.574286597901
21223,0.556285226031494
21225,1.4860976086731
21227,1.59757066654907
21229,0.286237734530457
21231,0.694944284713745
21233,1.35927131706543
21235,NA
21237,NA
21239,0.258078204211578
22001,1.32075316425659
22003,NA
22005,NA
22007,NA
22009,1.18792040885223
22011,0.97774276324585
22013,NA
22015,1.01046095684036
22017,1.02532597321533
22019,NA
22021,0.787817689674682
22023,NA
22025,1.07976448818115
22027,NA
22029,1.01984089693619
22031,1.190679
22033,NA
22035,1.30956002585449
22037,NA
22039,1.16919233533228
22041,1.18077155571899
22043,1.12909073213654
22045,NA
22047,1.17697551890991
22049,NA
22053,1.17795894410065
22055,NA
22057,NA
22059,NA
22061,NA
22063,NA
22065,1.16515579841919
22067,1.04328271850876
22069,1.02242432817886
22071,NA
22073,0.928991295713196
22075,NA
22077,1.41590267900665
22079,1.27017131637817
22081,1.10541468112573
22083,1.13453534497223
22085,NA
22089,NA
22091,NA
22093,NA
22095,NA
22097,1.06162219243408
22099,1.1462524750177
22101,NA
22103,NA
22105,NA
22107,1.2197381372644
22109,NA
22111,NA
22113,NA
22115,NA
22117,NA
22119,NA
22121,1.18603997911148
22123,1.21660328886719
22125,1.360776
22127,NA
23001,NA
23003,NA
23005,NA
23007,NA
23009,NA
23011,NA
23013,NA
23015,NA
23017,NA
23019,NA
23021,NA
23023,NA
23025,NA
23027,NA
23029,NA
23031,NA
24001,NA
24003,1.27020952175903
24005,1.2520191924353
24009,1.22035914773499
24011,1.46538215976135
24013,1.38322605625793
24015,1.44727346675415
24017,1.24735547128357
24019,1.51367808695801
24021,1.40415969803772
24023,NA
24025,1.41072905098511
24027,1.42634179753479
24029,1.57200874914413
24031,1.46451115321167
24033,0.937891187274902
24035,1.58573922316635
24037,1.27496088342438
24039,1.56063198093933
24041,1.52205212505615
24043,1.30359716602509
24045,1.2797999894223
24047,1.37814718034943
25003,NA
25005,NA
25007,NA
25009,NA
25011,NA
25013,NA
25015,NA
25017,NA
25023,NA
25027,NA
26001,1.50498641472198
26003,NA
26005,1.49097604475738
26007,1.4831522160531
26009,NA
26011,1.9021726860083
26013,NA
26015,1.67146011537537
26017,2.03369806643005
26019,NA
26021,1.43892650810394
26023,1.40038195067047
26025,1.47379564906799
26027,0.999808249815491
26029,NA
26031,NA
26033,NA
26035,1.55355256539368
26037,1.83698169225739
26039,NA
26041,1.20525871319458
26043,NA
26045,1.74829786721344
26047,NA
26049,1.68348373632263
26051,1.41688418354645
26053,NA
26055,1.21015753586389
26057,1.89689179568787
26059,1.57594169721954
26061,NA
26063,2.15238761549805
26065,1.86657888863556
26067,1.70618058757477
26069,1.52932666835541
26071,NA
26073,1.83267685598083
26075,1.44560364244507
26077,1.4270598614389
26079,NA
26081,1.48264325739655
26083,NA
26085,NA
26087,1.72744925316986
26089,NA
26091,1.9296367140155
26093,1.76035074780701
26095,NA
26097,NA
26099,1.7131455427063
26101,NA
26103,NA
26105,1.48004949616638
26107,1.22198457213135
26109,NA
26111,1.97658562468628
26113,1.15356693671082
26115,1.90143740545837
26117,1.51945016212738
26119,1.65787875307874
26121,1.30129397678802
26123,1.27022942904648
26125,1.31129324894775
26127,1.46504287936829
26129,1.82583449374939
26131,NA
26133,1.0886208
26135,NA
26137,NA
26139,1.41506690169403
26141,1.32481205339386
26143,NA
26145,1.95397482205688
26147,1.71193894133697
26149,1.4920533915094
26151,1.91484410272034
26153,NA
26155,1.64581954644928
26157,2.00327080278259
26159,1.08823767685602
26161,1.61728052492004
26163,1.19229899120361
26165,NA
27001,0.886850604896851
27003,0.90491604
27005,1.23070043418732
27007,1.0254345505545
27009,0.9355335
27011,1.39751604531433
27013,NA
27015,1.21390707561707
27017,NA
27019,1.14411023113846
27021,NA
27023,1.38081970557129
27025,NA
27027,1.31965392900513
27029,1.01132970532745
27033,1.18619119144089
27035,NA
27037,1.05875931513123
27039,NA
27041,1.241581769617
27043,NA
27045,NA
27047,NA
27049,1.06684840476379
27051,1.36722808942108
27053,NA
27055,NA
27057,1.04657761249939
27059,0.562454062696838
27061,NA
27063,NA
27065,1.15470578928113
27067,1.30640039932983
27069,1.05741064615341
27071,0.880727007347565
27073,1.38540218837921
27075,NA
27077,0.922892091296005
27079,1.23771927136414
27081,1.4339200113205
27083,1.36186192912018
27085,1.26249900799957
27087,1.21461812308914
27089,1.14119634411514
27091,NA
27093,1.14216990650375
27095,NA
27097,0.856051825066223
27099,NA
27101,1.34716824
27103,1.22689103068588
27105,NA
27107,1.23569265586243
27109,NA
27111,1.256053182323
27113,1.11751624935547
27115,NA
27117,1.45974153671082
27119,1.29698775625854
27121,1.2294204328064
27123,NA
27125,1.23712221712082
27127,1.29013095453873
27129,1.32954014230682
27131,NA
27133,NA
27135,0.912862296359176
27137,NA
27139,1.11243438
27141,NA
27143,1.2152207489505
27145,1.18483208865662
27147,1.14305184
27149,1.38326221986572
27151,1.40237875282471
27153,1.08141298634354
27155,1.3412267495752
27157,NA
27159,1.38799152
27161,NA
27163,NA
27165,NA
27167,1.24344679089233
27169,NA
27171,1.13091054890213
27173,1.42281504983002
28001,NA
28003,NA
28005,NA
28007,NA
28009,NA
28011,1.37539241320038
28013,NA
28015,NA
28017,0.991956151205749
28019,NA
28021,0.939982177459106
28023,NA
28025,NA
28027,1.31339212245239
28029,NA
28031,NA
28033,1.27425115964416
28035,NA
28037,NA
28039,NA
28041,NA
28043,NA
28045,NA
28047,NA
28049,NA
28051,NA
28053,1.26307718449356
28055,1.24326382726135
28057,NA
28059,NA
28061,NA
28063,NA
28065,NA
28067,NA
28069,NA
28071,NA
28073,NA
28075,NA
28077,NA
28079,NA
28081,NA
28083,1.22083798677811
28085,NA
28087,1.03179774498276
28089,NA
28091,NA
28093,1.01387708024194
28095,0.8845044
28097,NA
28099,NA
28101,NA
28103,1.08074485071228
28105,NA
28107,1.13967789997614
28109,NA
28111,NA
28113,NA
28115,NA
28117,NA
28119,1.23668409241699
28121,NA
28123,NA
28125,1.21031663497437
28127,NA
28129,NA
28131,NA
28133,1.23075459308319
28135,1.28787577292358
28137,1.11267902075058
28139,NA
28141,NA
28143,1.24150595408405
28145,NA
28147,NA
28149,1.18801656252136
28151,1.26338332933212
28153,NA
28155,NA
28157,NA
28159,NA
28161,NA
28163,1.19175328409241
29001,1.35502519041626
29003,1.18029449024994
29005,1.43270271659729
29007,1.4301697413739
29009,0.592585546099548
29011,1.27483704469666
29013,1.34902147782227
29015,1.18076572455353
29017,0.999964210132446
29019,1.27930778368683
29021,1.13025154934021
29023,1.18362695805603
29025,1.15098610094238
29027,1.22628201995789
29029,NA
29031,1.20772033017944
29033,1.25749088471893
29035,NA
29037,1.27832216099457
29039,1.01509981853979
29041,1.37819341439728
29043,0.50348712
29045,1.46150438281677
29047,1.2232629816214
29049,1.05089836768463
29051,1.01172014251785
29053,1.31939585234955
29055,NA
29057,1.23156711494659
29059,0.393113072434387
29061,1.21598148245117
29063,1.23666782744507
29065,NA
29067,NA
29069,1.09740015600754
29071,0.992830912541504
29073,0.901732491854401
29075,1.23612635960846
29077,0.469485555233841
29079,1.29822806418671
29081,1.18258619883926
29083,1.1900618308313
29085,0.609829254057312
29087,1.22567730906555
29089,1.1740988682904
29091,0.89422424340271
29093,NA
29095,1.36341898872498
29097,1.07477894552643
29099,0.849297025484161
29101,1.28851953359106
29103,1.42257758123993
29105,0.595343903654633
29107,1.31601588736481
29109,0.894608304378052
29111,1.50733954088348
29113,1.28750500077637
29115,1.24063706890198
29117,1.31445147391632
29119,NA
29121,1.396455794086
29123,NA
29125,0.62797291675415
29127,1.52525874696777
29129,1.09510069560181
29131,0.640698682696838
29133,1.57136482063599
29135,1.12603106597656
29137,1.45160083174713
29139,1.2833658595755
29141,1.05677873469101
29143,1.36629638338043
29145,0.772003716006927
29147,1.17054222072235
29149,NA
29151,0.696876952699432
29153,NA
29155,1.16229139843811
29157,1.1834104262915
29159,1.24867523532989
29161,0.5443104
29163,1.39365153989471
29165,1.20695103161377
29167,0.725336825241623
29169,NA
29171,1.20444876950226
29173,1.44107903871277
29175,1.3425800644519
29177,1.2795057664621
29179,NA
29181,0.862951036835174
29183,1.20028808586517
29185,1.16813791180878
29186,1.1222634236557
29187,0.75814664340271
29189,1.15841457316742
29195,1.25038262480286
29197,1.16999638210712
29199,1.40836741166809
29201,1.2972227158902
29203,NA
29205,1.47576637535767
29207,1.35391756313141
29209,NA
29211,1.35321614486877
29213,0.680388
29215,NA
29217,1.32374756289093
29219,1.15559740216598
29221,NA
29223,0.904251685109558
29225,0.514706221796112
29227,1.0886208
29229,NA
30001,1.38709902292358
30003,0.83278929452858
30005,0.718879575152588
30007,1.01926386245087
30009,0.634655640016479
30011,0.406268771115322
30013,0.827591861682434
30015,0.776419645069771
30017,0.4761362546698
30019,0.640815479037781
30021,0.640805780615692
30023,NA
30025,0.561254659442749
30027,0.863156555137329
30029,1.52668746902283
30031,1.37345307484589
30033,0.591991312271576
30035,0.609069727452164
30037,0.465542597279434
30039,NA
30041,0.670999776015549
30043,0.845605456513367
30045,0.732229898713989
30047,1.38741490944214
30049,0.802136116477203
30051,0.542545243381243
30053,NA
30055,0.703259050831757
30057,1.25116810182465
30059,0.681966870240021
30061,1.53314097730316
30063,0.994302468573151
30065,0.422775285442352
30067,0.811381334156647
30069,0.409004278764038
30071,0.718603693543701
30073,0.797189471329803
30075,0.449284797516098
30077,NA
30079,0.608015164638214
30081,1.20116009599823
30083,0.756750676232605
30085,0.763648088472748
30087,0.663862433810577
30089,0.712911898122986
30091,0.70635266579483
30093,NA
30095,0.432653634457092
30097,0.489746878343048
30099,0.808812225606003
30101,0.567151434172134
30103,1.41487893744934
30105,0.759090366489105
30107,0.395560792817574
30109,0.569139467949219
30111,0.576195498271942
31001,1.10492551728607
31003,0.530249041943893
31005,NA
31007,0.717106113556976
31009,NA
31011,1.11047897565994
31013,1.10477694368881
31015,0.710163072879639
31017,2.041164
31019,1.08508616205353
31021,NA
31023,1.11284887723663
31025,1.23576604722244
31027,NA
31029,1.10734481938919
31031,1.14638587374222
31033,0.819355426977081
31035,1.1842702896051
31037,1.361626485
31039,NA
31041,0.975299020426941
31043,NA
31045,0.866352630771942
31047,1.12172686991699
31049,0.884283118517609
31051,NA
31053,NA
31055,1.08521886
31057,0.853119795677948
31059,1.14455720640945
31061,1.09660787019165
31063,1.08466807441086
31065,1.12078833777908
31067,1.20403325137909
31069,0.979479464274597
31071,NA
31073,1.17533944441757
31075,NA
31077,0.984007597851868
31079,1.21085296377197
31081,1.22941427288086
31083,1.21716135043579
31085,0.840720921064606
31087,0.820833843712311
31089,0.915618028159485
31091,NA
31093,0.893006593964691
31095,1.17895410083496
31097,1.15057864609253
31099,1.16385228204163
31101,1.03138367167358
31103,1.33900360476379
31105,0.627965779199982
31107,1.1629664639856
31109,1.28798573451569
31111,0.916715126470489
31113,0.907806567755127
31115,NA
31117,0.9525432
31119,1.16837740486877
31121,1.13371721688446
31123,0.963828538298798
31125,1.10797055362289
31127,1.26933207843323
31129,1.11044513932739
31131,1.26788742016632
31133,1.31742497033142
31135,0.925035247917023
31137,1.18576356975616
31139,1.32751257513123
31141,1.06833517027451
31143,1.25640693508044
31145,0.969574546255188
31147,1.24814209031403
31149,NA
31151,1.10715502966095
31153,1.0886208
31155,1.2556918230957
31157,0.940218261796265
31159,1.13951113729538
31161,0.922180814557037
31163,0.840642658864593
31165,0.795831488925247
31167,1.35300011489593
31169,1.11712838168457
31171,NA
31173,NA
31175,1.01064102219177
31177,1.07436506428235
31179,0.957986324763794
31181,1.11365968608704
31183,NA
31185,1.33007129745911
32001,NA
32003,NA
32005,NA
32007,NA
32009,NA
32011,NA
32013,2.05359265335449
32015,NA
32017,NA
32019,1.4968536
32021,NA
32023,NA
32027,1.21402597861794
32029,NA
32031,NA
32033,NA
32510,NA
33001,NA
33003,NA
33005,NA
33007,NA
33009,NA
33011,NA
33013,NA
33015,NA
33017,NA
33019,NA
34001,NA
34005,1.23301888481293
34007,NA
34009,NA
34011,1.17133526787735
34015,1.10259339716278
34019,1.14709572729614
34021,1.06730915335144
34023,1.17914774916824
34025,1.09024684731018
34027,NA
34029,NA
34033,1.24299614735107
34035,1.07662510635559
34037,NA
34041,1.19137683650818
35001,NA
35003,NA
35005,0.631248872434387
35006,NA
35007,0.416892288355408
35009,0.326352123897476
35011,0.181014221646166
35013,1.37978362685974
35015,NA
35017,NA
35019,0.121133803411617
35021,NA
35023,2.4191572410498
35025,0.19914261808794
35027,NA
35029,1.57845481187402
35031,NA
35033,NA
35035,NA
35037,0.227445537976856
35039,0.308442551348419
35041,0.2247368740205
35043,0.230787597141724
35045,1.88077383142517
35047,NA
35049,0.418850962993011
35051,NA
35053,NA
35055,NA
35057,0.164239066542664
35059,0.661625234506149
35061,NA
36001,NA
36003,1.4362990576181
36007,NA
36009,1.30691193269684
36011,1.40295659190704
36013,1.24365205829864
36015,NA
36017,NA
36019,NA
36021,1.15633561214117
36023,1.28253138
36025,NA
36027,NA
36029,1.37247572306488
36031,0.941203417303161
36033,NA
36035,NA
36037,1.49844261854431
36039,NA
36043,NA
36045,1.28427424960587
36049,NA
36051,1.50402475690857
36053,1.23685307509338
36055,1.37397661660706
36057,1.23830617730316
36063,1.3691158816571
36065,1.29075545159637
36067,1.25897790112549
36069,1.39009378492432
36071,NA
36073,1.40175756932251
36075,1.24465645492126
36077,NA
36079,NA
36083,1.12555616340271
36089,NA
36091,NA
36093,NA
36095,NA
36097,1.3206330976181
36099,1.47437094458557
36101,1.2468496479599
36103,1.03613371829864
36105,NA
36107,NA
36109,1.10693830756165
36111,1.04326159134842
36113,NA
36115,0.921547735131225
36117,1.42056454872009
36119,NA
36121,1.45883671978332
36123,1.36006195042938
37001,0.926809678489685
37003,0.519804801679916
37005,NA
37007,0.89793988539711
37009,NA
37011,NA
37013,1.16878755901184
37015,0.62137461129158
37017,0.790271675965271
37019,0.678184836879639
37021,NA
37023,1.0886208
37025,0.899619161558227
37027,0.924582484738464
37029,1.12730891311386
37031,0.840806861542587
37033,0.614419095034714
37035,1.03766751380264
37037,0.754229250869598
37039,NA
37041,0.755144934182587
37043,NA
37045,0.975221510914459
37047,0.825898262829285
37049,0.862494311232605
37051,0.918729993125458
37053,1.18531417204254
37057,0.823356705237732
37059,0.875665399994354
37061,0.789250075674209
37063,0.70533556
37065,0.853832097629242
37067,0.815826862440338
37069,0.975101392366485
37071,0.580553282223053
37073,1.11107170411285
37077,0.519274433821487
37079,1.01427242806961
37081,1.0193047844281
37083,0.29577899892334
37085,0.830196203795929
37087,0.498951217303162
37089,NA
37091,0.445626234326095
37093,1.02554991073303
37095,1.28441590193848
37097,0.824103051159515
37101,1.02423642773437
37103,0.977331605519409
37105,0.42127794769989
37107,0.799156702380829
37109,0.824778990516662
37111,NA
37115,NA
37117,0.747519612539367
37119,0.977071305407562
37121,NA
37123,0.624948981622925
37125,0.676333168454132
37127,0.403777359167595
37129,NA
37131,0.518501713014879
37133,0.737788651855316
37135,0.765921447059173
37137,1.07313129521896
37139,1.16834612075256
37141,0.853895989553528
37143,1.22749500619385
37145,0.954700039096069
37147,0.96764571957138
37149,0.7484268
37151,0.773593322858734
37153,0.769044624473877
37155,1.0379200101886
37157,0.766252162387237
37159,1.03110362000275
37161,0.741274001745911
37163,0.954545366134338
37165,0.842309554613571
37167,0.975294781152344
37169,0.726557186950226
37171,0.953980651500091
37173,NA
37175,NA
37177,1.20997760547714
37179,1.23666852822311
37181,0.951673404671631
37183,0.72521607080246
37185,0.835418691620102
37187,1.21089133353287
37189,NA
37191,1.01293672781143
37193,0.59874144
37195,0.932193565879669
37197,0.920542646382141
37199,NA
38001,0.581948061963692
38003,1.13998462966156
38005,0.802768192319641
38007,0.633276555541168
38009,0.856310775531464
38011,0.627247330300522
38013,0.715081621153198
38015,0.801667957810593
38017,1.19454029741345
38019,0.974917909640656
38021,1.16757064149756
38023,0.741549499224609
38025,0.751928561939392
38027,0.841534081414673
38029,0.771841095486774
38031,0.90169438164093
38033,0.677011089023285
38035,1.12217554781909
38037,0.588160193302307
38039,1.01203271548096
38041,0.83887088432724
38043,0.774915721311417
38045,0.97015492544165
38047,0.779171314952888
38049,0.770761911355286
38051,0.836244519614792
38053,0.741353492470398
38055,0.864702687795563
38057,0.7681901164888
38059,0.639522958819427
38061,0.707774634425903
38063,0.921865559603882
38065,0.817910837922821
38067,1.13152920614273
38069,0.849307294910583
38071,0.785256207492523
38073,1.22084976157959
38075,0.812869492571869
38077,1.2568750392421
38079,0.923232370946655
38081,1.1445134553653
38083,0.807961693022308
38085,0.463541761731188
38087,0.727974592737579
38089,0.815409769729462
38091,1.09051800083015
38093,0.936113761524963
38095,0.869489045105285
38097,1.19306365944324
38099,1.10155695508484
38101,0.882804770995025
38103,0.890178504668274
38105,0.757197727637512
39001,1.17088324008316
39003,1.8313834273465
39005,1.4458731910968
39007,1.414624632883
39009,0.945285734921265
39011,1.8878196269278
39013,NA
39015,1.45450208746246
39017,1.49858474671387
39019,1.36268092236603
39021,1.7773693762384
39023,1.73100283807831
39025,1.3129573632135
39027,1.64112914382233
39029,1.42845328504425
39031,1.41123451094238
39033,1.83121420242584
39035,NA
39037,1.89813217282867
39039,1.61101482515594
39041,1.74021305146179
39043,1.75982898827148
39045,1.77951929406982
39047,1.77352869727234
39049,1.85029782477142
39051,1.97411419680878
39053,NA
39055,1.47969959163208
39057,1.59586396920258
39059,NA
39061,NA
39063,1.88834605831696
39065,1.70315715423523
39067,NA
39069,1.93709223108215
39071,1.54726075515869
39073,NA
39075,1.53956517402771
39077,1.76059880593201
39079,1.0102730704599
39081,NA
39083,1.44475750053864
39085,NA
39087,NA
39089,1.59231330852844
39091,1.77863626182281
39093,1.45788341939697
39095,1.97618332617859
39097,1.93941630523529
39099,1.37004942183289
39101,1.76876686719421
39103,1.436975559328
39105,1.23830616
39107,1.94873847007446
39109,1.87227858467987
39111,NA
39113,1.58649868488464
39115,NA
39117,1.65354705191345
39119,1.27578598468628
39121,NA
39123,1.69756735057037
39125,1.70698151631989
39127,1.37200256811035
39129,1.78290752996582
39131,1.37562081493378
39133,1.29324816236267
39135,1.63169746727325
39137,1.82890549348022
39139,1.59172152309784
39141,1.64754195506653
39143,1.81157108234924
39145,1.36135254826648
39147,1.7550885102948
39149,1.83065884015045
39151,1.42002527838501
39153,NA
39155,1.5350611783609
39157,1.19309185667541
39159,1.70495569676361
39161,1.98084777406311
39163,NA
39165,1.48211376334778
39167,1.06943226858551
39169,1.65401148607452
39171,1.71209101882446
39173,1.95388024297546
39175,1.72154126166595
40001,0.27202559823801
40003,0.852495739850922
40005,0.136239596524887
40007,0.471613387742348
40009,0.470134765532074
40011,0.620386297957687
40013,0.251944588131714
40015,0.587437846865692
40017,0.67287484610199
40019,0.11307212955719
40021,0.154221280540724
40023,0.43680106170948
40025,0.626994466222382
40027,0.371454043187332
40029,0.170097
40031,0.436490995541916
40033,0.397680985980225
40035,0.807233852831879
40037,0.318818223508682
40039,0.70178109263031
40041,0.652524493900452
40043,0.580807759821014
40045,0.43544832
40047,0.795488060099182
40049,0.220285079829407
40051,0.518854261147842
40053,0.790805218953857
40055,0.553542121213379
40057,0.336187271243439
40059,0.457244299445496
40061,0.319869584156284
40063,0.28596992744194
40065,0.61699964962677
40067,0.151430795881023
40069,0.173197580567074
40071,0.820183391912231
40073,0.684872460397339
40075,0.660321609983826
40077,NA
40079,0.604411331348419
40081,0.242513404722748
40083,0.505840501383133
40085,0.212128648454704
40087,0.274021657437744
40089,0.354339416815262
40091,0.532879884714569
40093,0.619418631621399
40095,0.242787175345917
40097,0.604696054872894
40099,0.156883922088524
40101,0.535589057167587
40103,0.759318967208862
40105,0.399728365275879
40107,0.183855956107693
40109,0.531706257980347
40111,0.388568143975868
40113,0.477044722564392
40115,0.912891759317627
40117,0.4912099558255
40119,0.30422012570488
40121,0.216954431018181
40123,0.0906030392807484
40125,0.519079345
40127,NA
40129,0.425793289914932
40131,0.445963710864563
40133,0.298488736757164
40135,0.684358409420318
40137,0.156906652819366
40139,0.812948191676712
40141,0.599955676389389
40143,0.527354698841629
40145,0.660149979923706
40147,0.719882570219116
40149,0.638520327119293
40151,0.772018034373169
40153,0.497350008681488
41001,2.41814884739685
41003,2.25724649139551
41005,2.13627878730469
41007,NA
41009,1.96405339460632
41011,NA
41013,2.19788800929687
41015,NA
41017,2.29034504827972
41019,1.56829434
41021,0.844294733368988
41023,1.25077993134842
41025,1.44786565015747
41027,NA
41029,1.44061181182141
41031,2.48135532423828
41033,2.02755624
41035,1.99343239811645
41037,1.45149436539368
41039,2.44550371321802
41041,NA
41043,2.25324336688751
41045,2.74931409226929
41047,2.30068868796204
41049,0.825546818313599
41051,2.2801477587384
41053,2.30674742460999
41055,1.10720819362503
41057,NA
41059,1.36505180157135
41061,2.02561174530334
41063,1.48885279109802
41065,1.1224453404454
41067,2.33675643623474
41069,1.1485597478009
41071,2.25412169267456
42001,1.23030266910797
42003,0.966906935131225
42005,1.16818210408356
42007,1.02409527546313
42009,1.27272235610229
42011,1.44028364697937
42013,NA
42015,NA
42017,1.41632491075653
42019,1.13582875630341
42021,1.33401986163788
42023,NA
42025,1.4968536
42027,1.38732308156342
42029,1.654657430401
42031,0.9525432
42033,NA
42035,1.34481748437164
42037,1.37312104447754
42039,1.12794192332703
42041,1.26977616407623
42043,1.18873035254456
42045,NA
42047,NA
42049,1.16267149698944
42051,1.09894345786853
42053,NA
42055,1.46935202413208
42057,1.18215316126495
42059,NA
42061,1.21416349116913
42063,1.24265664201691
42065,NA
42067,1.19474863440063
42069,1.35096618015686
42071,1.5641326700827
42073,1.2644194859079
42075,1.39762271930572
42077,1.37504282012299
42079,1.16394772628113
42081,1.11707211180298
42083,NA
42085,1.27219807030518
42087,1.4061352
42089,1.16774739675415
42091,1.32761336604767
42093,1.19003523587189
42095,1.37078579248199
42097,1.40691937928467
42099,1.12318381342865
42101,NA
42103,NA
42105,1.33372248950226
42107,1.23835569895172
42109,1.1361956179361
42111,NA
42113,NA
42115,NA
42117,NA
42119,1.27574333239288
42121,NA
42123,NA
42125,1.02038544992651
42127,NA
42129,1.2239367321286
42131,NA
42133,1.35499025533295
44001,NA
44003,NA
44005,NA
44007,NA
44009,NA
45001,0.590479597764702
45003,0.789240009559936
45005,1.02343907209213
45007,0.798275638368454
45009,0.991987781385193
45011,0.896609255830444
45013,NA
45015,1.19892284911011
45017,1.29488293046631
45019,NA
45021,0.739581761190948
45023,1.00693438216721
45025,1.15883817878833
45027,1.34764452682678
45029,0.700717004425888
45031,1.12655580165588
45033,1.18707469952484
45035,0.906466913724518
45037,0.773810518632088
45039,NA
45041,1.0696040024646
45043,0.941986876776306
45045,1.01813259904724
45047,NA
45049,1.01255140370529
45051,1.10061388951859
45053,NA
45055,1.10241455168426
45057,0.94914126
45059,0.571951603730621
45061,1.2236265037439
45063,0.850339072056152
45065,NA
45067,1.05688235467438
45069,1.23837902361359
45071,1.03090199491196
45073,0.968521112472534
45075,1.24108233981155
45077,NA
45079,1.24137684827393
45081,0.725239079681625
45083,0.700572834483261
45085,1.21891089041046
45087,NA
45089,1.10102304007828
45091,0.772150659646362
46003,1.06355496207584
46005,1.05987857014069
46007,0.598815484554367
46009,0.940543068094635
46011,1.33068777450134
46013,1.23638797476059
46015,0.999256203691025
46017,0.699609013774643
46019,0.448634356963074
46021,0.854516116697708
46023,1.11576814121742
46025,1.18162468810272
46027,1.25679874787219
46029,1.23509087612567
46031,0.535752906644794
46033,0.560847147492462
46035,1.10650947465561
46037,1.29021728866364
46039,1.38987131817535
46041,0.555083718280373
46043,1.14437208853485
46045,1.16475141055473
46047,0.655309411808624
46049,1.23799314580627
46051,1.35531223256439
46053,0.803495634537353
46055,0.672354332394104
46057,1.3249232400498
46059,0.890722161354828
46061,1.10760564724747
46063,0.411727945642967
46065,0.783193192627449
46067,1.0779134997699
46069,0.807938216957779
46071,0.391833480273239
46073,0.798998573112564
46075,0.733341753161224
46077,1.17901275855286
46079,1.21248323305359
46081,0.391903488
46083,0.997902434606323
46085,0.869909291317367
46087,1.01035087412613
46089,0.968133676515518
46091,1.14580136083044
46093,0.548356666480865
46095,0.710424752918625
46097,1.0544363451413
46099,1.09315672346063
46101,1.31947920167908
46103,0.698872764247665
46105,0.527641569039593
46107,1.00635896120171
46109,1.30000355890381
46111,1.13459592766685
46113,0.618037807962055
46115,1.28569883620529
46117,0.617789703334808
46119,0.882399961366005
46121,0.781377830128235
46123,0.849478449133758
46125,1.36547546948364
46127,0.97975872
46129,0.92651513542099
46135,0.949657499826965
46137,0.617504423946266
47001,NA
47003,0.630586157018509
47005,0.739354968651581
47007,0.474353700262756
47009,0.554626531981125
47011,NA
47013,NA
47015,0.534891683518982
47017,1.04317245411133
47019,NA
47021,NA
47023,0.939489591054077
47025,NA
47027,NA
47029,NA
47031,0.883370428651581
47033,0.385992509970398
47035,0.494827631644592
47037,NA
47039,0.93893544
47041,0.648985460950928
47043,NA
47045,1.11910852089416
47047,0.796043033053436
47049,NA
47051,1.2511768226181
47053,1.18448168233063
47055,0.258896358254089
47057,1.05838134486877
47059,0.21030173955574
47061,0.91292949405249
47063,0.505431078298645
47065,NA
47067,NA
47069,0.953751375957031
47071,0.970056889188537
47073,NA
47075,0.489704939805069
47077,0.695662807151642
47079,1.14266710420135
47081,0.867332690497742
47083,NA
47085,0.73992195
47087,NA
47089,0.460570330475464
47091,NA
47093,NA
47095,1.21102476686371
47097,1.00699272842819
47099,0.937922564828186
47101,NA
47103,0.784860475534668
47105,0.322981162612885
47107,0.283120053465042
47109,0.936526466154053
47111,0.467415755366516
47113,0.960999929907532
47115,0.776789952194519
47117,0.418139878319138
47119,0.572110797143326
47121,NA
47123,0.301232518561478
47125,1.26500589005524
47127,NA
47129,NA
47131,1.2804187850882
47133,NA
47135,0.635028817303162
47137,NA
47139,0.592460716765823
47141,NA
47143,0.322806303782806
47145,NA
47147,1.44781550559509
47149,0.520287979490814
47151,NA
47153,0.861824782696838
47155,NA
47157,1.08409219923737
47159,0.842164221033325
47161,NA
47163,1.2246984
47165,0.961508807239227
47167,1.06090923296265
47169,NA
47171,NA
47173,NA
47175,NA
47177,0.499394537281265
47179,NA
47181,NA
47183,1.24245262043823
47185,0.557679441256485
47187,0.546016565274277
47189,0.87089664
48001,0.596851467565613
48003,0.190526394125271
48005,NA
48007,NA
48009,0.179132302887247
48011,0.411112348899078
48013,0.367751706242771
48015,NA
48017,0.266749095350494
48019,NA
48021,0.126021892497196
48023,0.259790036271286
48025,0.347584690771637
48027,0.763896449403076
48029,0.605645301993637
48031,NA
48033,0.0962864598090219
48035,0.457714300898819
48037,0.397245184225845
48039,0.758395860839538
48041,0.352200845532074
48045,0.21744864067606
48047,NA
48049,0.179730289743938
48051,0.496219151902161
48053,0.19793106044426
48055,0.364521045264999
48057,NA
48059,0.223078964019642
48061,NA
48063,NA
48065,0.538656200456276
48067,NA
48069,0.481183686407852
48071,0.246103113901327
48073,NA
48075,0.302691443285141
48077,0.215402930054054
48079,0.2413962855723
48081,0.120318987257128
48083,0.323925087281113
48085,0.927148050466766
48087,0.222619155209961
48089,0.28349499567421
48091,NA
48093,0.123566275924349
48095,0.330407398566499
48097,0.647735528139114
48099,0.791357034081116
48101,0.158333197920399
48107,0.177379537359924
48109,0.583896625066223
48111,0.798111669283142
48113,0.786696289073181
48115,0.135373989102354
48117,0.458186917292442
48119,1.04085714400955
48121,0.566152025185852
48123,0.527128888256683
48125,0.145457417892246
48127,0.48599144340271
48129,0.340211575686417
48131,0.32658624
48133,0.118263563072767
48135,NA
48137,0.285114973900452
48139,0.720955409497528
48141,0.277214497381134
48143,0.103513783591299
48145,0.496161696753998
48147,0.542415197685013
48149,NA
48151,0.0868870750825536
48153,0.332738264480934
48155,0.368100688302269
48157,0.432246491064148
48159,0.230683929574661
48161,NA
48163,0.526686126305542
48165,0.286266722084541
48167,NA
48169,0.23268278647934
48171,0.491179372487335
48173,0.142946836204338
48175,NA
48177,NA
48179,0.417043864051208
48181,0.743388015516968
48183,NA
48185,NA
48187,0.706424884865646
48189,0.410370125455551
48191,0.128553114694023
48193,0.359056423053207
48195,0.520961680251427
48197,0.338131696727447
48199,0.574549855131225
48201,NA
48203,NA
48205,0.839539841858673
48207,0.385537750439568
48209,0.443638800968719
48211,0.314848335346107
48213,0.161075228861046
48215,NA
48217,0.895916224410248
48219,0.187901322824154
48221,0.0970148107130814
48223,0.172542187632904
48225,0.138929886686497
48227,0.0811643452181911
48229,1.06387938986755
48231,0.741261521840591
48233,0.466363524153595
48235,0.137003031481667
48237,0.0596791286628771
48239,0.42864444
48241,NA
48245,NA
48247,NA
48249,0.439077065516739
48251,0.463889842539291
48253,0.269855478965397
48255,0.478984830909576
48257,0.361245203785629
48259,NA
48261,NA
48263,0.116546536279507
48265,NA
48267,0.120655472108145
48269,0.15504978133316
48271,0.243510175842041
48273,0.680388
48275,0.410047196550217
48277,0.909475751847229
48279,0.266446665284443
48281,0.4263474452948
48283,0.457944662215271
48285,NA
48287,NA
48289,NA
48291,0.544310387022629
48293,0.266142065834503
48295,0.431466570520134
48297,0.143198929210339
48299,0.62206904340271
48303,0.200629967580357
48305,0.153386285655441
48307,0.495749641426048
48309,0.886878653321838
48311,0.317867848654381
48313,NA
48315,NA
48317,0.0862221642604542
48319,0.154518734325638
48321,NA
48323,NA
48325,0.570464743052521
48327,0.336231912535263
48329,0.0950736176759529
48331,0.557684065526428
48333,0.255643766167831
48335,0.114091831907711
48337,0.139073509416637
48339,NA
48341,0.657847577980499
48343,NA
48345,0.101461761100368
48347,NA
48349,0.269297474713516
48351,NA
48353,0.224516744279804
48355,NA
48357,0.515896095333939
48359,0.309924503876581
48361,NA
48363,0.107812372345057
48365,NA
48367,0.0879075814217758
48369,0.503321048580551
48371,0.314955671183433
48373,NA
48375,0.404339731386337
48377,NA
48379,0.180564507068396
48381,0.285335545953217
48383,0.106993128608906
48385,NA
48387,0.187484901692238
48389,0.422834218929386
48391,NA
48393,0.458027284812012
48395,0.218166117354126
48397,0.822523462838287
48399,0.40265737931788
48401,NA
48403,NA
48405,NA
48407,NA
48409,NA
48411,0.487179820217056
48413,0.186707344651957
48415,0.0886788647141599
48417,0.309749642991753
48419,NA
48421,0.794088338143005
48423,NA
48425,NA
48427,NA
48429,0.0933548757067966
48431,0.11551107237092
48433,0.255434649889507
48435,0.19036496752327
48437,0.303763137310543
48439,0.466761972707825
48441,0.378129875465546
48445,0.251190847271233
48447,0.356982813786707
48449,NA
48451,0.376454715293999
48453,0.431476132679825
48455,NA
48457,NA
48459,NA
48461,0.219952174029226
48463,0.539229214119415
48465,NA
48467,0.156977686191032
48469,0.230285165237732
48471,NA
48473,NA
48477,0.448408093900452
48479,NA
48481,0.1720018899226
48483,0.191949109820347
48485,0.49543302601181
48487,0.492172033240585
48489,NA
48491,0.47562316401825
48493,0.429501495875626
48497,0.245657131804771
48499,0.183498582014809
48501,0.303229314227028
48503,0.191866327169361
48505,NA
48507,0.487234171610603
49001,NA
49003,1.20894309270172
49005,1.13818132876373
49007,NA
49009,NA
49011,2.08573605841406
49013,NA
49015,NA
49017,NA
49019,NA
49021,1.65107491460632
49023,0.719460983012009
49025,NA
49027,1.2874827575621
49029,1.47417403460632
49031,NA
49033,2.42218128
49035,0.57557916830658
49037,0.43103679891758
49039,0.445915815713196
49041,NA
49043,0.39311305296833
49045,0.915970953825806
49047,0.69399576
49049,0.790049235171051
49051,NA
49053,NA
49055,NA
49057,2.04977066180298
50001,NA
50003,NA
50005,NA
50007,NA
50009,NA
50011,NA
50013,NA
50015,NA
50017,NA
50019,NA
50021,NA
50023,NA
50025,NA
50027,NA
51001,1.41335163928253
51003,0.7484268
51005,NA
51007,1.17379198806747
51009,NA
51011,1.09256030424335
51015,1.23825953663101
51017,NA
51019,1.03328257253937
51021,NA
51023,1.0886208
51025,0.740038829396118
51027,NA
51029,NA
51031,0.858609781729202
51033,1.69575231812897
51035,NA
51036,1.738141568862
51037,0.76290639710144
51041,1.16126030303711
51043,1.19512419606299
51045,NA
51047,1.16043226023773
51049,NA
51051,NA
51053,1.21080211843155
51057,1.51232837113892
51059,NA
51061,1.01749055658371
51063,NA
51065,NA
51067,0.400780927411766
51069,1.25547781759277
51071,NA
51073,1.59087006566016
51075,1.27932994903687
51077,NA
51079,NA
51081,1.18523001984631
51083,0.80528526161171
51085,1.62433813848206
51087,1.49676445411133
51089,NA
51091,NA
51093,1.21863789842957
51095,1.48090228248688
51097,1.56570807103882
51099,1.54047146172394
51101,1.66918518220123
51103,1.51362960349915
51105,NA
51107,1.22244504386841
51109,0.949498332369003
51111,0.573888372565613
51113,1.16453932137695
51115,NA
51117,0.622913052694473
51119,1.5652187722345
51121,NA
51125,NA
51127,1.43699772467804
51131,1.50841261375458
51133,1.6437595531488
51135,NA
51137,1.08876036730164
51139,NA
51141,NA
51143,0.657876418025131
51145,1.14305184
51147,0.809409751360474
51149,1.62982159691559
51153,1.00407628918854
51155,1.51953316539368
51157,NA
51159,1.70950596108459
51161,NA
51163,NA
51165,1.11802509208084
51167,NA
51169,NA
51171,1.20409236936108
51173,NA
51175,0.891826483735809
51177,1.39592936269684
51179,NA
51181,1.42799313341568
51183,1.22018669577469
51185,NA
51187,NA
51191,NA
51193,1.68151750885498
51195,NA
51197,NA
51199,NA
51515,NA
51520,NA
51530,NA
51540,NA
51550,1.47995603313889
51570,NA
51590,NA
51595,NA
51620,NA
51630,NA
51640,NA
51660,NA
51680,NA
51690,NA
51700,NA
51730,NA
51750,NA
51770,NA
51775,NA
51790,NA
51800,1.36887915710297
51810,1.2872177509903
51820,NA
51830,NA
51840,NA
53001,1.32654107181885
53003,1.16637863015411
53005,0.976392623499298
53007,NA
53009,NA
53011,NA
53013,1.79856311914368
53015,NA
53017,1.18082839660492
53019,NA
53021,1.43487272339935
53023,1.52921660294434
53025,1.93382008209747
53027,NA
53029,NA
53031,NA
53033,NA
53035,NA
53037,NA
53039,0.805064304563599
53041,NA
53043,1.53347987702667
53045,NA
53047,1.1807628522287
53049,NA
53051,NA
53053,NA
53055,NA
53057,2.63174246586731
53059,NA
53061,2.53039532199097
53063,1.719133699758
53065,1.39876384551147
53067,NA
53069,NA
53071,1.94447879504974
53073,NA
53075,1.94859893737915
53077,1.59632997795135
54001,NA
54003,1.11281238486877
54005,NA
54007,NA
54009,NA
54011,NA
54013,NA
54015,NA
54017,NA
54019,NA
54021,NA
54023,NA
54025,NA
54027,NA
54029,NA
54031,NA
54033,NA
54035,NA
54037,1.25733068339706
54039,NA
54041,NA
54043,NA
54045,NA
54047,NA
54049,NA
54051,NA
54053,0.86020484340271
54055,NA
54057,NA
54061,NA
54063,NA
54065,NA
54067,NA
54069,NA
54071,NA
54073,NA
54075,NA
54077,NA
54079,NA
54081,NA
54083,NA
54085,NA
54087,NA
54089,NA
54091,NA
54093,NA
54095,NA
54097,NA
54099,NA
54101,NA
54103,NA
54105,NA
54107,NA
54109,NA
55001,0.776549498809051
55003,NA
55005,1.17065174108383
55007,NA
55009,1.56254508770081
55011,NA
55013,1.2076887
55015,1.56361103166931
55017,NA
55019,0.946516924083252
55021,1.6412313189917
55023,NA
55025,1.73907279041412
55027,1.6600561898584
55029,1.55702081110901
55031,NA
55033,1.10478368759605
55035,NA
55037,NA
55039,1.62497633099213
55041,NA
55043,1.40601371450226
55045,1.62040686016174
55047,1.59719733353394
55049,1.42849079829864
55051,NA
55053,NA
55055,1.49728716532074
55057,0.89963029181694
55059,1.80098445436829
55061,1.57312413689697
55063,NA
55065,1.39560536964706
55067,1.53525232638733
55069,NA
55071,1.61711604106567
55073,1.12893728769928
55075,1.12169522243439
55077,1.04946167319786
55078,NA
55079,1.52406912
55081,1.32092472510406
55083,1.33346162703766
55085,NA
55087,1.51601314861877
55089,1.68381564556885
55091,NA
55093,1.360776
55095,1.05820917148938
55097,NA
55099,NA
55101,1.83711475357025
55103,NA
55105,1.68952819786224
55107,NA
55109,1.61183915642715
55111,1.43580586560242
55113,NA
55115,1.36286329768951
55117,1.61188083109192
55119,NA
55121,1.3144087870166
55123,1.21727082753937
55125,NA
55127,1.58359592379425
55129,1.38172760246155
55131,1.61309693189697
55133,1.34716824
55135,1.09219298580719
55137,0.915314924351578
55139,1.50748893638092
55141,NA
56001,NA
56003,1.3777857
56005,0.34068091421236
56007,NA
56009,NA
56011,0.367166742583637
56013,1.60571568
56015,0.545245834871979
56017,NA
56019,NA
56021,0.65317066316803
56023,NA
56025,0.174914557073021
56027,0.383071286406555
56029,NA
56031,0.471366568956299
56033,0.320924271336708
56035,NA
56037,NA
56039,NA
56041,NA
56043,NA
56045,0.225550845023689
